report_id,coingecko_id,token_symbol,report_date,price_usd,return_24h,volume_24h_usd,market_cap_usd,market_cap_rank,category,primary_exchange,momentum_30d_pct,drawdown_from_peak_pct,press_gdelt,press_yahoo,press_release,press_opinion,press_conflict,news_count_10d,news_delta,news_headlines_10d,hist_prices_30d,price_usd_t90,return_90d,positive_90d_return,base_score,invest_score,model_decision,did_invest,position_open,entry_price,position_days,unrealized_pnl_pct,should_close,did_close,realized_pnl_pct,allocation_pct,position_value_usd,paper_return_24h
bitcoin_2026-05-24,bitcoin,BTC,2026-05-24T00:00:00Z,76684.37097078416,1.5977927275058423,30932098861.218105,1536256575896.3174,1,Layer 1 (L1),binance,-2.0325113180396426,-6.503421221952577,NULL,NULL,NULL,none,none,0,0.0,NULL,"[78275.32582746, 77447.61757992, 77634.51592193, 78637.7435615, 77366.78442217, 76331.8644347, 75784.95743625, 76296.79648443, 78207.7642549, 78677.42463272, 78512.09246456, 79825.87511296, 80913.96137493, 81436.85936825, 80024.90767231, 80197.2669977, 80677.64981724, 82018.37112439, 81627.56604995, 80482.14377829, 79288.84208656, 81059.11595417, 79068.66840414, 78132.75351269, 77428.51866052, 76959.40571528, 76758.73155866, 77470.39614899, 77550.3830832, 75478.38285863]",78317.77716345884,0.021300379360182697,1,99.31,99.31,Invest,N/A,N/A,N/A,N/A,N/A,N/A,N/A,N/A,N/A,N/A,N/A
bitcoin_2026-05-25,bitcoin,BTC,2026-05-25T00:00:00Z,77016.06581859986,0.4325455677820944,21763916479.84379,1542935472694.078,1,Layer 1 (L1),binance,-0.5572176069489343,-6.099005914420252,NULL,NULL,NULL,none,none,0,0.0,NULL,"[77447.61757992, 77634.51592193, 78637.7435615, 77366.78442217, 76331.8644347, 75784.95743625, 76296.79648443, 78207.7642549, 78677.42463272, 78512.09246456, 79825.87511296, 80913.96137493, 81436.85936825, 80024.90767231, 80197.2669977, 80677.64981724, 82018.37112439, 81627.56604995, 80482.14377829, 79288.84208656, 81059.11595417, 79068.66840414, 78132.75351269, 77428.51866052, 76959.40571528, 76758.73155866, 77470.39614899, 77550.3830832, 75478.38285863, 76684.37097078]",77081.02299000922,0.0008434236508829684,1,99.16,99.16,Invest,N/A,N/A,N/A,N/A,N/A,N/A,N/A,N/A,N/A,N/A,N/A
bitcoin_2026-05-26,bitcoin,BTC,2026-05-26T00:00:00Z,77258.39912360838,0.31465292654562216,19879317349.277992,1547829534321.9758,1,Layer 1 (L1),binance,-0.4844711065073004,-5.803543688474544,NULL,NULL,NULL,none,none,0,0.0,NULL,"[77634.51592193, 78637.7435615, 77366.78442217, 76331.8644347, 75784.95743625, 76296.79648443, 78207.7642549, 78677.42463272, 78512.09246456, 79825.87511296, 80913.96137493, 81436.85936825, 80024.90767231, 80197.2669977, 80677.64981724, 82018.37112439, 81627.56604995, 80482.14377829, 79288.84208656, 81059.11595417, 79068.66840414, 78132.75351269, 77428.51866052, 76959.40571528, 76758.73155866, 77470.39614899, 77550.3830832, 75478.38285863, 76684.37097078, 77016.0658186]",77712.3200924702,0.005875360789389106,1,99.1,99.1,Invest,N/A,N/A,N/A,N/A,N/A,N/A,N/A,N/A,N/A,N/A,N/A
bitcoin_2026-05-27,bitcoin,BTC,2026-05-27T00:00:00Z,75851.10409561773,-1.821543086518107,21937550660.277542,1521310703337.921,1,Layer 1 (L1),binance,-3.5436411825659486,-7.519372726162188,NULL,NULL,NULL,none,none,0,0.0,NULL,"[78637.7435615, 77366.78442217, 76331.8644347, 75784.95743625, 76296.79648443, 78207.7642549, 78677.42463272, 78512.09246456, 79825.87511296, 80913.96137493, 81436.85936825, 80024.90767231, 80197.2669977, 80677.64981724, 82018.37112439, 81627.56604995, 80482.14377829, 79288.84208656, 81059.11595417, 79068.66840414, 78132.75351269, 77428.51866052, 76959.40571528, 76758.73155866, 77470.39614899, 77550.3830832, 75478.38285863, 76684.37097078, 77016.0658186, 77258.39912361]",78973.88693602335,0.041169906195024586,1,99.37,99.37,Invest,N/A,N/A,N/A,N/A,N/A,N/A,N/A,N/A,N/A,N/A,N/A
bitcoin_2026-05-28,bitcoin,BTC,2026-05-28T00:00:00Z,74339.61694703094,-1.9927028968245608,34389389567.3329,1489416527418.8489,1,Layer 1 (L1),binance,-3.912748213267947,-9.362236864849482,NULL,NULL,NULL,none,none,0,0.0,NULL,"[77366.78442217, 76331.8644347, 75784.95743625, 76296.79648443, 78207.7642549, 78677.42463272, 78512.09246456, 79825.87511296, 80913.96137493, 81436.85936825, 80024.90767231, 80197.2669977, 80677.64981724, 82018.37112439, 81627.56604995, 80482.14377829, 79288.84208656, 81059.11595417, 79068.66840414, 78132.75351269, 77428.51866052, 76959.40571528, 76758.73155866, 77470.39614899, 77550.3830832, 75478.38285863, 76684.37097078, 77016.0658186, 77258.39912361, 75851.10409562]",78511.2331116067,0.05611565321285106,1,99.58,99.58,Invest,N/A,N/A,N/A,N/A,N/A,N/A,N/A,N/A,N/A,N/A,N/A
bitcoin_2026-05-29,bitcoin,BTC,2026-05-29T00:00:00Z,73651.64255141478,-0.9254478619473594,33586238604.416878,1477197114898.1526,1,Layer 1 (L1),binance,-3.511275275586323,-10.201042105900648,NULL,NULL,NULL,none,none,0,0.0,NULL,"[76331.8644347, 75784.95743625, 76296.79648443, 78207.7642549, 78677.42463272, 78512.09246456, 79825.87511296, 80913.96137493, 81436.85936825, 80024.90767231, 80197.2669977, 80677.64981724, 82018.37112439, 81627.56604995, 80482.14377829, 79288.84208656, 81059.11595417, 79068.66840414, 78132.75351269, 77428.51866052, 76959.40571528, 76758.73155866, 77470.39614899, 77550.3830832, 75478.38285863, 76684.37097078, 77016.0658186, 77258.39912361, 75851.10409562, 74339.61694703]",79018.03405750773,0.07286180348723081,1,99.63,99.63,Invest,N/A,N/A,N/A,N/A,N/A,N/A,N/A,N/A,N/A,N/A,N/A
bitcoin_2026-05-30,bitcoin,BTC,2026-05-30T00:00:00Z,73500.91507629369,-0.20464916992974924,38828038484.70212,1474174043264.2876,1,Layer 1 (L1),binance,-3.0138465959724914,-10.384814927836484,NULL,NULL,NULL,none,none,0,0.0,NULL,"[75784.95743625, 76296.79648443, 78207.7642549, 78677.42463272, 78512.09246456, 79825.87511296, 80913.96137493, 81436.85936825, 80024.90767231, 80197.2669977, 80677.64981724, 82018.37112439, 81627.56604995, 80482.14377829, 79288.84208656, 81059.11595417, 79068.66840414, 78132.75351269, 77428.51866052, 76959.40571528, 76758.73155866, 77470.39614899, 77550.3830832, 75478.38285863, 76684.37097078, 77016.0658186, 77258.39912361, 75851.10409562, 74339.61694703, 73651.64255141]",80268.37474707834,0.09207313492301483,1,99.65,99.65,Invest,N/A,N/A,N/A,N/A,N/A,N/A,N/A,N/A,N/A,N/A,N/A
bitcoin_2026-05-31,bitcoin,BTC,2026-05-31T00:00:00Z,73820.30385315015,0.43453714355112805,18374444051.152412,1479111074457.094,1,Layer 1 (L1),binance,-3.2458671207541867,-9.995403662435853,NULL,NULL,NULL,none,none,0,0.0,NULL,"[76296.79648443, 78207.7642549, 78677.42463272, 78512.09246456, 79825.87511296, 80913.96137493, 81436.85936825, 80024.90767231, 80197.2669977, 80677.64981724, 82018.37112439, 81627.56604995, 80482.14377829, 79288.84208656, 81059.11595417, 79068.66840414, 78132.75351269, 77428.51866052, 76959.40571528, 76758.73155866, 77470.39614899, 77550.3830832, 75478.38285863, 76684.37097078, 77016.0658186, 77258.39912361, 75851.10409562, 74339.61694703, 73651.64255141, 73500.91507629]",77820.76428719184,0.05419187168342954,1,99.54,99.54,Invest,N/A,N/A,N/A,N/A,N/A,N/A,N/A,N/A,N/A,N/A,N/A
bitcoin_2026-06-01,bitcoin,BTC,2026-06-01T00:00:00Z,73598.6681238158,-0.3002368153011692,16617912637.659142,1474670238472.3772,1,Layer 1 (L1),binance,-5.893399683513545,-10.265630596104424,NULL,NULL,NULL,none,none,0,0.0,NULL,"[78207.7642549, 78677.42463272, 78512.09246456, 79825.87511296, 80913.96137493, 81436.85936825, 80024.90767231, 80197.2669977, 80677.64981724, 82018.37112439, 81627.56604995, 80482.14377829, 79288.84208656, 81059.11595417, 79068.66840414, 78132.75351269, 77428.51866052, 76959.40571528, 76758.73155866, 77470.39614899, 77550.3830832, 75478.38285863, 76684.37097078, 77016.0658186, 77258.39912361, 75851.10409562, 74339.61694703, 73651.64255141, 73500.91507629, 73820.30385315]",78225.13950818499,0.06286080308662689,1,99.58,99.58,Invest,N/A,N/A,N/A,N/A,N/A,N/A,N/A,N/A,N/A,N/A,N/A
bitcoin_2026-06-02,bitcoin,BTC,2026-06-02T00:00:00Z,71320.29306465392,-3.0956743066721693,48870728373.42597,1429084366219.4146,1,Layer 1 (L1),binance,-9.351007105802534,-13.043514413995116,NULL,NULL,NULL,none,none,0,0.0,NULL,"[78677.42463272, 78512.09246456, 79825.87511296, 80913.96137493, 81436.85936825, 80024.90767231, 80197.2669977, 80677.64981724, 82018.37112439, 81627.56604995, 80482.14377829, 79288.84208656, 81059.11595417, 79068.66840414, 78132.75351269, 77428.51866052, 76959.40571528, 76758.73155866, 77470.39614899, 77550.3830832, 75478.38285863, 76684.37097078, 77016.0658186, 77258.39912361, 75851.10409562, 74339.61694703, 73651.64255141, 73500.91507629, 73820.30385315, 73598.66812382]",77658.23133225394,0.0888658472260413,1,99.81,99.81,Invest,N/A,N/A,N/A,N/A,N/A,N/A,N/A,N/A,N/A,N/A,N/A
bitcoin_2026-06-03,bitcoin,BTC,2026-06-03T00:00:00Z,66727.26415497709,-6.440002855166494,61786877126.25958,1337077983137.808,1,Layer 1 (L1),binance,-15.010207905113216,-18.643514568486275,NULL,NULL,NULL,none,none,0,0.0,NULL,"[78512.09246456, 79825.87511296, 80913.96137493, 81436.85936825, 80024.90767231, 80197.2669977, 80677.64981724, 82018.37112439, 81627.56604995, 80482.14377829, 79288.84208656, 81059.11595417, 79068.66840414, 78132.75351269, 77428.51866052, 76959.40571528, 76758.73155866, 77470.39614899, 77550.3830832, 75478.38285863, 76684.37097078, 77016.0658186, 77258.39912361, 75851.10409562, 74339.61694703, 73651.64255141, 73500.91507629, 73820.30385315, 73598.66812382, 71320.29306465]",78552.77932895812,0.1772216398160087,1,99.93,99.93,Invest,N/A,N/A,N/A,N/A,N/A,N/A,N/A,N/A,N/A,N/A,N/A
bitcoin_2026-06-04,bitcoin,BTC,2026-06-04T00:00:00Z,64046.61064609333,-4.017328662925279,43649392701.85552,1283384941923.1694,1,Layer 1 (L1),binance,-19.76710489491793,-21.91187197687511,NULL,NULL,NULL,none,none,0,0.0,NULL,"[79825.87511296, 80913.96137493, 81436.85936825, 80024.90767231, 80197.2669977, 80677.64981724, 82018.37112439, 81627.56604995, 80482.14377829, 79288.84208656, 81059.11595417, 79068.66840414, 78132.75351269, 77428.51866052, 76959.40571528, 76758.73155866, 77470.39614899, 77550.3830832, 75478.38285863, 76684.37097078, 77016.0658186, 77258.39912361, 75851.10409562, 74339.61694703, 73651.64255141, 73500.91507629, 73820.30385315, 73598.66812382, 71320.29306465, 66727.26415498]",77416.44110979848,0.20875156903436665,1,99.96,99.96,Invest,N/A,N/A,N/A,N/A,N/A,N/A,N/A,N/A,N/A,N/A,N/A
bitcoin_2026-06-05,bitcoin,BTC,2026-06-05T00:00:00Z,63810.65923840883,-0.3684057677748376,60995145201.16938,1278676276214.779,1,Layer 1 (L1),binance,-21.13764033535589,-22.199553144459706,NULL,NULL,NULL,none,none,0,0.0,NULL,"[80913.96137493, 81436.85936825, 80024.90767231, 80197.2669977, 80677.64981724, 82018.37112439, 81627.56604995, 80482.14377829, 79288.84208656, 81059.11595417, 79068.66840414, 78132.75351269, 77428.51866052, 76959.40571528, 76758.73155866, 77470.39614899, 77550.3830832, 75478.38285863, 76684.37097078, 77016.0658186, 77258.39912361, 75851.10409562, 74339.61694703, 73651.64255141, 73500.91507629, 73820.30385315, 73598.66812382, 71320.29306465, 66727.26415498, 64046.61064609]",77297.13347191992,0.21135143241700494,1,99.97,99.97,Invest,N/A,N/A,N/A,N/A,N/A,N/A,N/A,N/A,N/A,N/A,N/A
bitcoin_2026-06-06,bitcoin,BTC,2026-06-06T00:00:00Z,60960.10140035313,-4.467212644529295,45506430145.38753,1221584775490.4983,1,Layer 1 (L1),binance,-25.14433651634832,-25.67506454389069,NULL,NULL,NULL,none,none,0,0.0,NULL,"[81436.85936825, 80024.90767231, 80197.2669977, 80677.64981724, 82018.37112439, 81627.56604995, 80482.14377829, 79288.84208656, 81059.11595417, 79068.66840414, 78132.75351269, 77428.51866052, 76959.40571528, 76758.73155866, 77470.39614899, 77550.3830832, 75478.38285863, 76684.37097078, 77016.0658186, 77258.39912361, 75851.10409562, 74339.61694703, 73651.64255141, 73500.91507629, 73820.30385315, 73598.66812382, 71320.29306465, 66727.26415498, 64046.61064609, 63810.65923841]",81264.70153038795,0.3330801567517929,1,99.98,99.98,Invest,N/A,N/A,N/A,N/A,N/A,N/A,N/A,N/A,N/A,N/A,N/A
bitcoin_2026-06-07,bitcoin,BTC,2026-06-07T00:00:00Z,60855.25426528331,-0.1719930457156682,31010313650.452156,1219483734629.1333,1,Layer 1 (L1),binance,-23.954608589522287,-25.802898264107853,NULL,NULL,NULL,none,none,0,0.0,NULL,"[80024.90767231, 80197.2669977, 80677.64981724, 82018.37112439, 81627.56604995, 80482.14377829, 79288.84208656, 81059.11595417, 79068.66840414, 78132.75351269, 77428.51866052, 76959.40571528, 76758.73155866, 77470.39614899, 77550.3830832, 75478.38285863, 76684.37097078, 77016.0658186, 77258.39912361, 75851.10409562, 74339.61694703, 73651.64255141, 73500.91507629, 73820.30385315, 73598.66812382, 71320.29306465, 66727.26415498, 64046.61064609, 63810.65923841, 60960.10140035]",79671.25767420157,0.3091927498469498,1,99.98,99.98,Invest,N/A,N/A,N/A,N/A,N/A,N/A,N/A,N/A,N/A,N/A,N/A
bitcoin_2026-06-08,bitcoin,BTC,2026-06-08T00:00:00Z,63273.537430635515,3.9738280523984093,33326211424.640003,1267943921370.2615,1,Layer 1 (L1),binance,-21.1026263121324,-22.854433021260377,NULL,NULL,NULL,none,none,0,0.0,NULL,"[80197.2669977, 80677.64981724, 82018.37112439, 81627.56604995, 80482.14377829, 79288.84208656, 81059.11595417, 79068.66840414, 78132.75351269, 77428.51866052, 76959.40571528, 76758.73155866, 77470.39614899, 77550.3830832, 75478.38285863, 76684.37097078, 77016.0658186, 77258.39912361, 75851.10409562, 74339.61694703, 73651.64255141, 73500.91507629, 73820.30385315, 73598.66812382, 71320.29306465, 66727.26415498, 64046.61064609, 63810.65923841, 60960.10140035, 60855.25426528]",79821.69873179746,0.26153368332382376,1,99.96,99.96,Invest,N/A,N/A,N/A,N/A,N/A,N/A,N/A,N/A,N/A,N/A,N/A
bitcoin_2026-06-09,bitcoin,BTC,2026-06-09T00:00:00Z,63069.147792658114,-0.32302546416259625,32495793038.066757,1263848139632.9338,1,Layer 1 (L1),binance,-21.825749838363418,-23.10363284707432,NULL,NULL,NULL,none,none,0,0.0,NULL,"[80677.64981724, 82018.37112439, 81627.56604995, 80482.14377829, 79288.84208656, 81059.11595417, 79068.66840414, 78132.75351269, 77428.51866052, 76959.40571528, 76758.73155866, 77470.39614899, 77550.3830832, 75478.38285863, 76684.37097078, 77016.0658186, 77258.39912361, 75851.10409562, 74339.61694703, 73651.64255141, 73500.91507629, 73820.30385315, 73598.66812382, 71320.29306465, 66727.26415498, 64046.61064609, 63810.65923841, 60960.10140035, 60855.25426528, 63273.53743064]",80329.3478460037,0.27367105244689616,1,99.96,99.96,Invest,N/A,N/A,N/A,N/A,N/A,N/A,N/A,N/A,N/A,N/A,N/A
bitcoin_2026-06-10,bitcoin,BTC,2026-06-10T00:00:00Z,61669.76384194788,-2.218809036885594,35017939157.83543,1235805762898.2478,1,Layer 1 (L1),binance,-24.80981639050016,-24.80981639050016,NULL,NULL,NULL,none,none,0,0.0,NULL,"[82018.37112439, 81627.56604995, 80482.14377829, 79288.84208656, 81059.11595417, 79068.66840414, 78132.75351269, 77428.51866052, 76959.40571528, 76758.73155866, 77470.39614899, 77550.3830832, 75478.38285863, 76684.37097078, 77016.0658186, 77258.39912361, 75851.10409562, 74339.61694703, 73651.64255141, 73500.91507629, 73820.30385315, 73598.66812382, 71320.29306465, 66727.26415498, 64046.61064609, 63810.65923841, 60960.10140035, 60855.25426528, 63273.53743064, 63069.14779266]",79093.4641898418,0.2825323020945687,1,99.98,99.98,Invest,N/A,N/A,N/A,N/A,N/A,N/A,N/A,N/A,N/A,N/A,N/A
bitcoin_2026-06-11,bitcoin,BTC,2026-06-11T00:00:00Z,61480.144432833426,-0.307475490907394,26327022779.7125,1232005963062.1147,1,Layer 1 (L1),binance,-24.682129569796807,-24.682129569796807,NULL,NULL,NULL,none,none,0,0.0,NULL,"[81627.56604995, 80482.14377829, 79288.84208656, 81059.11595417, 79068.66840414, 78132.75351269, 77428.51866052, 76959.40571528, 76758.73155866, 77470.39614899, 77550.3830832, 75478.38285863, 76684.37097078, 77016.0658186, 77258.39912361, 75851.10409562, 74339.61694703, 73651.64255141, 73500.91507629, 73820.30385315, 73598.66812382, 71320.29306465, 66727.26415498, 64046.61064609, 63810.65923841, 60960.10140035, 60855.25426528, 63273.53743064, 63069.14779266, 61669.76384195]",78450.75303870205,0.2760339742599154,1,99.97,99.97,Invest,N/A,N/A,N/A,N/A,N/A,N/A,N/A,N/A,N/A,N/A,N/A
bitcoin_2026-06-12,bitcoin,BTC,2026-06-12T00:00:00Z,63555.66181107698,3.375914935448865,28342001883.939762,1273749779296.1104,1,Layer 1 (L1),binance,-21.031350772470393,-21.59344317669325,NULL,NULL,NULL,none,none,0,0.0,NULL,"[80482.14377829, 79288.84208656, 81059.11595417, 79068.66840414, 78132.75351269, 77428.51866052, 76959.40571528, 76758.73155866, 77470.39614899, 77550.3830832, 75478.38285863, 76684.37097078, 77016.0658186, 77258.39912361, 75851.10409562, 74339.61694703, 73651.64255141, 73500.91507629, 73820.30385315, 73598.66812382, 71320.29306465, 66727.26415498, 64046.61064609, 63810.65923841, 60960.10140035, 60855.25426528, 63273.53743064, 63069.14779266, 61669.76384195, 61480.14443283]",78283.06047169256,0.231724416691524,1,99.95,99.95,Invest,N/A,N/A,N/A,N/A,N/A,N/A,N/A,N/A,N/A,N/A,N/A
bitcoin_2026-06-13,bitcoin,BTC,2026-06-13T00:00:00Z,63532.27782485316,-0.03679292380485144,26198317555.20565,1273309909632.204,1,Layer 1 (L1),binance,-19.872360154417446,-21.622291241403257,NULL,NULL,NULL,none,none,0,0.0,NULL,"[79288.84208656, 81059.11595417, 79068.66840414, 78132.75351269, 77428.51866052, 76959.40571528, 76758.73155866, 77470.39614899, 77550.3830832, 75478.38285863, 76684.37097078, 77016.0658186, 77258.39912361, 75851.10409562, 74339.61694703, 73651.64255141, 73500.91507629, 73820.30385315, 73598.66812382, 71320.29306465, 66727.26415498, 64046.61064609, 63810.65923841, 60960.10140035, 60855.25426528, 63273.53743064, 63069.14779266, 61669.76384195, 61480.14443283, 63555.66181108]",76554.98664973286,0.20497783600299857,1,99.95,99.95,Invest,N/A,N/A,N/A,N/A,N/A,N/A,N/A,N/A,N/A,N/A,N/A
bitcoin_2026-06-14,bitcoin,BTC,2026-06-14T00:00:00Z,64408.80975375945,1.3796639423549806,16875136749.718493,1290903457306.5925,1,Layer 1 (L1),binance,-20.540942254816898,-20.540942254816898,NULL,NULL,NULL,none,none,0,0.0,NULL,"[81059.11595417, 79068.66840414, 78132.75351269, 77428.51866052, 76959.40571528, 76758.73155866, 77470.39614899, 77550.3830832, 75478.38285863, 76684.37097078, 77016.0658186, 77258.39912361, 75851.10409562, 74339.61694703, 73651.64255141, 73500.91507629, 73820.30385315, 73598.66812382, 71320.29306465, 66727.26415498, 64046.61064609, 63810.65923841, 60960.10140035, 60855.25426528, 63273.53743064, 63069.14779266, 61669.76384195, 61480.14443283, 63555.66181108, 63532.27782485]",77203.53444805603,0.19864867466441227,1,99.94,99.94,Invest,N/A,N/A,N/A,N/A,N/A,N/A,N/A,N/A,N/A,N/A,N/A
bitcoin_2026-06-15,bitcoin,BTC,2026-06-15T00:00:00Z,65709.31094599118,2.0191355766449703,21124197393.114784,1316997723207.2698,1,Layer 1 (L1),binance,-16.895892807841616,-16.895892807841616,NULL,NULL,NULL,none,none,0,0.0,NULL,"[79068.66840414, 78132.75351269, 77428.51866052, 76959.40571528, 76758.73155866, 77470.39614899, 77550.3830832, 75478.38285863, 76684.37097078, 77016.0658186, 77258.39912361, 75851.10409562, 74339.61694703, 73651.64255141, 73500.91507629, 73820.30385315, 73598.66812382, 71320.29306465, 66727.26415498, 64046.61064609, 63810.65923841, 60960.10140035, 60855.25426528, 63273.53743064, 63069.14779266, 61669.76384195, 61480.14443283, 63555.66181108, 63532.27782485, 64408.80975376]",77261.62722069985,0.17580942652410303,1,99.88,99.88,Invest,N/A,N/A,N/A,N/A,N/A,N/A,N/A,N/A,N/A,N/A,N/A
bitcoin_2026-06-16,bitcoin,BTC,2026-06-16T00:00:00Z,66292.50117921834,0.8875305871134387,30758717645.22543,1328716312457.8525,1,Layer 1 (L1),binance,-15.154019026797005,-15.154019026797005,NULL,NULL,NULL,none,none,0,0.0,NULL,"[78132.75351269, 77428.51866052, 76959.40571528, 76758.73155866, 77470.39614899, 77550.3830832, 75478.38285863, 76684.37097078, 77016.0658186, 77258.39912361, 75851.10409562, 74339.61694703, 73651.64255141, 73500.91507629, 73820.30385315, 73598.66812382, 71320.29306465, 66727.26415498, 64046.61064609, 63810.65923841, 60960.10140035, 60855.25426528, 63273.53743064, 63069.14779266, 61669.76384195, 61480.14443283, 63555.66181108, 63532.27782485, 64408.80975376, 65709.31094599]",76819.04496746542,0.15878935929403415,1,99.85,99.85,Invest,N/A,N/A,N/A,N/A,N/A,N/A,N/A,N/A,N/A,N/A,N/A
bitcoin_2026-06-17,bitcoin,BTC,2026-06-17T00:00:00Z,65619.28080038042,-1.0155302136178213,25251031908.02844,1315255606491.9746,1,Layer 1 (L1),binance,-15.251793608399,-15.384968853117542,NULL,NULL,NULL,none,none,0,0.0,NULL,"[77428.51866052, 76959.40571528, 76758.73155866, 77470.39614899, 77550.3830832, 75478.38285863, 76684.37097078, 77016.0658186, 77258.39912361, 75851.10409562, 74339.61694703, 73651.64255141, 73500.91507629, 73820.30385315, 73598.66812382, 71320.29306465, 66727.26415498, 64046.61064609, 63810.65923841, 60960.10140035, 60855.25426528, 63273.53743064, 63069.14779266, 61669.76384195, 61480.14443283, 63555.66181108, 63532.27782485, 64408.80975376, 65709.31094599, 66292.50117922]",78173.35158344489,0.19131679942142377,1,99.85,99.85,Invest,N/A,N/A,N/A,N/A,N/A,N/A,N/A,N/A,N/A,N/A,N/A
bitcoin_2026-06-18,bitcoin,BTC,2026-06-18T00:00:00Z,64444.545329668814,-1.7902291161728145,31384852552.080708,1291736519936.9531,1,Layer 1 (L1),binance,-16.26163854735838,-16.899771777367732,NULL,NULL,NULL,none,none,0,0.0,NULL,"[76959.40571528, 76758.73155866, 77470.39614899, 77550.3830832, 75478.38285863, 76684.37097078, 77016.0658186, 77258.39912361, 75851.10409562, 74339.61694703, 73651.64255141, 73500.91507629, 73820.30385315, 73598.66812382, 71320.29306465, 66727.26415498, 64046.61064609, 63810.65923841, 60960.10140035, 60855.25426528, 63273.53743064, 63069.14779266, 61669.76384195, 61480.14443283, 63555.66181108, 63532.27782485, 64408.80975376, 65709.31094599, 66292.50117922, 65619.28080038]",75590.24471973324,0.17295023703011836,1,99.89,99.89,Invest,N/A,N/A,N/A,N/A,N/A,N/A,N/A,N/A,N/A,N/A,N/A
bitcoin_2026-06-19,bitcoin,BTC,2026-06-19T00:00:00Z,62897.23855524796,-2.4009895119990965,30204028640.80352,1260755460004.2776,1,Layer 1 (L1),binance,-18.05852275297537,-18.89499954144045,NULL,NULL,NULL,none,none,0,0.0,NULL,"[76758.73155866, 77470.39614899, 77550.3830832, 75478.38285863, 76684.37097078, 77016.0658186, 77258.39912361, 75851.10409562, 74339.61694703, 73651.64255141, 73500.91507629, 73820.30385315, 73598.66812382, 71320.29306465, 66727.26415498, 64046.61064609, 63810.65923841, 60960.10140035, 60855.25426528, 63273.53743064, 63069.14779266, 61669.76384195, 61480.14443283, 63555.66181108, 63532.27782485, 64408.80975376, 65709.31094599, 66292.50117922, 65619.28080038, 64444.54532967]",76146.81236783884,0.21065430083949788,1,99.92,99.92,Invest,N/A,N/A,N/A,N/A,N/A,N/A,N/A,N/A,N/A,N/A,N/A
bitcoin_2026-06-20,bitcoin,BTC,2026-06-20T00:00:00Z,63489.81094752525,0.9421278356390506,23645282131.211132,1272662339486.1091,1,Layer 1 (L1),binance,-18.04635821737798,-18.130886756025177,NULL,NULL,NULL,none,none,0,0.0,NULL,"[77470.39614899, 77550.3830832, 75478.38285863, 76684.37097078, 77016.0658186, 77258.39912361, 75851.10409562, 74339.61694703, 73651.64255141, 73500.91507629, 73820.30385315, 73598.66812382, 71320.29306465, 66727.26415498, 64046.61064609, 63810.65923841, 60960.10140035, 60855.25426528, 63273.53743064, 63069.14779266, 61669.76384195, 61480.14443283, 63555.66181108, 63532.27782485, 64408.80975376, 65709.31094599, 66292.50117922, 65619.28080038, 64444.54532967, 62897.23855525]",76607.98786983466,0.20661861685415417,1,99.91,99.91,Invest,N/A,N/A,N/A,N/A,N/A,N/A,N/A,N/A,N/A,N/A,N/A
bitcoin_2026-06-21,bitcoin,BTC,2026-06-21T00:00:00Z,64253.39869532133,1.20269337142489,18855396681.673313,1287998314407.3254,1,Layer 1 (L1),binance,-17.146252357795554,-17.146252357795554,NULL,NULL,NULL,none,none,0,0.0,NULL,"[77550.3830832, 75478.38285863, 76684.37097078, 77016.0658186, 77258.39912361, 75851.10409562, 74339.61694703, 73651.64255141, 73500.91507629, 73820.30385315, 73598.66812382, 71320.29306465, 66727.26415498, 64046.61064609, 63810.65923841, 60960.10140035, 60855.25426528, 63273.53743064, 63069.14779266, 61669.76384195, 61480.14443283, 63555.66181108, 63532.27782485, 64408.80975376, 65709.31094599, 66292.50117922, 65619.28080038, 64444.54532967, 62897.23855525, 63489.81094753]",76607.98786983466,0.1922791544941722,1,99.88,99.88,Invest,N/A,N/A,N/A,N/A,N/A,N/A,N/A,N/A,N/A,N/A,N/A
bitcoin_2026-06-22,bitcoin,BTC,2026-06-22T00:00:00Z,63255.48525259375,-1.5530905181522225,16915246357.834028,1268020785738.6846,1,Layer 1 (L1),binance,-16.193904987245876,-18.124778703492005,NULL,NULL,NULL,none,none,0,0.0,NULL,"[75478.38285863, 76684.37097078, 77016.0658186, 77258.39912361, 75851.10409562, 74339.61694703, 73651.64255141, 73500.91507629, 73820.30385315, 73598.66812382, 71320.29306465, 66727.26415498, 64046.61064609, 63810.65923841, 60960.10140035, 60855.25426528, 63273.53743064, 63069.14779266, 61669.76384195, 61480.14443283, 63555.66181108, 63532.27782485, 64408.80975376, 65709.31094599, 66292.50117922, 65619.28080038, 64444.54532967, 62897.23855525, 63489.81094753, 64253.39869532]",76607.98786983466,0.21108845444661872,1,99.89,99.89,Invest,N/A,N/A,N/A,N/A,N/A,N/A,N/A,N/A,N/A,N/A,N/A
bitcoin_2026-06-23,bitcoin,BTC,2026-06-23T00:00:00Z,63937.28526422244,1.0778512075373392,27569840544.502632,1281722561349.0657,1,Layer 1 (L1),binance,-16.622794899651993,-17.24228564207373,NULL,NULL,NULL,none,none,0,0.0,NULL,"[76684.37097078, 77016.0658186, 77258.39912361, 75851.10409562, 74339.61694703, 73651.64255141, 73500.91507629, 73820.30385315, 73598.66812382, 71320.29306465, 66727.26415498, 64046.61064609, 63810.65923841, 60960.10140035, 60855.25426528, 63273.53743064, 63069.14779266, 61669.76384195, 61480.14443283, 63555.66181108, 63532.27782485, 64408.80975376, 65709.31094599, 66292.50117922, 65619.28080038, 64444.54532967, 62897.23855525, 63489.81094753, 64253.39869532, 63255.48525259]",76607.98786983466,0.1981739223561061,1,99.89,99.89,Invest,N/A,N/A,N/A,N/A,N/A,N/A,N/A,N/A,N/A,N/A,N/A
bitcoin_2026-06-24,bitcoin,BTC,2026-06-24T00:00:00Z,62662.29201921944,-1.9941310297020842,30689271786.405464,1256197234338.4941,1,Layer 1 (L1),binance,-18.637376042017838,-18.892582903557354,NULL,NULL,NULL,none,none,0,0.0,NULL,"[77016.0658186, 77258.39912361, 75851.10409562, 74339.61694703, 73651.64255141, 73500.91507629, 73820.30385315, 73598.66812382, 71320.29306465, 66727.26415498, 64046.61064609, 63810.65923841, 60960.10140035, 60855.25426528, 63273.53743064, 63069.14779266, 61669.76384195, 61480.14443283, 63555.66181108, 63532.27782485, 64408.80975376, 65709.31094599, 66292.50117922, 65619.28080038, 64444.54532967, 62897.23855525, 63489.81094753, 64253.39869532, 63255.48525259, 63937.28526422]",76607.98786983466,0.2225532357855322,1,99.92,99.92,Invest,N/A,N/A,N/A,N/A,N/A,N/A,N/A,N/A,N/A,N/A,N/A
bitcoin_2026-06-25,bitcoin,BTC,2026-06-25T00:00:00Z,60989.57352152134,-2.6694179925385697,43171393360.53368,1222695488973.654,1,Layer 1 (L1),binance,-21.057678888813093,-21.057678888813093,NULL,NULL,NULL,none,none,0,0.0,NULL,"[77258.39912361, 75851.10409562, 74339.61694703, 73651.64255141, 73500.91507629, 73820.30385315, 73598.66812382, 71320.29306465, 66727.26415498, 64046.61064609, 63810.65923841, 60960.10140035, 60855.25426528, 63273.53743064, 63069.14779266, 61669.76384195, 61480.14443283, 63555.66181108, 63532.27782485, 64408.80975376, 65709.31094599, 66292.50117922, 65619.28080038, 64444.54532967, 62897.23855525, 63489.81094753, 64253.39869532, 63255.48525259, 63937.28526422, 62662.29201922]",76607.98786983466,0.25608335075178146,1,99.95,99.95,Invest,N/A,N/A,N/A,N/A,N/A,N/A,N/A,N/A,N/A,N/A,N/A
bitcoin_2026-06-26,bitcoin,BTC,2026-06-26T00:00:00Z,59726.73653480851,-2.0705784838243146,41007492811.17548,1197409796612.7463,1,Layer 1 (L1),binance,-21.257920702753232,-21.257920702753232,NULL,NULL,NULL,none,none,0,0.0,NULL,"[75851.10409562, 74339.61694703, 73651.64255141, 73500.91507629, 73820.30385315, 73598.66812382, 71320.29306465, 66727.26415498, 64046.61064609, 63810.65923841, 60960.10140035, 60855.25426528, 63273.53743064, 63069.14779266, 61669.76384195, 61480.14443283, 63555.66181108, 63532.27782485, 64408.80975376, 65709.31094599, 66292.50117922, 65619.28080038, 64444.54532967, 62897.23855525, 63489.81094753, 64253.39869532, 63255.48525259, 63937.28526422, 62662.29201922, 60989.57352152]",76607.98786983466,0.28264144861134044,1,99.95,99.95,Invest,N/A,N/A,N/A,N/A,N/A,N/A,N/A,N/A,N/A,N/A,N/A
bitcoin_2026-09-26,bitcoin,BTC,2026-09-26T00:00:00Z,76607.98786983466,28.264144861134042,31135138152.93945,1538725521605.0652,1,Layer 1 (L1),binance,-3.049995126326588,-5.730303037921036,NULL,"Can MARA Holdings (MARA) Trade At A Premium After Its Bitcoin Buy? | Japan's 30-Year Bond Yield Hits Record 4.2%: What Does It Mean for Bitcoin? | Elon Musk’s Bitcoin ‘Trade’ Button Under Fire as Coinbase CEO Eyes $400K Target | Bitcoin and ethereum prices today, Friday, September 25, 2026: Is bitcoin finally on a path to $250,000? | Bitcoin, XRP and Solana All Gained Over 10% Last Week, Then Fell Together in a Day. Was That their Peak? | Zcash Co-Founder Backs Shielded Bitcoin, Says His ZEC Year-End Target Is Still in Play | Anonymous Bitcoiner Gave $55M to Charity and Vanished, Donations Would Be Worth $426M Today | Bitcoin rangebound near $85k with focus on rate jitters, Bitget hack","Can MARA Holdings (MARA) Trade At A Premium After Its Bitcoin Buy? | Japan's 30-Year Bond Yield Hits Record 4.2%: What Does It Mean for Bitcoin? | Elon Musk’s Bitcoin ‘Trade’ Button Under Fire as Coinbase CEO Eyes $400K Target | Bitcoin and ethereum prices today, Friday, September 25, 2026: Is bitcoin finally on a path to $250,000? | Bitcoin, XRP and Solana All Gained Over 10% Last Week, Then Fell Together in a Day. Was That their Peak? | Zcash Co-Founder Backs Shielded Bitcoin, Says His ZEC Year-End Target Is Still in Play | Anonymous Bitcoiner Gave $55M to Charity and Vanished, Donations Would Be Worth $426M Today | Bitcoin rangebound near $85k with focus on rate jitters, Bitget hack",bearish,none,8,-5.0,"Can MARA Holdings (MARA) Trade At A Premium After Its Bitcoin Buy? | Japan's 30-Year Bond Yield Hits Record 4.2%: What Does It Mean for Bitcoin? | Elon Musk’s Bitcoin ‘Trade’ Button Under Fire as Coinbase CEO Eyes $400K Target | Bitcoin and ethereum prices today, Friday, September 25, 2026: Is bitcoin finally on a path to $250,000? | Bitcoin, XRP and Solana All Gained Over 10% Last Week, Then Fell Together in a Day. Was That their Peak? | Zcash Co-Founder Backs Shielded Bitcoin, Says His ZEC Year-End Target Is Still in Play | Anonymous Bitcoiner Gave $55M to Charity and Vanished, Donations Would Be Worth $426M Today | Bitcoin rangebound near $85k with focus on rate jitters, Bitget hack","[79018.03405751, 80268.37474708, 77820.76428719, 78225.13950818, 77658.23133225, 78552.77932896, 77416.4411098, 77297.13347192, 81264.70153039, 79671.2576742, 79821.6987318, 80329.347846, 79093.46418984, 78450.7530387, 78283.06047169, 76554.98664973, 77203.53444806, 77261.6272207, 76819.04496747, 78173.35158344, 75590.24471973, 76146.81236784, 76607.98786983]",76607.98786983466,0.0,0,99.23,94.23,Invest,1,1,76607.98786983466,0,0.0,0,0,-999,9.423,94.23,0.0
ethereum_2026-05-24,ethereum,ETH,2026-05-24T00:00:00Z,2116.4299126571727,2.5382342301341065,15645737334.490585,255422534247.0047,2,Layer 1 (L1),binance,-9.208778179373011,-10.697836153202145,NULL,NULL,NULL,none,none,0,0.0,NULL,"[2331.09530879, 2315.70018566, 2320.56640373, 2369.15402926, 2303.88425013, 2292.76587415, 2253.62004929, 2256.94911237, 2295.58344088, 2322.28716126, 2322.58786392, 2346.17130289, 2360.64436629, 2351.01374842, 2291.30259137, 2307.47037298, 2327.16394746, 2369.9648715, 2338.59446825, 2275.74732263, 2258.48390885, 2282.59574628, 2223.93748868, 2180.08911009, 2130.74923013, 2128.89276232, 2109.34213759, 2127.46893168, 2132.14437036, 2064.03974922]",2514.967577695514,0.1883065735628251,1,95.72,95.72,Invest,N/A,N/A,N/A,N/A,N/A,N/A,N/A,N/A,N/A,N/A,N/A
ethereum_2026-05-25,ethereum,ETH,2026-05-25T00:00:00Z,2097.6582568011895,-0.8869490902448818,9972550889.11964,253157019396.1855,2,Layer 1 (L1),binance,-9.415809965847888,-11.489900883010307,NULL,NULL,NULL,none,none,0,0.0,NULL,"[2315.70018566, 2320.56640373, 2369.15402926, 2303.88425013, 2292.76587415, 2253.62004929, 2256.94911237, 2295.58344088, 2322.28716126, 2322.58786392, 2346.17130289, 2360.64436629, 2351.01374842, 2291.30259137, 2307.47037298, 2327.16394746, 2369.9648715, 2338.59446825, 2275.74732263, 2258.48390885, 2282.59574628, 2223.93748868, 2180.08911009, 2130.74923013, 2128.89276232, 2109.34213759, 2127.46893168, 2132.14437036, 2064.03974922, 2116.42991266]",2423.4127407436827,0.15529435401896707,1,95.74,95.74,Invest,N/A,N/A,N/A,N/A,N/A,N/A,N/A,N/A,N/A,N/A,N/A
ethereum_2026-05-26,ethereum,ETH,2026-05-26T00:00:00Z,2110.5929717502054,0.616626416961763,9506066145.888752,254718006828.523,2,Layer 1 (L1),binance,-9.048369899626408,-10.94412423017591,NULL,NULL,NULL,none,none,0,0.0,NULL,"[2320.56640373, 2369.15402926, 2303.88425013, 2292.76587415, 2253.62004929, 2256.94911237, 2295.58344088, 2322.28716126, 2322.58786392, 2346.17130289, 2360.64436629, 2351.01374842, 2291.30259137, 2307.47037298, 2327.16394746, 2369.9648715, 2338.59446825, 2275.74732263, 2258.48390885, 2282.59574628, 2223.93748868, 2180.08911009, 2130.74923013, 2128.89276232, 2109.34213759, 2127.46893168, 2132.14437036, 2064.03974922, 2116.42991266, 2097.6582568]",2462.403924751607,0.1666882045521374,1,95.29,95.29,Invest,N/A,N/A,N/A,N/A,N/A,N/A,N/A,N/A,N/A,N/A,N/A
ethereum_2026-05-27,ethereum,ETH,2026-05-27T00:00:00Z,2072.3492159738144,-1.811991051248385,14155757179.744965,250102478155.41592,2,Layer 1 (L1),binance,-12.527881666733155,-12.557808729735997,NULL,NULL,NULL,none,none,0,0.0,NULL,"[2369.15402926, 2303.88425013, 2292.76587415, 2253.62004929, 2256.94911237, 2295.58344088, 2322.28716126, 2322.58786392, 2346.17130289, 2360.64436629, 2351.01374842, 2291.30259137, 2307.47037298, 2327.16394746, 2369.9648715, 2338.59446825, 2275.74732263, 2258.48390885, 2282.59574628, 2223.93748868, 2180.08911009, 2130.74923013, 2128.89276232, 2109.34213759, 2127.46893168, 2132.14437036, 2064.03974922, 2116.42991266, 2097.6582568, 2110.59297175]",2481.879430655568,0.19761641113624373,1,96.9,96.9,Invest,N/A,N/A,N/A,N/A,N/A,N/A,N/A,N/A,N/A,N/A,N/A
ethereum_2026-05-28,ethereum,ETH,2026-05-28T00:00:00Z,2022.465974317952,-2.4070866662509793,13111439048.810225,244082228718.45593,2,Layer 1 (L1),binance,-12.21494855033949,-14.662618056480191,NULL,NULL,NULL,none,none,0,0.0,NULL,"[2303.88425013, 2292.76587415, 2253.62004929, 2256.94911237, 2295.58344088, 2322.28716126, 2322.58786392, 2346.17130289, 2360.64436629, 2351.01374842, 2291.30259137, 2307.47037298, 2327.16394746, 2369.9648715, 2338.59446825, 2275.74732263, 2258.48390885, 2282.59574628, 2223.93748868, 2180.08911009, 2130.74923013, 2128.89276232, 2109.34213759, 2127.46893168, 2132.14437036, 2064.03974922, 2116.42991266, 2097.6582568, 2110.59297175, 2072.34921597]",2442.0111121033965,0.20744237139857447,1,97.66,97.66,Invest,N/A,N/A,N/A,N/A,N/A,N/A,N/A,N/A,N/A,N/A,N/A
ethereum_2026-05-29,ethereum,ETH,2026-05-29T00:00:00Z,2008.1144631178963,-0.7096045808580587,16340884014.098196,242350127914.89413,2,Layer 1 (L1),binance,-12.415197480232331,-15.268176027935754,NULL,NULL,NULL,none,none,0,0.0,NULL,"[2292.76587415, 2253.62004929, 2256.94911237, 2295.58344088, 2322.28716126, 2322.58786392, 2346.17130289, 2360.64436629, 2351.01374842, 2291.30259137, 2307.47037298, 2327.16394746, 2369.9648715, 2338.59446825, 2275.74732263, 2258.48390885, 2282.59574628, 2223.93748868, 2180.08911009, 2130.74923013, 2128.89276232, 2109.34213759, 2127.46893168, 2132.14437036, 2064.03974922, 2116.42991266, 2097.6582568, 2110.59297175, 2072.34921597, 2022.46597432]",2506.3431057180687,0.24810769094636087,1,98.0,98.0,Invest,N/A,N/A,N/A,N/A,N/A,N/A,N/A,N/A,N/A,N/A,N/A
ethereum_2026-05-30,ethereum,ETH,2026-05-30T00:00:00Z,2012.5607890669655,0.22141795354462257,13631910773.179047,242886602421.65924,2,Layer 1 (L1),binance,-10.696535128066188,-15.080564557295773,NULL,NULL,NULL,none,none,0,0.0,NULL,"[2253.62004929, 2256.94911237, 2295.58344088, 2322.28716126, 2322.58786392, 2346.17130289, 2360.64436629, 2351.01374842, 2291.30259137, 2307.47037298, 2327.16394746, 2369.9648715, 2338.59446825, 2275.74732263, 2258.48390885, 2282.59574628, 2223.93748868, 2180.08911009, 2130.74923013, 2128.89276232, 2109.34213759, 2127.46893168, 2132.14437036, 2064.03974922, 2116.42991266, 2097.6582568, 2110.59297175, 2072.34921597, 2022.46597432, 2008.11446312]",2511.461241063819,0.2478933579085314,1,97.75,97.75,Invest,N/A,N/A,N/A,N/A,N/A,N/A,N/A,N/A,N/A,N/A,N/A
ethereum_2026-05-31,ethereum,ETH,2026-05-31T00:00:00Z,2021.665390940461,0.45238891281969007,7309721337.815556,243985261872.80014,2,Layer 1 (L1),binance,-10.424857172910585,-14.696398446523906,NULL,NULL,NULL,none,none,0,0.0,NULL,"[2256.94911237, 2295.58344088, 2322.28716126, 2322.58786392, 2346.17130289, 2360.64436629, 2351.01374842, 2291.30259137, 2307.47037298, 2327.16394746, 2369.9648715, 2338.59446825, 2275.74732263, 2258.48390885, 2282.59574628, 2223.93748868, 2180.08911009, 2130.74923013, 2128.89276232, 2109.34213759, 2127.46893168, 2132.14437036, 2064.03974922, 2116.42991266, 2097.6582568, 2110.59297175, 2072.34921597, 2022.46597432, 2008.11446312, 2012.56078907]",2442.407614756763,0.20811664764196025,1,97.17,97.17,Invest,N/A,N/A,N/A,N/A,N/A,N/A,N/A,N/A,N/A,N/A,N/A
ethereum_2026-06-01,ethereum,ETH,2026-06-01T00:00:00Z,2005.0520566280852,-0.8217647879230627,8798577983.65509,241980194646.4275,2,Layer 1 (L1),binance,-12.656102108137423,-15.397393406920557,NULL,NULL,NULL,none,none,0,0.0,NULL,"[2295.58344088, 2322.28716126, 2322.58786392, 2346.17130289, 2360.64436629, 2351.01374842, 2291.30259137, 2307.47037298, 2327.16394746, 2369.9648715, 2338.59446825, 2275.74732263, 2258.48390885, 2282.59574628, 2223.93748868, 2180.08911009, 2130.74923013, 2128.89276232, 2109.34213759, 2127.46893168, 2132.14437036, 2064.03974922, 2116.42991266, 2097.6582568, 2110.59297175, 2072.34921597, 2022.46597432, 2008.11446312, 2012.56078907, 2021.66539094]",2457.089335222437,0.22544914836502916,1,97.69,97.69,Invest,N/A,N/A,N/A,N/A,N/A,N/A,N/A,N/A,N/A,N/A,N/A
ethereum_2026-06-02,ethereum,ETH,2026-06-02T00:00:00Z,2003.5794472377934,-0.07344494550273195,17641251039.019615,241802405659.34933,2,Layer 1 (L1),binance,-13.72387185109556,-15.45952974522673,NULL,NULL,NULL,none,none,0,0.0,NULL,"[2322.28716126, 2322.58786392, 2346.17130289, 2360.64436629, 2351.01374842, 2291.30259137, 2307.47037298, 2327.16394746, 2369.9648715, 2338.59446825, 2275.74732263, 2258.48390885, 2282.59574628, 2223.93748868, 2180.08911009, 2130.74923013, 2128.89276232, 2109.34213759, 2127.46893168, 2132.14437036, 2064.03974922, 2116.42991266, 2097.6582568, 2110.59297175, 2072.34921597, 2022.46597432, 2008.11446312, 2012.56078907, 2021.66539094, 2005.05205663]",2416.2418165172735,0.20596256856616857,1,98.15,98.15,Invest,N/A,N/A,N/A,N/A,N/A,N/A,N/A,N/A,N/A,N/A,N/A
ethereum_2026-06-03,ethereum,ETH,2026-06-03T00:00:00Z,1858.3640479335945,-7.24779840921197,22398056413.249477,224276922375.7809,2,Layer 1 (L1),binance,-19.98735217707037,-21.586852603492513,NULL,NULL,NULL,none,none,0,0.0,NULL,"[2322.58786392, 2346.17130289, 2360.64436629, 2351.01374842, 2291.30259137, 2307.47037298, 2327.16394746, 2369.9648715, 2338.59446825, 2275.74732263, 2258.48390885, 2282.59574628, 2223.93748868, 2180.08911009, 2130.74923013, 2128.89276232, 2109.34213759, 2127.46893168, 2132.14437036, 2064.03974922, 2116.42991266, 2097.6582568, 2110.59297175, 2072.34921597, 2022.46597432, 2008.11446312, 2012.56078907, 2021.66539094, 2005.05205663, 2003.57944724]",2466.565659094493,0.3272779689411165,1,99.4,99.4,Invest,N/A,N/A,N/A,N/A,N/A,N/A,N/A,N/A,N/A,N/A,N/A
ethereum_2026-06-04,ethereum,ETH,2026-06-04T00:00:00Z,1811.7149905120527,-2.510221690600023,22460032720.27168,218646847414.9501,2,Layer 1 (L1),binance,-22.77993562205356,-23.555196437721815,NULL,NULL,NULL,none,none,0,0.0,NULL,"[2346.17130289, 2360.64436629, 2351.01374842, 2291.30259137, 2307.47037298, 2327.16394746, 2369.9648715, 2338.59446825, 2275.74732263, 2258.48390885, 2282.59574628, 2223.93748868, 2180.08911009, 2130.74923013, 2128.89276232, 2109.34213759, 2127.46893168, 2132.14437036, 2064.03974922, 2116.42991266, 2097.6582568, 2110.59297175, 2072.34921597, 2022.46597432, 2008.11446312, 2012.56078907, 2021.66539094, 2005.05205663, 2003.57944724, 1858.36404793]",2417.6758884733536,0.33446811509244934,1,99.58,99.58,Invest,N/A,N/A,N/A,N/A,N/A,N/A,N/A,N/A,N/A,N/A,N/A
ethereum_2026-06-05,ethereum,ETH,2026-06-05T00:00:00Z,1769.0317333338,-2.355958713251527,25717635461.02949,213495452809.0861,2,Layer 1 (L1),binance,-25.061489201906696,-25.356204448075314,NULL,NULL,NULL,none,none,0,0.0,NULL,"[2360.64436629, 2351.01374842, 2291.30259137, 2307.47037298, 2327.16394746, 2369.9648715, 2338.59446825, 2275.74732263, 2258.48390885, 2282.59574628, 2223.93748868, 2180.08911009, 2130.74923013, 2128.89276232, 2109.34213759, 2127.46893168, 2132.14437036, 2064.03974922, 2116.42991266, 2097.6582568, 2110.59297175, 2072.34921597, 2022.46597432, 2008.11446312, 2012.56078907, 2021.66539094, 2005.05205663, 2003.57944724, 1858.36404793, 1811.71499051]",2390.783044679688,0.3514641934512823,1,99.71,99.71,Invest,N/A,N/A,N/A,N/A,N/A,N/A,N/A,N/A,N/A,N/A,N/A
ethereum_2026-06-06,ethereum,ETH,2026-06-06T00:00:00Z,1582.4588294507628,-10.546611480588552,38205353386.90695,190978752181.88416,2,Layer 1 (L1),binance,-32.69036259286599,-33.22859555930165,NULL,NULL,NULL,none,none,0,0.0,NULL,"[2351.01374842, 2291.30259137, 2307.47037298, 2327.16394746, 2369.9648715, 2338.59446825, 2275.74732263, 2258.48390885, 2282.59574628, 2223.93748868, 2180.08911009, 2130.74923013, 2128.89276232, 2109.34213759, 2127.46893168, 2132.14437036, 2064.03974922, 2116.42991266, 2097.6582568, 2110.59297175, 2072.34921597, 2022.46597432, 2008.11446312, 2012.56078907, 2021.66539094, 2005.05205663, 2003.57944724, 1858.36404793, 1811.71499051, 1769.03173333]",2507.6482840896088,0.5846530964473555,1,99.93,99.93,Invest,N/A,N/A,N/A,N/A,N/A,N/A,N/A,N/A,N/A,N/A,N/A
ethereum_2026-06-07,ethereum,ETH,2026-06-07T00:00:00Z,1568.7027946407661,-0.8692823190080134,18640275407.494694,189318197707.50336,2,Layer 1 (L1),binance,-31.536637694819113,-33.809027572257975,NULL,NULL,NULL,none,none,0,0.0,NULL,"[2291.30259137, 2307.47037298, 2327.16394746, 2369.9648715, 2338.59446825, 2275.74732263, 2258.48390885, 2282.59574628, 2223.93748868, 2180.08911009, 2130.74923013, 2128.89276232, 2109.34213759, 2127.46893168, 2132.14437036, 2064.03974922, 2116.42991266, 2097.6582568, 2110.59297175, 2072.34921597, 2022.46597432, 2008.11446312, 2012.56078907, 2021.66539094, 2005.05205663, 2003.57944724, 1858.36404793, 1811.71499051, 1769.03173333, 1582.45882945]",2456.085066364875,0.5656790277646695,1,99.92,99.92,Invest,N/A,N/A,N/A,N/A,N/A,N/A,N/A,N/A,N/A,N/A,N/A
ethereum_2026-06-08,ethereum,ETH,2026-06-08T00:00:00Z,1687.8826846141703,7.597353072906099,16062772861.618362,203701307543.392,2,Layer 1 (L1),binance,-26.85138217256441,-28.78026569453248,NULL,NULL,NULL,none,none,0,0.0,NULL,"[2307.47037298, 2327.16394746, 2369.9648715, 2338.59446825, 2275.74732263, 2258.48390885, 2282.59574628, 2223.93748868, 2180.08911009, 2130.74923013, 2128.89276232, 2109.34213759, 2127.46893168, 2132.14437036, 2064.03974922, 2116.42991266, 2097.6582568, 2110.59297175, 2072.34921597, 2022.46597432, 2008.11446312, 2012.56078907, 2021.66539094, 2005.05205663, 2003.57944724, 1858.36404793, 1811.71499051, 1769.03173333, 1582.45882945, 1568.70279464]",2480.0031686031184,0.4692983056284017,1,99.81,99.81,Invest,N/A,N/A,N/A,N/A,N/A,N/A,N/A,N/A,N/A,N/A,N/A
ethereum_2026-06-09,ethereum,ETH,2026-06-09T00:00:00Z,1690.4950851700783,0.1547738228326656,17032455956.759356,204016538883.978,2,Layer 1 (L1),binance,-27.358143932445124,-28.67003618913665,NULL,NULL,NULL,none,none,0,0.0,NULL,"[2327.16394746, 2369.9648715, 2338.59446825, 2275.74732263, 2258.48390885, 2282.59574628, 2223.93748868, 2180.08911009, 2130.74923013, 2128.89276232, 2109.34213759, 2127.46893168, 2132.14437036, 2064.03974922, 2116.42991266, 2097.6582568, 2110.59297175, 2072.34921597, 2022.46597432, 2008.11446312, 2012.56078907, 2021.66539094, 2005.05205663, 2003.57944724, 1858.36404793, 1811.71499051, 1769.03173333, 1582.45882945, 1568.70279464, 1687.88268461]",2514.0092688310365,0.4871437905293323,1,99.81,99.81,Invest,N/A,N/A,N/A,N/A,N/A,N/A,N/A,N/A,N/A,N/A,N/A
ethereum_2026-06-10,ethereum,ETH,2026-06-10T00:00:00Z,1638.7504135601862,-3.0609181927722773,14438363030.352573,197771660387.75195,2,Layer 1 (L1),binance,-30.853388028321238,-30.853388028321238,NULL,NULL,NULL,none,none,0,0.0,NULL,"[2369.9648715, 2338.59446825, 2275.74732263, 2258.48390885, 2282.59574628, 2223.93748868, 2180.08911009, 2130.74923013, 2128.89276232, 2109.34213759, 2127.46893168, 2132.14437036, 2064.03974922, 2116.42991266, 2097.6582568, 2110.59297175, 2072.34921597, 2022.46597432, 2008.11446312, 2012.56078907, 2021.66539094, 2005.05205663, 2003.57944724, 1858.36404793, 1811.71499051, 1769.03173333, 1582.45882945, 1568.70279464, 1687.88268461, 1690.49508517]",2489.3967543757462,0.5190823042830119,1,99.87,99.87,Invest,N/A,N/A,N/A,N/A,N/A,N/A,N/A,N/A,N/A,N/A,N/A
ethereum_2026-06-11,ethereum,ETH,2026-06-11T00:00:00Z,1620.917390707054,-1.088208595132556,12687812229.500313,195619412992.2519,2,Layer 1 (L1),binance,-30.688393703420523,-30.688393703420523,NULL,NULL,NULL,none,none,0,0.0,NULL,"[2338.59446825, 2275.74732263, 2258.48390885, 2282.59574628, 2223.93748868, 2180.08911009, 2130.74923013, 2128.89276232, 2109.34213759, 2127.46893168, 2132.14437036, 2064.03974922, 2116.42991266, 2097.6582568, 2110.59297175, 2072.34921597, 2022.46597432, 2008.11446312, 2012.56078907, 2021.66539094, 2005.05205663, 2003.57944724, 1858.36404793, 1811.71499051, 1769.03173333, 1582.45882945, 1568.70279464, 1687.88268461, 1690.49508517, 1638.75041356]",2485.0697039871584,0.5331254499670437,1,99.86,99.86,Invest,N/A,N/A,N/A,N/A,N/A,N/A,N/A,N/A,N/A,N/A,N/A
ethereum_2026-06-12,ethereum,ETH,2026-06-12T00:00:00Z,1671.86904676229,3.1433838854064478,12635592497.522842,201768387468.37537,2,Layer 1 (L1),binance,-26.53538333819643,-26.755797670755765,NULL,NULL,NULL,none,none,0,0.0,NULL,"[2275.74732263, 2258.48390885, 2282.59574628, 2223.93748868, 2180.08911009, 2130.74923013, 2128.89276232, 2109.34213759, 2127.46893168, 2132.14437036, 2064.03974922, 2116.42991266, 2097.6582568, 2110.59297175, 2072.34921597, 2022.46597432, 2008.11446312, 2012.56078907, 2021.66539094, 2005.05205663, 2003.57944724, 1858.36404793, 1811.71499051, 1769.03173333, 1582.45882945, 1568.70279464, 1687.88268461, 1690.49508517, 1638.75041356, 1620.91739071]",2467.529167979314,0.4759105521798399,1,99.71,99.71,Invest,N/A,N/A,N/A,N/A,N/A,N/A,N/A,N/A,N/A,N/A,N/A
ethereum_2026-06-13,ethereum,ETH,2026-06-13T00:00:00Z,1665.5551249935475,-0.3776564785962222,10271188237.766333,201006326715.53604,2,Layer 1 (L1),binance,-26.253398642001702,-27.032409146048273,NULL,NULL,NULL,none,none,0,0.0,NULL,"[2258.48390885, 2282.59574628, 2223.93748868, 2180.08911009, 2130.74923013, 2128.89276232, 2109.34213759, 2127.46893168, 2132.14437036, 2064.03974922, 2116.42991266, 2097.6582568, 2110.59297175, 2072.34921597, 2022.46597432, 2008.11446312, 2012.56078907, 2021.66539094, 2005.05205663, 2003.57944724, 1858.36404793, 1811.71499051, 1769.03173333, 1582.45882945, 1568.70279464, 1687.88268461, 1690.49508517, 1638.75041356, 1620.91739071, 1671.86904676]",2437.514812545618,0.46348492221478477,1,99.7,99.7,Invest,N/A,N/A,N/A,N/A,N/A,N/A,N/A,N/A,N/A,N/A,N/A
ethereum_2026-06-14,ethereum,ETH,2026-06-14T00:00:00Z,1680.3055520030994,0.8856162602008721,6441342040.178422,202786394956.7776,2,Layer 1 (L1),binance,-26.386196296768837,-26.386196296768837,NULL,NULL,NULL,none,none,0,0.0,NULL,"[2282.59574628, 2223.93748868, 2180.08911009, 2130.74923013, 2128.89276232, 2109.34213759, 2127.46893168, 2132.14437036, 2064.03974922, 2116.42991266, 2097.6582568, 2110.59297175, 2072.34921597, 2022.46597432, 2008.11446312, 2012.56078907, 2021.66539094, 2005.05205663, 2003.57944724, 1858.36404793, 1811.71499051, 1769.03173333, 1582.45882945, 1568.70279464, 1687.88268461, 1690.49508517, 1638.75041356, 1620.91739071, 1671.86904676, 1665.55512499]",2514.846819245876,0.4966604236044547,1,99.63,99.63,Invest,N/A,N/A,N/A,N/A,N/A,N/A,N/A,N/A,N/A,N/A,N/A
ethereum_2026-06-15,ethereum,ETH,2026-06-15T00:00:00Z,1725.448928079916,2.686617087172083,8722419528.693426,208234439253.2255,2,Layer 1 (L1),binance,-22.41468400702623,-22.41468400702623,NULL,NULL,NULL,none,none,0,0.0,NULL,"[2223.93748868, 2180.08911009, 2130.74923013, 2128.89276232, 2109.34213759, 2127.46893168, 2132.14437036, 2064.03974922, 2116.42991266, 2097.6582568, 2110.59297175, 2072.34921597, 2022.46597432, 2008.11446312, 2012.56078907, 2021.66539094, 2005.05205663, 2003.57944724, 1858.36404793, 1811.71499051, 1769.03173333, 1582.45882945, 1568.70279464, 1687.88268461, 1690.49508517, 1638.75041356, 1620.91739071, 1671.86904676, 1665.55512499, 1680.305552]",2525.267261590238,0.46354216603812315,1,99.3,99.3,Invest,N/A,N/A,N/A,N/A,N/A,N/A,N/A,N/A,N/A,N/A,N/A
ethereum_2026-06-16,ethereum,ETH,2026-06-16T00:00:00Z,1794.9576599037732,4.028443304966833,17421141494.745083,216622998493.3419,2,Layer 1 (L1),binance,-17.66585817066586,-17.66585817066586,NULL,NULL,NULL,none,none,0,0.0,NULL,"[2180.08911009, 2130.74923013, 2128.89276232, 2109.34213759, 2127.46893168, 2132.14437036, 2064.03974922, 2116.42991266, 2097.6582568, 2110.59297175, 2072.34921597, 2022.46597432, 2008.11446312, 2012.56078907, 2021.66539094, 2005.05205663, 2003.57944724, 1858.36404793, 1811.71499051, 1769.03173333, 1582.45882945, 1568.70279464, 1687.88268461, 1690.49508517, 1638.75041356, 1620.91739071, 1671.86904676, 1665.55512499, 1680.305552, 1725.44892808]",2476.682526163658,0.37979997048868097,1,98.66,98.66,Invest,N/A,N/A,N/A,N/A,N/A,N/A,N/A,N/A,N/A,N/A,N/A
ethereum_2026-06-17,ethereum,ETH,2026-06-17T00:00:00Z,1791.3886783051394,-0.19883374846987323,14895312465.041277,216192147348.88727,2,Layer 1 (L1),binance,-15.926817995421338,-15.981830160840826,NULL,NULL,NULL,none,none,0,0.0,NULL,"[2130.74923013, 2128.89276232, 2109.34213759, 2127.46893168, 2132.14437036, 2064.03974922, 2116.42991266, 2097.6582568, 2110.59297175, 2072.34921597, 2022.46597432, 2008.11446312, 2012.56078907, 2021.66539094, 2005.05205663, 2003.57944724, 1858.36404793, 1811.71499051, 1769.03173333, 1582.45882945, 1568.70279464, 1687.88268461, 1690.49508517, 1638.75041356, 1620.91739071, 1671.86904676, 1665.55512499, 1680.305552, 1725.44892808, 1794.9576599]",2514.759550467769,0.4038045349527506,1,98.09,98.09,Invest,N/A,N/A,N/A,N/A,N/A,N/A,N/A,N/A,N/A,N/A,N/A
ethereum_2026-06-18,ethereum,ETH,2026-06-18T00:00:00Z,1748.7549735206103,-2.3799248762063963,14238667168.314316,211046873391.0524,2,Layer 1 (L1),binance,-17.856126693220475,-17.981399485376325,NULL,NULL,NULL,none,none,0,0.0,NULL,"[2128.89276232, 2109.34213759, 2127.46893168, 2132.14437036, 2064.03974922, 2116.42991266, 2097.6582568, 2110.59297175, 2072.34921597, 2022.46597432, 2008.11446312, 2012.56078907, 2021.66539094, 2005.05205663, 2003.57944724, 1858.36404793, 1811.71499051, 1769.03173333, 1582.45882945, 1568.70279464, 1687.88268461, 1690.49508517, 1638.75041356, 1620.91739071, 1671.86904676, 1665.55512499, 1680.305552, 1725.44892808, 1794.9576599, 1791.38867831]",2397.4972601650115,0.3709738050599205,1,98.63,98.63,Invest,N/A,N/A,N/A,N/A,N/A,N/A,N/A,N/A,N/A,N/A,N/A
ethereum_2026-06-19,ethereum,ETH,2026-06-19T00:00:00Z,1710.079110757131,-2.2116227458450988,13166567999.261673,206379242687.9148,2,Layer 1 (L1),binance,-18.928319864117793,-19.795341510181565,NULL,NULL,NULL,none,none,0,0.0,NULL,"[2109.34213759, 2127.46893168, 2132.14437036, 2064.03974922, 2116.42991266, 2097.6582568, 2110.59297175, 2072.34921597, 2022.46597432, 2008.11446312, 2012.56078907, 2021.66539094, 2005.05205663, 2003.57944724, 1858.36404793, 1811.71499051, 1769.03173333, 1582.45882945, 1568.70279464, 1687.88268461, 1690.49508517, 1638.75041356, 1620.91739071, 1671.86904676, 1665.55512499, 1680.305552, 1725.44892808, 1794.9576599, 1791.38867831, 1748.75497352]",2415.9596535242995,0.4127765425160024,1,98.96,98.96,Invest,N/A,N/A,N/A,N/A,N/A,N/A,N/A,N/A,N/A,N/A,N/A
ethereum_2026-06-20,ethereum,ETH,2026-06-20T00:00:00Z,1708.87855388619,-0.07020475622379063,8744393544.88749,206234250069.17407,2,Layer 1 (L1),binance,-19.675510723728408,-19.85164899515447,NULL,NULL,NULL,none,none,0,0.0,NULL,"[2127.46893168, 2132.14437036, 2064.03974922, 2116.42991266, 2097.6582568, 2110.59297175, 2072.34921597, 2022.46597432, 2008.11446312, 2012.56078907, 2021.66539094, 2005.05205663, 2003.57944724, 1858.36404793, 1811.71499051, 1769.03173333, 1582.45882945, 1568.70279464, 1687.88268461, 1690.49508517, 1638.75041356, 1620.91739071, 1671.86904676, 1665.55512499, 1680.305552, 1725.44892808, 1794.9576599, 1791.38867831, 1748.75497352, 1710.07911076]",2460.7734099765744,0.43999314894583197,1,98.86,98.86,Invest,N/A,N/A,N/A,N/A,N/A,N/A,N/A,N/A,N/A,N/A,N/A
ethereum_2026-06-21,ethereum,ETH,2026-06-21T00:00:00Z,1739.2769352743533,1.7788497210075915,8660156114.59372,209902786728.71887,2,Layer 1 (L1),binance,-18.425930276912585,-18.425930276912585,NULL,NULL,NULL,none,none,0,0.0,NULL,"[2132.14437036, 2064.03974922, 2116.42991266, 2097.6582568, 2110.59297175, 2072.34921597, 2022.46597432, 2008.11446312, 2012.56078907, 2021.66539094, 2005.05205663, 2003.57944724, 1858.36404793, 1811.71499051, 1769.03173333, 1582.45882945, 1568.70279464, 1687.88268461, 1690.49508517, 1638.75041356, 1620.91739071, 1671.86904676, 1665.55512499, 1680.305552, 1725.44892808, 1794.9576599, 1791.38867831, 1748.75497352, 1710.07911076, 1708.87855389]",2460.7734099765744,0.41482552897098723,1,98.55,98.55,Invest,N/A,N/A,N/A,N/A,N/A,N/A,N/A,N/A,N/A,N/A,N/A
ethereum_2026-06-22,ethereum,ETH,2026-06-22T00:00:00Z,1704.9130137257484,-1.9757590554826843,9501777100.678152,205755555330.1328,2,Layer 1 (L1),binance,-17.39921605817314,-19.443918103329295,NULL,NULL,NULL,none,none,0,0.0,NULL,"[2064.03974922, 2116.42991266, 2097.6582568, 2110.59297175, 2072.34921597, 2022.46597432, 2008.11446312, 2012.56078907, 2021.66539094, 2005.05205663, 2003.57944724, 1858.36404793, 1811.71499051, 1769.03173333, 1582.45882945, 1568.70279464, 1687.88268461, 1690.49508517, 1638.75041356, 1620.91739071, 1671.86904676, 1665.55512499, 1680.305552, 1725.44892808, 1794.9576599, 1791.38867831, 1748.75497352, 1710.07911076, 1708.87855389, 1739.27693527]",2460.7734099765744,0.44334249909855705,1,98.75,98.75,Invest,N/A,N/A,N/A,N/A,N/A,N/A,N/A,N/A,N/A,N/A,N/A
ethereum_2026-06-23,ethereum,ETH,2026-06-23T00:00:00Z,1725.1620208904676,1.1876856474025699,14844534842.973106,208199241296.49207,2,Layer 1 (L1),binance,-18.487165080532677,-18.487165080532677,NULL,NULL,NULL,none,none,0,0.0,NULL,"[2116.42991266, 2097.6582568, 2110.59297175, 2072.34921597, 2022.46597432, 2008.11446312, 2012.56078907, 2021.66539094, 2005.05205663, 2003.57944724, 1858.36404793, 1811.71499051, 1769.03173333, 1582.45882945, 1568.70279464, 1687.88268461, 1690.49508517, 1638.75041356, 1620.91739071, 1671.86904676, 1665.55512499, 1680.305552, 1725.44892808, 1794.9576599, 1791.38867831, 1748.75497352, 1710.07911076, 1708.87855389, 1739.27693527, 1704.91301373]",2460.7734099765744,0.4264013351664271,1,98.75,98.75,Invest,N/A,N/A,N/A,N/A,N/A,N/A,N/A,N/A,N/A,N/A,N/A
ethereum_2026-06-24,ethereum,ETH,2026-06-24T00:00:00Z,1665.7162407218393,-3.445808535591599,11028765091.96417,201025025282.61243,2,Layer 1 (L1),binance,-20.591629483919714,-21.07828164799833,"Former Ethereum Foundation Researchers Launch Ethlabs R & D Lab | Robert Kiyosaki Says Bitcoin , Ethereum Remain On His Radar : I Think Our Global Leaders Are Incompetent",NULL,"Former Ethereum Foundation Researchers Launch Ethlabs R & D Lab | Robert Kiyosaki Says Bitcoin , Ethereum Remain On His Radar : I Think Our Global Leaders Are Incompetent",bullish,none,2,5.0,"Former Ethereum Foundation Researchers Launch Ethlabs R & D Lab | Robert Kiyosaki Says Bitcoin , Ethereum Remain On His Radar : I Think Our Global Leaders Are Incompetent","[2097.6582568, 2110.59297175, 2072.34921597, 2022.46597432, 2008.11446312, 2012.56078907, 2021.66539094, 2005.05205663, 2003.57944724, 1858.36404793, 1811.71499051, 1769.03173333, 1582.45882945, 1568.70279464, 1687.88268461, 1690.49508517, 1638.75041356, 1620.91739071, 1671.86904676, 1665.55512499, 1680.305552, 1725.44892808, 1794.9576599, 1791.38867831, 1748.75497352, 1710.07911076, 1708.87855389, 1739.27693527, 1704.91301373, 1725.16202089]",2460.7734099765744,0.47730648823487276,1,99.12,100.0,Invest,N/A,N/A,N/A,N/A,N/A,N/A,N/A,N/A,N/A,N/A,N/A
ethereum_2026-06-25,ethereum,ETH,2026-06-25T00:00:00Z,1620.6434082953833,-2.705913007543448,14564492017.893734,195585379105.89435,2,Layer 1 (L1),binance,-23.21383469066195,-23.21383469066195,New Crypto : Ethereum Based Crypto Pepeto Approaches Binance Debut While Cardano Price Target Is Bullish,NULL,New Crypto : Ethereum Based Crypto Pepeto Approaches Binance Debut While Cardano Price Target Is Bullish,bullish,none,1,5.0,New Crypto : Ethereum Based Crypto Pepeto Approaches Binance Debut While Cardano Price Target Is Bullish,"[2110.59297175, 2072.34921597, 2022.46597432, 2008.11446312, 2012.56078907, 2021.66539094, 2005.05205663, 2003.57944724, 1858.36404793, 1811.71499051, 1769.03173333, 1582.45882945, 1568.70279464, 1687.88268461, 1690.49508517, 1638.75041356, 1620.91739071, 1671.86904676, 1665.55512499, 1680.305552, 1725.44892808, 1794.9576599, 1791.38867831, 1748.75497352, 1710.07911076, 1708.87855389, 1739.27693527, 1704.91301373, 1725.16202089, 1665.71624072]",2460.7734099765744,0.5183928786437062,1,99.44,100.0,Invest,N/A,N/A,N/A,N/A,N/A,N/A,N/A,N/A,N/A,N/A,N/A
ethereum_2026-06-26,ethereum,ETH,2026-06-26T00:00:00Z,1566.0081297519519,-3.3712091298910507,15715979048.939772,188991665755.70743,2,Layer 1 (L1),binance,-24.433193127825636,-24.433193127825636,"Ethereum Prognose nach Stellenabbau . Warum 54 Kündigungen den Kurs nicht allein erklären | Eightco Holdings ( NASDAQ : ORBS ) meldet Gesamtbestände von rund 436 Millionen US - Dollar , darunter Beteiligungen an OpenAI und Beast Industries , mehr als 16 000 ETH sowie über 283 Millionen WLD - Token | Bitcoin At $60 , 000 , Ethereum , XRP , Dogecoin Hold Steady As Analysts Say Market Is Getting Spicy",NULL,"Ethereum Prognose nach Stellenabbau . Warum 54 Kündigungen den Kurs nicht allein erklären | Eightco Holdings ( NASDAQ : ORBS ) meldet Gesamtbestände von rund 436 Millionen US - Dollar , darunter Beteiligungen an OpenAI und Beast Industries , mehr als 16 000 ETH sowie über 283 Millionen WLD - Token | Bitcoin At $60 , 000 , Ethereum , XRP , Dogecoin Hold Steady As Analysts Say Market Is Getting Spicy",neutral,none,3,0.0,"Ethereum Prognose nach Stellenabbau . Warum 54 Kündigungen den Kurs nicht allein erklären | Eightco Holdings ( NASDAQ : ORBS ) meldet Gesamtbestände von rund 436 Millionen US - Dollar , darunter Beteiligungen an OpenAI und Beast Industries , mehr als 16 000 ETH sowie über 283 Millionen WLD - Token | Bitcoin At $60 , 000 , Ethereum , XRP , Dogecoin Hold Steady As Analysts Say Market Is Getting Spicy","[2072.34921597, 2022.46597432, 2008.11446312, 2012.56078907, 2021.66539094, 2005.05205663, 2003.57944724, 1858.36404793, 1811.71499051, 1769.03173333, 1582.45882945, 1568.70279464, 1687.88268461, 1690.49508517, 1638.75041356, 1620.91739071, 1671.86904676, 1665.55512499, 1680.305552, 1725.44892808, 1794.9576599, 1791.38867831, 1748.75497352, 1710.07911076, 1708.87855389, 1739.27693527, 1704.91301373, 1725.16202089, 1665.71624072, 1620.6434083]",2460.7734099765744,0.5713669445422029,1,99.55,99.55,Invest,N/A,N/A,N/A,N/A,N/A,N/A,N/A,N/A,N/A,N/A,N/A
ethereum_2026-09-26,ethereum,ETH,2026-09-26T00:00:00Z,2460.7734099765744,57.13669445422029,16304375605.52122,300352182965.3132,2,Layer 1 (L1),binance,-1.81817467997617,-2.5539416201455722,NULL,"Bitcoin and ethereum prices today, Friday, September 25, 2026: Is bitcoin finally on a path to $250,000? | Ethereum Flashes 3 On-Chain Signals That Buyers Are Still Around | Ethereum and Solana: Recent Gains and Upcoming Changes In September | 1.68 Million ETH Waiting to Stake, 154,000 ETH Ready to Leave: Is This a Bottom for Ethereum? | SECZ Stock Jumps As Cathie Wood's ARK Tokenizes Venture Fund With Securitize On Ethereum | Ethereum Breaks a Year-Long Pattern. The Chart Still Has One Warning | Ethereum Rises 8% in a Month, but Arbitrum Soars 135%. Is Robinhood Chain to Blame?","Bitcoin and ethereum prices today, Friday, September 25, 2026: Is bitcoin finally on a path to $250,000? | Ethereum Flashes 3 On-Chain Signals That Buyers Are Still Around | Ethereum and Solana: Recent Gains and Upcoming Changes In September | 1.68 Million ETH Waiting to Stake, 154,000 ETH Ready to Leave: Is This a Bottom for Ethereum? | SECZ Stock Jumps As Cathie Wood's ARK Tokenizes Venture Fund With Securitize On Ethereum | Ethereum Breaks a Year-Long Pattern. The Chart Still Has One Warning | Ethereum Rises 8% in a Month, but Arbitrum Soars 135%. Is Robinhood Chain to Blame?",neutral,none,7,0.0,"Bitcoin and ethereum prices today, Friday, September 25, 2026: Is bitcoin finally on a path to $250,000? | Ethereum Flashes 3 On-Chain Signals That Buyers Are Still Around | Ethereum and Solana: Recent Gains and Upcoming Changes In September | 1.68 Million ETH Waiting to Stake, 154,000 ETH Ready to Leave: Is This a Bottom for Ethereum? | SECZ Stock Jumps As Cathie Wood's ARK Tokenizes Venture Fund With Securitize On Ethereum | Ethereum Breaks a Year-Long Pattern. The Chart Still Has One Warning | Ethereum Rises 8% in a Month, but Arbitrum Soars 135%. Is Robinhood Chain to Blame?","[2506.34310572, 2511.46124106, 2442.40761476, 2457.08933522, 2416.24181652, 2466.56565909, 2417.67588847, 2390.78304468, 2507.64828409, 2456.08506636, 2480.0031686, 2514.00926883, 2489.39675438, 2485.06970399, 2467.52916798, 2437.51481255, 2514.84681925, 2525.26726159, 2476.68252616, 2514.75955047, 2397.49726017, 2415.95965352, 2460.77340998]",2460.7734099765744,0.0,0,85.56,85.56,Invest,1,1,2460.7734099765744,0,0.0,0,0,-999,8.556,77.4977,0.0
solana_2026-05-24,solana,SOL,2026-05-24T00:00:00Z,85.6707931191255,1.6117853351031552,3286970015.1963525,49526223443.17703,4,Layer 1 (L1),binance,-0.5448750159972149,-11.90882479094525,NULL,NULL,NULL,none,none,0,0.0,NULL,"[86.14014927, 86.21855422, 86.19672545, 86.93731595, 84.80959101, 84.04602359, 83.03560021, 83.03995076, 83.74516061, 84.26275843, 83.84166473, 84.08449537, 86.30486668, 89.16544229, 88.43226804, 92.00519013, 93.14241862, 96.41094366, 97.25241253, 94.2851237, 91.11811094, 92.11986534, 89.19910496, 86.51689163, 85.18280455, 85.31915789, 84.19081048, 86.0586586, 87.17389465, 84.31186681]",93.69380351149786,0.0936493068438895,1,66.1,66.1,Invest,N/A,N/A,N/A,N/A,N/A,N/A,N/A,N/A,N/A,N/A,N/A
solana_2026-05-25,solana,SOL,2026-05-25T00:00:00Z,85.22303380051963,-0.5226510719741562,2299313017.9576964,49267316580.51776,4,Layer 1 (L1),binance,-1.1546475395559974,-12.369234262490004,NULL,NULL,NULL,none,none,0,0.0,NULL,"[86.21855422, 86.19672545, 86.93731595, 84.80959101, 84.04602359, 83.03560021, 83.03995076, 83.74516061, 84.26275843, 83.84166473, 84.08449537, 86.30486668, 89.16544229, 88.43226804, 92.00519013, 93.14241862, 96.41094366, 97.25241253, 94.2851237, 91.11811094, 92.11986534, 89.19910496, 86.51689163, 85.18280455, 85.31915789, 84.19081048, 86.0586586, 87.17389465, 84.31186681, 85.67079312]",93.88470787526389,0.10163536415540553,1,65.8,65.8,Invest,N/A,N/A,N/A,N/A,N/A,N/A,N/A,N/A,N/A,N/A,N/A
solana_2026-05-26,solana,SOL,2026-05-26T00:00:00Z,84.97682971506052,-0.28889382890944226,1803658756.1874142,49135057185.50831,4,Layer 1 (L1),binance,-1.4152460275351442,-12.622394136931769,NULL,NULL,NULL,none,none,0,0.0,NULL,"[86.19672545, 86.93731595, 84.80959101, 84.04602359, 83.03560021, 83.03995076, 83.74516061, 84.26275843, 83.84166473, 84.08449537, 86.30486668, 89.16544229, 88.43226804, 92.00519013, 93.14241862, 96.41094366, 97.25241253, 94.2851237, 91.11811094, 92.11986534, 89.19910496, 86.51689163, 85.18280455, 85.31915789, 84.19081048, 86.0586586, 87.17389465, 84.31186681, 85.67079312, 85.2230338]",95.4075653871385,0.1227479973900385,1,65.31,65.31,Invest,N/A,N/A,N/A,N/A,N/A,N/A,N/A,N/A,N/A,N/A,N/A
solana_2026-05-27,solana,SOL,2026-05-27T00:00:00Z,83.66751400447032,-1.5407914310059834,2554928810.7284603,48378632579.133644,4,Layer 1 (L1),binance,-3.7611029414077346,-13.968700800688104,NULL,NULL,NULL,none,none,0,0.0,NULL,"[86.93731595, 84.80959101, 84.04602359, 83.03560021, 83.03995076, 83.74516061, 84.26275843, 83.84166473, 84.08449537, 86.30486668, 89.16544229, 88.43226804, 92.00519013, 93.14241862, 96.41094366, 97.25241253, 94.2851237, 91.11811094, 92.11986534, 89.19910496, 86.51689163, 85.18280455, 85.31915789, 84.19081048, 86.0586586, 87.17389465, 84.31186681, 85.67079312, 85.2230338, 84.97682972]",98.86721922605619,0.181667943674934,1,72.84,72.84,Invest,N/A,N/A,N/A,N/A,N/A,N/A,N/A,N/A,N/A,N/A,N/A
solana_2026-05-28,solana,SOL,2026-05-28T00:00:00Z,82.33204554881856,-1.596161271841312,2299355218.816243,47616199394.08051,4,Layer 1 (L1),binance,-2.921303394036878,-15.341899080169451,NULL,NULL,NULL,none,none,0,0.0,NULL,"[84.80959101, 84.04602359, 83.03560021, 83.03995076, 83.74516061, 84.26275843, 83.84166473, 84.08449537, 86.30486668, 89.16544229, 88.43226804, 92.00519013, 93.14241862, 96.41094366, 97.25241253, 94.2851237, 91.11811094, 92.11986534, 89.19910496, 86.51689163, 85.18280455, 85.31915789, 84.19081048, 86.0586586, 87.17389465, 84.31186681, 85.67079312, 85.2230338, 84.97682972, 83.667514]",96.57633057135781,0.1730102164666023,1,75.91,75.91,Invest,N/A,N/A,N/A,N/A,N/A,N/A,N/A,N/A,N/A,N/A,N/A
solana_2026-05-29,solana,SOL,2026-05-29T00:00:00Z,82.0439463262634,-0.34992355726706226,2658713917.7802296,47448837599.658295,4,Layer 1 (L1),binance,-2.382120150172018,-15.63813771842285,NULL,NULL,NULL,none,none,0,0.0,NULL,"[84.04602359, 83.03560021, 83.03995076, 83.74516061, 84.26275843, 83.84166473, 84.08449537, 86.30486668, 89.16544229, 88.43226804, 92.00519013, 93.14241862, 96.41094366, 97.25241253, 94.2851237, 91.11811094, 92.11986534, 89.19910496, 86.51689163, 85.18280455, 85.31915789, 84.19081048, 86.0586586, 87.17389465, 84.31186681, 85.67079312, 85.2230338, 84.97682972, 83.667514, 82.33204555]",102.04890414405412,0.24383222301664031,1,77.2,77.2,Invest,N/A,N/A,N/A,N/A,N/A,N/A,N/A,N/A,N/A,N/A,N/A
solana_2026-05-30,solana,SOL,2026-05-30T00:00:00Z,81.9770412126185,-0.08154789797510942,2377985277.4282727,47419837877.91925,4,Layer 1 (L1),binance,-1.2748254847513407,-15.706933043806137,NULL,NULL,NULL,none,none,0,0.0,NULL,"[83.03560021, 83.03995076, 83.74516061, 84.26275843, 83.84166473, 84.08449537, 86.30486668, 89.16544229, 88.43226804, 92.00519013, 93.14241862, 96.41094366, 97.25241253, 94.2851237, 91.11811094, 92.11986534, 89.19910496, 86.51689163, 85.18280455, 85.31915789, 84.19081048, 86.0586586, 87.17389465, 84.31186681, 85.67079312, 85.2230338, 84.97682972, 83.667514, 82.33204555, 82.04394633]",109.17730597799657,0.33180344597739886,1,76.4,76.4,Invest,N/A,N/A,N/A,N/A,N/A,N/A,N/A,N/A,N/A,N/A,N/A
solana_2026-05-31,solana,SOL,2026-05-31T00:00:00Z,82.68649732797877,0.8654326929416811,1377376877.9563878,47830171320.03477,4,Layer 1 (L1),binance,-0.4256426301774807,-14.977433284484022,NULL,NULL,NULL,none,none,0,0.0,NULL,"[83.03995076, 83.74516061, 84.26275843, 83.84166473, 84.08449537, 86.30486668, 89.16544229, 88.43226804, 92.00519013, 93.14241862, 96.41094366, 97.25241253, 94.2851237, 91.11811094, 92.11986534, 89.19910496, 86.51689163, 85.18280455, 85.31915789, 84.19081048, 86.0586586, 87.17389465, 84.31186681, 85.67079312, 85.2230338, 84.97682972, 83.667514, 82.33204555, 82.04394633, 81.97704121]",104.11408013203007,0.25914246577718814,1,70.99,70.99,Invest,N/A,N/A,N/A,N/A,N/A,N/A,N/A,N/A,N/A,N/A,N/A
solana_2026-06-01,solana,SOL,2026-06-01T00:00:00Z,82.33762528669455,-0.4219214171092722,1344660031.4575894,47638112086.279015,4,Layer 1 (L1),binance,-1.6807363109686557,-15.336161702832795,NULL,NULL,NULL,none,none,0,0.0,NULL,"[83.74516061, 84.26275843, 83.84166473, 84.08449537, 86.30486668, 89.16544229, 88.43226804, 92.00519013, 93.14241862, 96.41094366, 97.25241253, 94.2851237, 91.11811094, 92.11986534, 89.19910496, 86.51689163, 85.18280455, 85.31915789, 84.19081048, 86.0586586, 87.17389465, 84.31186681, 85.67079312, 85.2230338, 84.97682972, 83.667514, 82.33204555, 82.04394633, 81.97704121, 82.68649733]",105.5938871300456,0.2824499949127046,1,72.55,72.55,Invest,N/A,N/A,N/A,N/A,N/A,N/A,N/A,N/A,N/A,N/A,N/A
solana_2026-06-02,solana,SOL,2026-06-02T00:00:00Z,81.16096271852808,-1.429070323645354,2750502933.2222457,46937390243.63532,4,Layer 1 (L1),binance,-3.6810991844286045,-16.546067490796702,NULL,NULL,NULL,none,none,0,0.0,NULL,"[84.26275843, 83.84166473, 84.08449537, 86.30486668, 89.16544229, 88.43226804, 92.00519013, 93.14241862, 96.41094366, 97.25241253, 94.2851237, 91.11811094, 92.11986534, 89.19910496, 86.51689163, 85.18280455, 85.31915789, 84.19081048, 86.0586586, 87.17389465, 84.31186681, 85.67079312, 85.2230338, 84.97682972, 83.667514, 82.33204555, 82.04394633, 81.97704121, 82.68649733, 82.33762529]",101.68286901296827,0.2528543970777133,1,80.17,80.17,Invest,N/A,N/A,N/A,N/A,N/A,N/A,N/A,N/A,N/A,N/A,N/A
solana_2026-06-03,solana,SOL,2026-06-03T00:00:00Z,74.13901501343945,-8.65187827976024,3680255553.8008966,42885187245.11338,4,Layer 1 (L1),binance,-11.572587151310888,-23.766400151166234,NULL,NULL,NULL,none,none,0,0.0,NULL,"[83.84166473, 84.08449537, 86.30486668, 89.16544229, 88.43226804, 92.00519013, 93.14241862, 96.41094366, 97.25241253, 94.2851237, 91.11811094, 92.11986534, 89.19910496, 86.51689163, 85.18280455, 85.31915789, 84.19081048, 86.0586586, 87.17389465, 84.31186681, 85.67079312, 85.2230338, 84.97682972, 83.667514, 82.33204555, 82.04394633, 81.97704121, 82.68649733, 82.33762529, 81.16096272]",103.01068194219994,0.3894260926386306,1,93.99,93.99,Invest,N/A,N/A,N/A,N/A,N/A,N/A,N/A,N/A,N/A,N/A,N/A
solana_2026-06-04,solana,SOL,2026-06-04T00:00:00Z,71.5436851656655,-3.5006262860431736,3696685803.9439883,41383885800.11384,4,Layer 1 (L1),binance,-14.91453346654652,-26.435053586271472,NULL,NULL,NULL,none,none,0,0.0,NULL,"[84.08449537, 86.30486668, 89.16544229, 88.43226804, 92.00519013, 93.14241862, 96.41094366, 97.25241253, 94.2851237, 91.11811094, 92.11986534, 89.19910496, 86.51689163, 85.18280455, 85.31915789, 84.19081048, 86.0586586, 87.17389465, 84.31186681, 85.67079312, 85.2230338, 84.97682972, 83.667514, 82.33204555, 82.04394633, 81.97704121, 82.68649733, 82.33762529, 81.16096272, 74.13901501]",99.96528544069069,0.3972621791736415,1,96.19,96.19,Invest,N/A,N/A,N/A,N/A,N/A,N/A,N/A,N/A,N/A,N/A,N/A
solana_2026-06-05,solana,SOL,2026-06-05T00:00:00Z,68.81086787182636,-3.8197882699375407,5064102121.535027,39811227259.98783,4,Layer 1 (L1),binance,-20.2700027053914,-29.24507878016891,NULL,NULL,NULL,none,none,0,0.0,NULL,"[86.30486668, 89.16544229, 88.43226804, 92.00519013, 93.14241862, 96.41094366, 97.25241253, 94.2851237, 91.11811094, 92.11986534, 89.19910496, 86.51689163, 85.18280455, 85.31915789, 84.19081048, 86.0586586, 87.17389465, 84.31186681, 85.67079312, 85.2230338, 84.97682972, 83.667514, 82.33204555, 82.04394633, 81.97704121, 82.68649733, 82.33762529, 81.16096272, 74.13901501, 71.54368517]",100.39064957766638,0.4589359600094496,1,97.93,97.93,Invest,N/A,N/A,N/A,N/A,N/A,N/A,N/A,N/A,N/A,N/A,N/A
solana_2026-06-06,solana,SOL,2026-06-06T00:00:00Z,63.63313109112329,-7.524591595542162,6676438823.787654,36815546115.86572,4,Layer 1 (L1),binance,-28.634760896771006,-34.5690976357088,Solana and Dogecoin Both Pull Back Hard - BlockchainFX ( $BFX ) | These 2 Cryptocurrencies Have Better Outlooks Than Solana or Ethereum . Should You Buy Them ?,NULL,Solana and Dogecoin Both Pull Back Hard - BlockchainFX ( $BFX ) | These 2 Cryptocurrencies Have Better Outlooks Than Solana or Ethereum . Should You Buy Them ?,neutral,none,2,0.0,Solana and Dogecoin Both Pull Back Hard - BlockchainFX ( $BFX ) | These 2 Cryptocurrencies Have Better Outlooks Than Solana or Ethereum . Should You Buy Them ?,"[89.16544229, 88.43226804, 92.00519013, 93.14241862, 96.41094366, 97.25241253, 94.2851237, 91.11811094, 92.11986534, 89.19910496, 86.51689163, 85.18280455, 85.31915789, 84.19081048, 86.0586586, 87.17389465, 84.31186681, 85.67079312, 85.2230338, 84.97682972, 83.667514, 82.33204555, 82.04394633, 81.97704121, 82.68649733, 82.33762529, 81.16096272, 74.13901501, 71.54368517, 68.81086787]",103.96051784332946,0.6337482701339485,1,99.27,99.27,Invest,N/A,N/A,N/A,N/A,N/A,N/A,N/A,N/A,N/A,N/A,N/A
solana_2026-06-07,solana,SOL,2026-06-07T00:00:00Z,62.17918349826299,-2.284890854699939,3577863213.6780424,35981679210.05437,4,Layer 1 (L1),binance,-29.687222916689006,-36.06412233997814,Solana and Dogecoin Both Pull Back Hard - BlockchainFX ( $BFX ),NULL,Solana and Dogecoin Both Pull Back Hard - BlockchainFX ( $BFX ),neutral,none,1,0.0,Solana and Dogecoin Both Pull Back Hard - BlockchainFX ( $BFX ),"[88.43226804, 92.00519013, 93.14241862, 96.41094366, 97.25241253, 94.2851237, 91.11811094, 92.11986534, 89.19910496, 86.51689163, 85.18280455, 85.31915789, 84.19081048, 86.0586586, 87.17389465, 84.31186681, 85.67079312, 85.2230338, 84.97682972, 83.667514, 82.33204555, 82.04394633, 81.97704121, 82.68649733, 82.33762529, 81.16096272, 74.13901501, 71.54368517, 68.81086787, 63.63313109]",101.92907583272797,0.6392797411946625,1,99.33,99.33,Invest,N/A,N/A,N/A,N/A,N/A,N/A,N/A,N/A,N/A,N/A,N/A
solana_2026-06-08,solana,SOL,2026-06-08T00:00:00Z,66.42475751544987,6.8279668183572895,3136535778.934595,38480144220.633545,4,Layer 1 (L1),binance,-27.80324955195661,-31.698601828326346,Solana Wave 4 In Progress : Relief Bounce Or Setup For A Fresh Decline ? | Solana Price Prediction : SOL Rebounds From $60 as Oversold Signals and Breakout Hopes Return,NULL,Solana Wave 4 In Progress : Relief Bounce Or Setup For A Fresh Decline ? | Solana Price Prediction : SOL Rebounds From $60 as Oversold Signals and Breakout Hopes Return,neutral,none,2,0.0,Solana Wave 4 In Progress : Relief Bounce Or Setup For A Fresh Decline ? | Solana Price Prediction : SOL Rebounds From $60 as Oversold Signals and Breakout Hopes Return,"[92.00519013, 93.14241862, 96.41094366, 97.25241253, 94.2851237, 91.11811094, 92.11986534, 89.19910496, 86.51689163, 85.18280455, 85.31915789, 84.19081048, 86.0586586, 87.17389465, 84.31186681, 85.67079312, 85.2230338, 84.97682972, 83.667514, 82.33204555, 82.04394633, 81.97704121, 82.68649733, 82.33762529, 81.16096272, 74.13901501, 71.54368517, 68.81086787, 63.63313109, 62.1791835]",103.16637621681609,0.5531313937099493,1,98.62,98.62,Invest,N/A,N/A,N/A,N/A,N/A,N/A,N/A,N/A,N/A,N/A,N/A
solana_2026-06-09,solana,SOL,2026-06-09T00:00:00Z,66.80256146212376,0.5687697792287949,3165296761.7515407,38706889898.17908,4,Layer 1 (L1),binance,-28.279120885578024,-31.31012411673513,Solana Institute urges CLARITY Act developer protections | Solana Traders Fear Another Breakdown as AlphaPepe $0 . 01858 | Institutions Are Choosing Sides - What the ETF Data Says About Ethereum Vs . Solana - Grayscale Bitcoin Mi | Best Meme Coin Telegram Groups 2026 : Top Crypto & Solana Picks | Solana price prediction | ETF Inflows Lag Sell - Off,NULL,Solana Institute urges CLARITY Act developer protections | Solana Traders Fear Another Breakdown as AlphaPepe $0 . 01858 | Institutions Are Choosing Sides - What the ETF Data Says About Ethereum Vs . Solana - Grayscale Bitcoin Mi | Best Meme Coin Telegram Groups 2026 : Top Crypto & Solana Picks | Solana price prediction | ETF Inflows Lag Sell - Off,neutral,none,5,0.0,Solana Institute urges CLARITY Act developer protections | Solana Traders Fear Another Breakdown as AlphaPepe $0 . 01858 | Institutions Are Choosing Sides - What the ETF Data Says About Ethereum Vs . Solana - Grayscale Bitcoin Mi | Best Meme Coin Telegram Groups 2026 : Top Crypto & Solana Picks | Solana price prediction | ETF Inflows Lag Sell - Off,"[93.14241862, 96.41094366, 97.25241253, 94.2851237, 91.11811094, 92.11986534, 89.19910496, 86.51689163, 85.18280455, 85.31915789, 84.19081048, 86.0586586, 87.17389465, 84.31186681, 85.67079312, 85.2230338, 84.97682972, 83.667514, 82.33204555, 82.04394633, 81.97704121, 82.68649733, 82.33762529, 81.16096272, 74.13901501, 71.54368517, 68.81086787, 63.63313109, 62.1791835, 66.42475752]",106.49007263898544,0.5941016378445909,1,98.55,98.55,Invest,N/A,N/A,N/A,N/A,N/A,N/A,N/A,N/A,N/A,N/A,N/A
solana_2026-06-10,solana,SOL,2026-06-10T00:00:00Z,64.9237603504689,-2.8124686696633927,2984743786.127204,37616147035.943245,4,Layer 1 (L1),binance,-32.65934562254257,-33.24200535518263,Solana Institute urges CLARITY Act developer protections | Solana Traders Fear Another Breakdown as AlphaPepe $0 . 01858 | Institutions Are Choosing Sides - What the ETF Data Says About Ethereum Vs . Solana - Grayscale Bitcoin Mi | Best Meme Coin Telegram Groups 2026 : Top Crypto & Solana Picks,NULL,Solana Institute urges CLARITY Act developer protections | Solana Traders Fear Another Breakdown as AlphaPepe $0 . 01858 | Institutions Are Choosing Sides - What the ETF Data Says About Ethereum Vs . Solana - Grayscale Bitcoin Mi | Best Meme Coin Telegram Groups 2026 : Top Crypto & Solana Picks,neutral,none,4,0.0,Solana Institute urges CLARITY Act developer protections | Solana Traders Fear Another Breakdown as AlphaPepe $0 . 01858 | Institutions Are Choosing Sides - What the ETF Data Says About Ethereum Vs . Solana - Grayscale Bitcoin Mi | Best Meme Coin Telegram Groups 2026 : Top Crypto & Solana Picks,"[96.41094366, 97.25241253, 94.2851237, 91.11811094, 92.11986534, 89.19910496, 86.51689163, 85.18280455, 85.31915789, 84.19081048, 86.0586586, 87.17389465, 84.31186681, 85.67079312, 85.2230338, 84.97682972, 83.667514, 82.33204555, 82.04394633, 81.97704121, 82.68649733, 82.33762529, 81.16096272, 74.13901501, 71.54368517, 68.81086787, 63.63313109, 62.1791835, 66.42475752, 66.80256146]",103.77243552193976,0.5983737688907647,1,99.0,99.0,Invest,N/A,N/A,N/A,N/A,N/A,N/A,N/A,N/A,N/A,N/A,N/A
solana_2026-06-11,solana,SOL,2026-06-11T00:00:00Z,63.18212175433404,-2.682590451836442,2915668831.8778567,36614496967.74654,4,Layer 1 (L1),binance,-35.032848945361984,-35.032848945361984,"A Tokenized SpaceX Stock Will Be Available on Solana the Same Day the IPO Begins Trading | SOL Struggles , ZEC Breaks Higher , But BlockDAG Becomes June Top Crypto as Traders Rush in for $0 . 05 Buyback ! | Brera Holdings PLC : Brera Holdings ( NASDAQ : SLMT ) ( Solmate Infrastructure ) Continues SOL Acquisition Program With Planned Series of Purchases | 4 Best Cryptos to Buy Now for Huge Profits : BlockDAG , Zcash , XRP , & Solana ! | SeerDEX Debuts as Solana Trading Platform With Predictions , Binary Options and Perpetuals",NULL,"A Tokenized SpaceX Stock Will Be Available on Solana the Same Day the IPO Begins Trading | SOL Struggles , ZEC Breaks Higher , But BlockDAG Becomes June Top Crypto as Traders Rush in for $0 . 05 Buyback ! | Brera Holdings PLC : Brera Holdings ( NASDAQ : SLMT ) ( Solmate Infrastructure ) Continues SOL Acquisition Program With Planned Series of Purchases | 4 Best Cryptos to Buy Now for Huge Profits : BlockDAG , Zcash , XRP , & Solana ! | SeerDEX Debuts as Solana Trading Platform With Predictions , Binary Options and Perpetuals",neutral,none,5,0.0,"A Tokenized SpaceX Stock Will Be Available on Solana the Same Day the IPO Begins Trading | SOL Struggles , ZEC Breaks Higher , But BlockDAG Becomes June Top Crypto as Traders Rush in for $0 . 05 Buyback ! | Brera Holdings PLC : Brera Holdings ( NASDAQ : SLMT ) ( Solmate Infrastructure ) Continues SOL Acquisition Program With Planned Series of Purchases | 4 Best Cryptos to Buy Now for Huge Profits : BlockDAG , Zcash , XRP , & Solana ! | SeerDEX Debuts as Solana Trading Platform With Predictions , Binary Options and Perpetuals","[97.25241253, 94.2851237, 91.11811094, 92.11986534, 89.19910496, 86.51689163, 85.18280455, 85.31915789, 84.19081048, 86.0586586, 87.17389465, 84.31186681, 85.67079312, 85.2230338, 84.97682972, 83.667514, 82.33204555, 82.04394633, 81.97704121, 82.68649733, 82.33762529, 81.16096272, 74.13901501, 71.54368517, 68.81086787, 63.63313109, 62.1791835, 66.42475752, 66.80256146, 64.92376035]",103.36010446946287,0.6359074624202974,1,99.27,99.27,Invest,N/A,N/A,N/A,N/A,N/A,N/A,N/A,N/A,N/A,N/A,N/A
solana_2026-06-12,solana,SOL,2026-06-12T00:00:00Z,66.81660398292856,5.752390276993502,2800664428.8383875,38734037859.60971,4,Layer 1 (L1),binance,-29.13346097716303,-29.13346097716303,Solana Price Prediction : Can SPCX Launch Push SOL Above $76 Soon ?,NULL,Solana Price Prediction : Can SPCX Launch Push SOL Above $76 Soon ?,bullish,none,1,5.0,Solana Price Prediction : Can SPCX Launch Push SOL Above $76 Soon ?,"[94.2851237, 91.11811094, 92.11986534, 89.19910496, 86.51689163, 85.18280455, 85.31915789, 84.19081048, 86.0586586, 87.17389465, 84.31186681, 85.67079312, 85.2230338, 84.97682972, 83.667514, 82.33204555, 82.04394633, 81.97704121, 82.68649733, 82.33762529, 81.16096272, 74.13901501, 71.54368517, 68.81086787, 63.63313109, 62.1791835, 66.42475752, 66.80256146, 64.92376035, 63.18212175]",101.56828258356754,0.5201054308225233,1,97.92,100.0,Invest,N/A,N/A,N/A,N/A,N/A,N/A,N/A,N/A,N/A,N/A,N/A
solana_2026-06-13,solana,SOL,2026-06-13T00:00:00Z,66.77674858898844,-0.059648936887446435,2667985489.0141864,38718794394.00756,4,Layer 1 (L1),binance,-26.714077038307483,-27.51102236196752,"BTC , ETH , SOL price news : Bitcoin worst week in months got a late macro rescue | Solana Price Prediction : Can SPCX Launch Push SOL Above $76 Soon ?",NULL,"BTC , ETH , SOL price news : Bitcoin worst week in months got a late macro rescue | Solana Price Prediction : Can SPCX Launch Push SOL Above $76 Soon ?",bullish,none,2,5.0,"BTC , ETH , SOL price news : Bitcoin worst week in months got a late macro rescue | Solana Price Prediction : Can SPCX Launch Push SOL Above $76 Soon ?","[91.11811094, 92.11986534, 89.19910496, 86.51689163, 85.18280455, 85.31915789, 84.19081048, 86.0586586, 87.17389465, 84.31186681, 85.67079312, 85.2230338, 84.97682972, 83.667514, 82.33204555, 82.04394633, 81.97704121, 82.68649733, 82.33762529, 81.16096272, 74.13901501, 71.54368517, 68.81086787, 63.63313109, 62.1791835, 66.42475752, 66.80256146, 64.92376035, 63.18212175, 66.81660398]",98.63125822911633,0.4770299589785767,1,97.11,100.0,Invest,N/A,N/A,N/A,N/A,N/A,N/A,N/A,N/A,N/A,N/A,N/A
solana_2026-06-14,solana,SOL,2026-06-14T00:00:00Z,68.87994920794057,3.149600217730497,1570972400.7552242,39938235528.10983,4,Layer 1 (L1),binance,-25.22790936444944,-25.22790936444944,"BTC , ETH , SOL price news : Bitcoin worst week in months got a late macro rescue",NULL,"BTC , ETH , SOL price news : Bitcoin worst week in months got a late macro rescue",neutral,none,1,0.0,"BTC , ETH , SOL price news : Bitcoin worst week in months got a late macro rescue","[92.11986534, 89.19910496, 86.51689163, 85.18280455, 85.31915789, 84.19081048, 86.0586586, 87.17389465, 84.31186681, 85.67079312, 85.2230338, 84.97682972, 83.667514, 82.33204555, 82.04394633, 81.97704121, 82.68649733, 82.33762529, 81.16096272, 74.13901501, 71.54368517, 68.81086787, 63.63313109, 62.1791835, 66.42475752, 66.80256146, 64.92376035, 63.18212175, 66.81660398, 66.77674859]",102.39440297526501,0.4865632764354717,1,95.23,95.23,Invest,N/A,N/A,N/A,N/A,N/A,N/A,N/A,N/A,N/A,N/A,N/A
solana_2026-06-15,solana,SOL,2026-06-15T00:00:00Z,71.21816957667109,3.394631377662183,1787610919.2006843,41302375511.16598,4,Layer 1 (L1),binance,-20.158201581143842,-20.158201581143842,NULL,NULL,NULL,none,none,0,0.0,NULL,"[89.19910496, 86.51689163, 85.18280455, 85.31915789, 84.19081048, 86.0586586, 87.17389465, 84.31186681, 85.67079312, 85.2230338, 84.97682972, 83.667514, 82.33204555, 82.04394633, 81.97704121, 82.68649733, 82.33762529, 81.16096272, 74.13901501, 71.54368517, 68.81086787, 63.63313109, 62.1791835, 66.42475752, 66.80256146, 64.92376035, 63.18212175, 66.81660398, 66.77674859, 68.87994921]",101.75239313261922,0.4287420434623219,1,89.22,89.22,Invest,N/A,N/A,N/A,N/A,N/A,N/A,N/A,N/A,N/A,N/A,N/A
solana_2026-06-16,solana,SOL,2026-06-16T00:00:00Z,73.9490661555558,3.834550361400013,3029066101.9198065,42886081046.16554,4,Layer 1 (L1),binance,-14.526441300615577,-15.17062940849886,Solana Policy Institute Urges Senate To Protect Developers In CLARITY Act Debate,NULL,Solana Policy Institute Urges Senate To Protect Developers In CLARITY Act Debate,neutral,none,1,0.0,Solana Policy Institute Urges Senate To Protect Developers In CLARITY Act Debate,"[86.51689163, 85.18280455, 85.31915789, 84.19081048, 86.0586586, 87.17389465, 84.31186681, 85.67079312, 85.2230338, 84.97682972, 83.667514, 82.33204555, 82.04394633, 81.97704121, 82.68649733, 82.33762529, 81.16096272, 74.13901501, 71.54368517, 68.81086787, 63.63313109, 62.1791835, 66.42475752, 66.80256146, 64.92376035, 63.18212175, 66.81660398, 66.77674859, 68.87994921, 71.21816958]",99.3260052236567,0.34316780978300865,1,79.37,79.37,Invest,N/A,N/A,N/A,N/A,N/A,N/A,N/A,N/A,N/A,N/A,N/A
solana_2026-06-17,solana,SOL,2026-06-17T00:00:00Z,73.4631155495267,-0.657142316046111,2333870477.2213845,42612895578.23611,4,Layer 1 (L1),binance,-13.758280278769552,-15.728079099091186,Solana Beats Bitcoin And Ethereum As SpaceX IPO Drives Tokenized Trading Boom,NULL,Solana Beats Bitcoin And Ethereum As SpaceX IPO Drives Tokenized Trading Boom,neutral,none,1,0.0,Solana Beats Bitcoin And Ethereum As SpaceX IPO Drives Tokenized Trading Boom,"[85.18280455, 85.31915789, 84.19081048, 86.0586586, 87.17389465, 84.31186681, 85.67079312, 85.2230338, 84.97682972, 83.667514, 82.33204555, 82.04394633, 81.97704121, 82.68649733, 82.33762529, 81.16096272, 74.13901501, 71.54368517, 68.81086787, 63.63313109, 62.1791835, 66.42475752, 66.80256146, 64.92376035, 63.18212175, 66.81660398, 66.77674859, 68.87994921, 71.21816958, 73.94906616]",102.51365308067487,0.39544385388287995,1,79.3,79.3,Invest,N/A,N/A,N/A,N/A,N/A,N/A,N/A,N/A,N/A,N/A,N/A
solana_2026-06-18,solana,SOL,2026-06-18T00:00:00Z,71.98435089991071,-2.0129348429540173,2718013844.532121,41754973369.46756,4,Layer 1 (L1),binance,-15.629323259942552,-17.42441795773223,"SOL Strategies Inc .: SOL Strategies Houdini Swap to Bring Private Cross - Chain Transactions to Jumper | SOL Strategies Inc .: SOL Strategies Houdini Swap Brings Private Cross - Chain Transactions to Jumper | Pepeto Exchange Upgrade Reaches Binance Level While the Ethereum Price Prediction From Hayes Maps $10 , 000 and Solana Meme Coins Crash",NULL,"SOL Strategies Inc .: SOL Strategies Houdini Swap to Bring Private Cross - Chain Transactions to Jumper | SOL Strategies Inc .: SOL Strategies Houdini Swap Brings Private Cross - Chain Transactions to Jumper | Pepeto Exchange Upgrade Reaches Binance Level While the Ethereum Price Prediction From Hayes Maps $10 , 000 and Solana Meme Coins Crash",neutral,none,3,0.0,"SOL Strategies Inc .: SOL Strategies Houdini Swap to Bring Private Cross - Chain Transactions to Jumper | SOL Strategies Inc .: SOL Strategies Houdini Swap Brings Private Cross - Chain Transactions to Jumper | Pepeto Exchange Upgrade Reaches Binance Level While the Ethereum Price Prediction From Hayes Maps $10 , 000 and Solana Meme Coins Crash","[85.31915789, 84.19081048, 86.0586586, 87.17389465, 84.31186681, 85.67079312, 85.2230338, 84.97682972, 83.667514, 82.33204555, 82.04394633, 81.97704121, 82.68649733, 82.33762529, 81.16096272, 74.13901501, 71.54368517, 68.81086787, 63.63313109, 62.1791835, 66.42475752, 66.80256146, 64.92376035, 63.18212175, 66.81660398, 66.77674859, 68.87994921, 71.21816958, 73.94906616, 73.46311555]",96.87348479401192,0.3457575651228395,1,84.36,84.36,Invest,N/A,N/A,N/A,N/A,N/A,N/A,N/A,N/A,N/A,N/A,N/A
solana_2026-06-19,solana,SOL,2026-06-19T00:00:00Z,69.64875448394535,-3.2445891180054365,2477277075.7462106,40408399128.20716,4,Layer 1 (L1),binance,-17.272735487377577,-20.103656306805306,SOL Strategies Inc .: SOL Strategies Houdini Swap to Bring Private Cross - Chain Transactions to Jumper | SOL Strategies Inc .: SOL Strategies Houdini Swap Brings Private Cross - Chain Transactions to Jumper,NULL,SOL Strategies Inc .: SOL Strategies Houdini Swap to Bring Private Cross - Chain Transactions to Jumper | SOL Strategies Inc .: SOL Strategies Houdini Swap Brings Private Cross - Chain Transactions to Jumper,neutral,none,2,0.0,SOL Strategies Inc .: SOL Strategies Houdini Swap to Bring Private Cross - Chain Transactions to Jumper | SOL Strategies Inc .: SOL Strategies Houdini Swap Brings Private Cross - Chain Transactions to Jumper,"[84.19081048, 86.0586586, 87.17389465, 84.31186681, 85.67079312, 85.2230338, 84.97682972, 83.667514, 82.33204555, 82.04394633, 81.97704121, 82.68649733, 82.33762529, 81.16096272, 74.13901501, 71.54368517, 68.81086787, 63.63313109, 62.1791835, 66.42475752, 66.80256146, 64.92376035, 63.18212175, 66.81660398, 66.77674859, 68.87994921, 71.21816958, 73.94906616, 73.46311555, 71.9843509]",98.5424205832789,0.4148482814002623,1,89.12,89.12,Invest,N/A,N/A,N/A,N/A,N/A,N/A,N/A,N/A,N/A,N/A,N/A
solana_2026-06-20,solana,SOL,2026-06-20T00:00:00Z,69.67510636134296,0.037835389294249566,1944665336.4723547,40423637128.5939,4,Layer 1 (L1),binance,-19.03765699128891,-20.07342721413711,SOL Strategies Inc .: SOL Strategies Houdini Swap to Bring Private Cross - Chain Transactions to Jumper,NULL,SOL Strategies Inc .: SOL Strategies Houdini Swap to Bring Private Cross - Chain Transactions to Jumper,neutral,none,1,0.0,SOL Strategies Inc .: SOL Strategies Houdini Swap to Bring Private Cross - Chain Transactions to Jumper,"[86.0586586, 87.17389465, 84.31186681, 85.67079312, 85.2230338, 84.97682972, 83.667514, 82.33204555, 82.04394633, 81.97704121, 82.68649733, 82.33762529, 81.16096272, 74.13901501, 71.54368517, 68.81086787, 63.63313109, 62.1791835, 66.42475752, 66.80256146, 64.92376035, 63.18212175, 66.81660398, 66.77674859, 68.87994921, 71.21816958, 73.94906616, 73.46311555, 71.9843509, 69.64875448]",101.43741493707688,0.4558630798640051,1,88.83,88.83,Invest,N/A,N/A,N/A,N/A,N/A,N/A,N/A,N/A,N/A,N/A,N/A
solana_2026-06-21,solana,SOL,2026-06-21T00:00:00Z,73.18000530963474,5.0303460322184135,2276338717.7167253,42465706434.49679,4,Layer 1 (L1),binance,-16.05284403131528,-16.05284403131528,Prediction : Solana Will Replace Ethereum as the No . 1 Altcoin | Prediction : Solana Will Replace Ethereum as the No . 1 Altcoin | Prediction : Solana Will Replace Ethereum as the No . 1 Altcoin,NULL,Prediction : Solana Will Replace Ethereum as the No . 1 Altcoin,neutral,none,1,0.0,Prediction : Solana Will Replace Ethereum as the No . 1 Altcoin,"[87.17389465, 84.31186681, 85.67079312, 85.2230338, 84.97682972, 83.667514, 82.33204555, 82.04394633, 81.97704121, 82.68649733, 82.33762529, 81.16096272, 74.13901501, 71.54368517, 68.81086787, 63.63313109, 62.1791835, 66.42475752, 66.80256146, 64.92376035, 63.18212175, 66.81660398, 66.77674859, 68.87994921, 71.21816958, 73.94906616, 73.46311555, 71.9843509, 69.64875448, 69.67510636]",101.43741493707688,0.3861356597048762,1,80.83,80.83,Invest,N/A,N/A,N/A,N/A,N/A,N/A,N/A,N/A,N/A,N/A,N/A
solana_2026-06-22,solana,SOL,2026-06-22T00:00:00Z,72.42261496688492,-1.0349689639201243,2052347755.8736546,42026125560.66186,4,Layer 1 (L1),binance,-14.10151654380929,-15.464054516011016,"Solana news : MoneyGram takes role validator role amid stablecoin payment push | Toss Bank and Solana Test Blockchain Remittances , Stablecoin Payments | Will Solana Price Surge to $100 or Suffer Another Capitulation Drop ?",NULL,"Solana news : MoneyGram takes role validator role amid stablecoin payment push | Toss Bank and Solana Test Blockchain Remittances , Stablecoin Payments | Will Solana Price Surge to $100 or Suffer Another Capitulation Drop ?",neutral,none,3,0.0,"Solana news : MoneyGram takes role validator role amid stablecoin payment push | Toss Bank and Solana Test Blockchain Remittances , Stablecoin Payments | Will Solana Price Surge to $100 or Suffer Another Capitulation Drop ?","[84.31186681, 85.67079312, 85.2230338, 84.97682972, 83.667514, 82.33204555, 82.04394633, 81.97704121, 82.68649733, 82.33762529, 81.16096272, 74.13901501, 71.54368517, 68.81086787, 63.63313109, 62.1791835, 66.42475752, 66.80256146, 64.92376035, 63.18212175, 66.81660398, 66.77674859, 68.87994921, 71.21816958, 73.94906616, 73.46311555, 71.9843509, 69.64875448, 69.67510636, 73.18000531]",101.43741493707688,0.40063176375858434,1,77.86,77.86,Invest,N/A,N/A,N/A,N/A,N/A,N/A,N/A,N/A,N/A,N/A,N/A
solana_2026-06-23,solana,SOL,2026-06-23T00:00:00Z,71.84825365060954,-0.7930690110237171,2564318280.8954406,41701275965.356384,4,Layer 1 (L1),binance,-16.134482902820434,-16.134482902820434,NULL,NULL,NULL,none,none,0,0.0,NULL,"[85.67079312, 85.2230338, 84.97682972, 83.667514, 82.33204555, 82.04394633, 81.97704121, 82.68649733, 82.33762529, 81.16096272, 74.13901501, 71.54368517, 68.81086787, 63.63313109, 62.1791835, 66.42475752, 66.80256146, 64.92376035, 63.18212175, 66.81660398, 66.77674859, 68.87994921, 71.21816958, 73.94906616, 73.46311555, 71.9843509, 69.64875448, 69.67510636, 73.18000531, 72.42261497]",101.43741493707688,0.4118285383853073,1,81.26,81.26,Invest,N/A,N/A,N/A,N/A,N/A,N/A,N/A,N/A,N/A,N/A,N/A
solana_2026-06-24,solana,SOL,2026-06-24T00:00:00Z,69.6086375465547,-3.1171475857240005,2237316369.5899425,40400963779.9402,4,Layer 1 (L1),binance,-18.321802871408366,-18.321802871408366,"Prediction : Solana Will Be the Top Crypto for Decentralized Finance ( DeFi ) by 2030 | Solana A Buy At $69 ? Analyst Bearish Target Hits The Mark , But Here What The Technicals Suggest",NULL,"Prediction : Solana Will Be the Top Crypto for Decentralized Finance ( DeFi ) by 2030 | Solana A Buy At $69 ? Analyst Bearish Target Hits The Mark , But Here What The Technicals Suggest",bearish,none,2,-5.0,"Prediction : Solana Will Be the Top Crypto for Decentralized Finance ( DeFi ) by 2030 | Solana A Buy At $69 ? Analyst Bearish Target Hits The Mark , But Here What The Technicals Suggest","[85.2230338, 84.97682972, 83.667514, 82.33204555, 82.04394633, 81.97704121, 82.68649733, 82.33762529, 81.16096272, 74.13901501, 71.54368517, 68.81086787, 63.63313109, 62.1791835, 66.42475752, 66.80256146, 64.92376035, 63.18212175, 66.81660398, 66.77674859, 68.87994921, 71.21816958, 73.94906616, 73.46311555, 71.9843509, 69.64875448, 69.67510636, 73.18000531, 72.42261497, 71.84825365]",101.43741493707688,0.45725327362189616,1,85.89,80.89,Invest,N/A,N/A,N/A,N/A,N/A,N/A,N/A,N/A,N/A,N/A,N/A
solana_2026-06-25,solana,SOL,2026-06-25T00:00:00Z,67.94878023470052,-2.3845565297037408,3263229987.707027,39445550402.63168,4,Layer 1 (L1),binance,-20.038461704746446,-20.038461704746446,"SOL Global Investments Corp .: SOL Global Announces Resignation of Pad Gopal , Chief Financial Officer and Interim Chief Executive Officer | Prediction : Solana Will Be the Top Crypto for Decentralized Finance ( DeFi ) by 2030",NULL,"SOL Global Investments Corp .: SOL Global Announces Resignation of Pad Gopal , Chief Financial Officer and Interim Chief Executive Officer | Prediction : Solana Will Be the Top Crypto for Decentralized Finance ( DeFi ) by 2030",neutral,none,2,0.0,"SOL Global Investments Corp .: SOL Global Announces Resignation of Pad Gopal , Chief Financial Officer and Interim Chief Executive Officer | Prediction : Solana Will Be the Top Crypto for Decentralized Finance ( DeFi ) by 2030","[84.97682972, 83.667514, 82.33204555, 82.04394633, 81.97704121, 82.68649733, 82.33762529, 81.16096272, 74.13901501, 71.54368517, 68.81086787, 63.63313109, 62.1791835, 66.42475752, 66.80256146, 64.92376035, 63.18212175, 66.81660398, 66.77674859, 68.87994921, 71.21816958, 73.94906616, 73.46311555, 71.9843509, 69.64875448, 69.67510636, 73.18000531, 72.42261497, 71.84825365, 69.60863755]",101.43741493707688,0.4928511532760991,1,90.07,90.07,Invest,N/A,N/A,N/A,N/A,N/A,N/A,N/A,N/A,N/A,N/A,N/A
solana_2026-06-26,solana,SOL,2026-06-26T00:00:00Z,67.63197484567073,-0.46624146590347193,3481478952.3798857,39261589126.28676,4,Layer 1 (L1),binance,-19.165788955965425,-19.165788955965425,"Bitcoin , Solana or XRP ? The best performing crypto asset of 2026 so far",NULL,"Bitcoin , Solana or XRP ? The best performing crypto asset of 2026 so far",neutral,none,1,0.0,"Bitcoin , Solana or XRP ? The best performing crypto asset of 2026 so far","[83.667514, 82.33204555, 82.04394633, 81.97704121, 82.68649733, 82.33762529, 81.16096272, 74.13901501, 71.54368517, 68.81086787, 63.63313109, 62.1791835, 66.42475752, 66.80256146, 64.92376035, 63.18212175, 66.81660398, 66.77674859, 68.87994921, 71.21816958, 73.94906616, 73.46311555, 71.9843509, 69.64875448, 69.67510636, 73.18000531, 72.42261497, 71.84825365, 69.60863755, 67.94878023]",101.43741493707688,0.4998440481524711,1,88.64,88.64,Invest,N/A,N/A,N/A,N/A,N/A,N/A,N/A,N/A,N/A,N/A,N/A
solana_2026-09-26,solana,SOL,2026-09-26T00:00:00Z,101.43741493707688,49.98440481524711,3972665153.7801933,59565264031.81884,4,Layer 1 (L1),binance,-0.5992119289336517,-7.08928560893376,NULL,"Ethereum and Solana: Recent Gains and Upcoming Changes In September | Bitcoin, XRP and Solana All Gained Over 10% Last Week, Then Fell Together in a Day. Was That their Peak? | Solana Just Beat the NYSE in Weekly Trades — and Is Closing In on Nasdaq | Solana Foundation Hires Binance's Former Global CMO for Institutional Push | Solana Foundation Appoints Rachel Conlan as Chief Strategy Officer and Jamal Raees as General Manager of Payments | Bitwise Says Institutions Treat Ethereum, Solana As Venture Bets They Will Sell If Adoption Stalls | What Would It Take for Solana to Hit $295 Again?","Ethereum and Solana: Recent Gains and Upcoming Changes In September | Bitcoin, XRP and Solana All Gained Over 10% Last Week, Then Fell Together in a Day. Was That their Peak? | Solana Just Beat the NYSE in Weekly Trades — and Is Closing In on Nasdaq | Solana Foundation Hires Binance's Former Global CMO for Institutional Push | Solana Foundation Appoints Rachel Conlan as Chief Strategy Officer and Jamal Raees as General Manager of Payments | Bitwise Says Institutions Treat Ethereum, Solana As Venture Bets They Will Sell If Adoption Stalls | What Would It Take for Solana to Hit $295 Again?",bullish,none,7,5.0,"Ethereum and Solana: Recent Gains and Upcoming Changes In September | Bitcoin, XRP and Solana All Gained Over 10% Last Week, Then Fell Together in a Day. Was That their Peak? | Solana Just Beat the NYSE in Weekly Trades — and Is Closing In on Nasdaq | Solana Foundation Hires Binance's Former Global CMO for Institutional Push | Solana Foundation Appoints Rachel Conlan as Chief Strategy Officer and Jamal Raees as General Manager of Payments | Bitwise Says Institutions Treat Ethereum, Solana As Venture Bets They Will Sell If Adoption Stalls | What Would It Take for Solana to Hit $295 Again?","[102.04890414, 109.17730598, 104.11408013, 105.59388713, 101.68286901, 103.01068194, 99.96528544, 100.39064958, 103.96051784, 101.92907583, 103.16637622, 106.49007264, 103.77243552, 103.36010447, 101.56828258, 98.63125823, 102.39440298, 101.75239313, 99.32600522, 102.51365308, 96.87348479, 98.54242058, 101.43741494]",101.43741493707688,0.0,0,52.97,57.97,Invest,1,1,101.43741493707688,0,0.0,0,0,-999,5.797,48.0149,0.0
dogecoin_2026-05-24,dogecoin,DOGE,2026-05-24T00:00:00Z,0.10294759713151198,0.7101257612554424,1141280737.4389892,15891273826.823448,5,Meme,binance,5.9400489249166855,-10.73069059127807,"Dogecoin Mirrors Previous Mega Bull Trend Is Another Parabolic Rally Next ? | Bitcoin , Ethereum , XRP , Dogecoin Move Sideways : Analyst Says Middle East Ceasefire Best Trigger For Crypto Market Strength",NULL,"Dogecoin Mirrors Previous Mega Bull Trend Is Another Parabolic Rally Next ? | Bitcoin , Ethereum , XRP , Dogecoin Move Sideways : Analyst Says Middle East Ceasefire Best Trigger For Crypto Market Strength",bullish,none,2,5.0,"Dogecoin Mirrors Previous Mega Bull Trend Is Another Parabolic Rally Next ? | Bitcoin , Ethereum , XRP , Dogecoin Move Sideways : Analyst Says Middle East Ceasefire Best Trigger For Crypto Market Strength","[0.09717533, 0.0984873, 0.09801604, 0.09923964, 0.09897735, 0.09933762, 0.10410777, 0.10650891, 0.10847731, 0.10849686, 0.10814608, 0.11006553, 0.11486178, 0.11248049, 0.1078621, 0.10953828, 0.10876024, 0.11254318, 0.11117136, 0.11006448, 0.11263296, 0.1153225, 0.11328161, 0.10933493, 0.10889073, 0.10467814, 0.10286541, 0.10357821, 0.10549077, 0.10222169]",0.09152072353673844,-0.11099699180133471,0,8.1,13.1,Skip,N/A,N/A,N/A,N/A,N/A,N/A,N/A,N/A,N/A,N/A,N/A
dogecoin_2026-05-25,dogecoin,DOGE,2026-05-25T00:00:00Z,0.10221371299195538,-0.7128715579627354,548684000.4457297,15779435779.552877,5,Meme,binance,3.7836457387637967,-11.3670661080426,"Why Dogecoin Traders Are Watching $0 . 1020 As Revolut Launches DOGE Payment Card Across Europe | Why Dogecoin Traders Are Watching $0 . 1020 As Revolut Launches DOGE Payment Card Across Europe | Dogecoin Price Tests Key Support , Forms Doji Candle as DOGE ETFs Flop | Bitcoin , Ethereum , XRP , Dogecoin Flat Amid Iran Deal Uncertainty : Crypto Commentator Says Everyone Bea | Bitcoin , Ethereum , XRP , Dogecoin Flat Amid Iran Deal Uncertainty : Crypto Commentator Says Everyone Bearish On ETH , But Data Isnt | Dogecoin Mirrors Previous Mega Bull Trend Is Another Parabolic Rally Next ?",NULL,"Why Dogecoin Traders Are Watching $0 . 1020 As Revolut Launches DOGE Payment Card Across Europe | Dogecoin Price Tests Key Support , Forms Doji Candle as DOGE ETFs Flop | Bitcoin , Ethereum , XRP , Dogecoin Flat Amid Iran Deal Uncertainty : Crypto Commentator Says Everyone Bea | Bitcoin , Ethereum , XRP , Dogecoin Flat Amid Iran Deal Uncertainty : Crypto Commentator Says Everyone Bearish On ETH , But Data Isnt | Dogecoin Mirrors Previous Mega Bull Trend Is Another Parabolic Rally Next ?",bullish,none,5,5.0,"Why Dogecoin Traders Are Watching $0 . 1020 As Revolut Launches DOGE Payment Card Across Europe | Dogecoin Price Tests Key Support , Forms Doji Candle as DOGE ETFs Flop | Bitcoin , Ethereum , XRP , Dogecoin Flat Amid Iran Deal Uncertainty : Crypto Commentator Says Everyone Bea | Bitcoin , Ethereum , XRP , Dogecoin Flat Amid Iran Deal Uncertainty : Crypto Commentator Says Everyone Bearish On ETH , But Data Isnt | Dogecoin Mirrors Previous Mega Bull Trend Is Another Parabolic Rally Next ?","[0.0984873, 0.09801604, 0.09923964, 0.09897735, 0.09933762, 0.10410777, 0.10650891, 0.10847731, 0.10849686, 0.10814608, 0.11006553, 0.11486178, 0.11248049, 0.1078621, 0.10953828, 0.10876024, 0.11254318, 0.11117136, 0.11006448, 0.11263296, 0.1153225, 0.11328161, 0.10933493, 0.10889073, 0.10467814, 0.10286541, 0.10357821, 0.10549077, 0.10222169, 0.1029476]",0.09195483433967817,-0.10036695030425724,0,7.73,12.73,Skip,N/A,N/A,N/A,N/A,N/A,N/A,N/A,N/A,N/A,N/A,N/A
dogecoin_2026-05-26,dogecoin,DOGE,2026-05-26T00:00:00Z,0.10203472097739077,-0.1751154608566896,480122842.37750506,15753183057.294548,5,Meme,binance,4.100024295262483,-11.522276078698312,"Dogecoin Rejection From Channel Top Sparks Fears Of A Deeper Correction | Can Dogecoin Reach $1 in 2026 ? The Answer Might Surprise You . | Can Dogecoin Reach $1 in 2026 ? The Answer Might Surprise You . | Why Dogecoin Traders Are Watching $0 . 1020 As Revolut Launches DOGE Payment Card Across Europe | Why Dogecoin Traders Are Watching $0 . 1020 As Revolut Launches DOGE Payment Card Across Europe | Dogecoin Price Tests Key Support , Forms Doji Candle as DOGE ETFs Flop",NULL,"Dogecoin Rejection From Channel Top Sparks Fears Of A Deeper Correction | Can Dogecoin Reach $1 in 2026 ? The Answer Might Surprise You . | Why Dogecoin Traders Are Watching $0 . 1020 As Revolut Launches DOGE Payment Card Across Europe | Dogecoin Price Tests Key Support , Forms Doji Candle as DOGE ETFs Flop",bullish,none,4,5.0,"Dogecoin Rejection From Channel Top Sparks Fears Of A Deeper Correction | Can Dogecoin Reach $1 in 2026 ? The Answer Might Surprise You . | Why Dogecoin Traders Are Watching $0 . 1020 As Revolut Launches DOGE Payment Card Across Europe | Dogecoin Price Tests Key Support , Forms Doji Candle as DOGE ETFs Flop","[0.09801604, 0.09923964, 0.09897735, 0.09933762, 0.10410777, 0.10650891, 0.10847731, 0.10849686, 0.10814608, 0.11006553, 0.11486178, 0.11248049, 0.1078621, 0.10953828, 0.10876024, 0.11254318, 0.11117136, 0.11006448, 0.11263296, 0.1153225, 0.11328161, 0.10933493, 0.10889073, 0.10467814, 0.10286541, 0.10357821, 0.10549077, 0.10222169, 0.1029476, 0.10221371]",0.09337940032634065,-0.08482720948458322,0,7.59,12.59,Skip,N/A,N/A,N/A,N/A,N/A,N/A,N/A,N/A,N/A,N/A,N/A
dogecoin_2026-05-27,dogecoin,DOGE,2026-05-27T00:00:00Z,0.10094055924200365,-1.0723425564417188,737435678.3922615,15585676214.451136,5,Meme,binance,1.7139550260417247,-12.471060365277442,"Such App Beta Launch establishes House of Doge and the Dogecoin Foundation Scalable Direct - to - Consumer Platform | Dogecoin Rejection From Channel Top Sparks Fears Of A Deeper Correction | Can Dogecoin Reach $1 in 2026 ? The Answer Might Surprise You . | Can Dogecoin Reach $1 in 2026 ? The Answer Might Surprise You . | Why Dogecoin Traders Are Watching $0 . 1020 As Revolut Launches DOGE Payment Card Across Europe | Why Dogecoin Traders Are Watching $0 . 1020 As Revolut Launches DOGE Payment Card Across Europe | Dogecoin Price Tests Key Support , Forms Doji Candle as DOGE ETFs Flop",NULL,"Such App Beta Launch establishes House of Doge and the Dogecoin Foundation Scalable Direct - to - Consumer Platform | Dogecoin Rejection From Channel Top Sparks Fears Of A Deeper Correction | Can Dogecoin Reach $1 in 2026 ? The Answer Might Surprise You . | Why Dogecoin Traders Are Watching $0 . 1020 As Revolut Launches DOGE Payment Card Across Europe | Dogecoin Price Tests Key Support , Forms Doji Candle as DOGE ETFs Flop",bullish,none,5,5.0,"Such App Beta Launch establishes House of Doge and the Dogecoin Foundation Scalable Direct - to - Consumer Platform | Dogecoin Rejection From Channel Top Sparks Fears Of A Deeper Correction | Can Dogecoin Reach $1 in 2026 ? The Answer Might Surprise You . | Why Dogecoin Traders Are Watching $0 . 1020 As Revolut Launches DOGE Payment Card Across Europe | Dogecoin Price Tests Key Support , Forms Doji Candle as DOGE ETFs Flop","[0.09923964, 0.09897735, 0.09933762, 0.10410777, 0.10650891, 0.10847731, 0.10849686, 0.10814608, 0.11006553, 0.11486178, 0.11248049, 0.1078621, 0.10953828, 0.10876024, 0.11254318, 0.11117136, 0.11006448, 0.11263296, 0.1153225, 0.11328161, 0.10933493, 0.10889073, 0.10467814, 0.10286541, 0.10357821, 0.10549077, 0.10222169, 0.1029476, 0.10221371, 0.10203472]",0.09005276729230774,-0.10786340031654251,0,10.18,15.18,Skip,N/A,N/A,N/A,N/A,N/A,N/A,N/A,N/A,N/A,N/A,N/A
dogecoin_2026-05-28,dogecoin,DOGE,2026-05-28T00:00:00Z,0.10033534205295684,-0.5995778045927103,753868734.1336595,15493499207.95741,5,Meme,binance,1.372018157690702,-12.99586445992259,"Bitcoin , Ethereum , XRP , Dogecoin Tumble Amid Report Of Fresh US Strikes On Iran : Analyst Flags Structura | Bitcoin , Ethereum , XRP , Dogecoin Tumble Amid Report Of Fresh US Strikes On Iran : Analyst Flags Structurally Fragile Setup Developing For BTC | Such App Beta Launch establishes House of Doge and the Dogecoin Foundation Scalable Direct - to - Consumer Platform | Dogecoin Rejection From Channel Top Sparks Fears Of A Deeper Correction",NULL,"Bitcoin , Ethereum , XRP , Dogecoin Tumble Amid Report Of Fresh US Strikes On Iran : Analyst Flags Structura | Bitcoin , Ethereum , XRP , Dogecoin Tumble Amid Report Of Fresh US Strikes On Iran : Analyst Flags Structurally Fragile Setup Developing For BTC | Such App Beta Launch establishes House of Doge and the Dogecoin Foundation Scalable Direct - to - Consumer Platform | Dogecoin Rejection From Channel Top Sparks Fears Of A Deeper Correction",bullish,none,4,5.0,"Bitcoin , Ethereum , XRP , Dogecoin Tumble Amid Report Of Fresh US Strikes On Iran : Analyst Flags Structura | Bitcoin , Ethereum , XRP , Dogecoin Tumble Amid Report Of Fresh US Strikes On Iran : Analyst Flags Structurally Fragile Setup Developing For BTC | Such App Beta Launch establishes House of Doge and the Dogecoin Foundation Scalable Direct - to - Consumer Platform | Dogecoin Rejection From Channel Top Sparks Fears Of A Deeper Correction","[0.09897735, 0.09933762, 0.10410777, 0.10650891, 0.10847731, 0.10849686, 0.10814608, 0.11006553, 0.11486178, 0.11248049, 0.1078621, 0.10953828, 0.10876024, 0.11254318, 0.11117136, 0.11006448, 0.11263296, 0.1153225, 0.11328161, 0.10933493, 0.10889073, 0.10467814, 0.10286541, 0.10357821, 0.10549077, 0.10222169, 0.1029476, 0.10221371, 0.10203472, 0.10094056]",0.08567200547879818,-0.14614328584657021,0,11.09,16.09,Skip,N/A,N/A,N/A,N/A,N/A,N/A,N/A,N/A,N/A,N/A,N/A
dogecoin_2026-05-29,dogecoin,DOGE,2026-05-29T00:00:00Z,0.09947698775745545,-0.8554854928867983,871573877.5281235,15362381069.897245,5,Meme,binance,0.14030008595933285,-13.740172217679515,"Bitcoin , Ethereum , XRP , Dogecoin Tumble Amid Report Of Fresh US Strikes On Iran : Analyst Flags Structura | Bitcoin , Ethereum , XRP , Dogecoin Tumble Amid Report Of Fresh US Strikes On Iran : Analyst Flags Structurally Fragile Setup Developing For BTC | Such App Beta Launch establishes House of Doge and the Dogecoin Foundation Scalable Direct - to - Consumer Platform",NULL,"Bitcoin , Ethereum , XRP , Dogecoin Tumble Amid Report Of Fresh US Strikes On Iran : Analyst Flags Structura | Bitcoin , Ethereum , XRP , Dogecoin Tumble Amid Report Of Fresh US Strikes On Iran : Analyst Flags Structurally Fragile Setup Developing For BTC | Such App Beta Launch establishes House of Doge and the Dogecoin Foundation Scalable Direct - to - Consumer Platform",bullish,none,3,5.0,"Bitcoin , Ethereum , XRP , Dogecoin Tumble Amid Report Of Fresh US Strikes On Iran : Analyst Flags Structura | Bitcoin , Ethereum , XRP , Dogecoin Tumble Amid Report Of Fresh US Strikes On Iran : Analyst Flags Structurally Fragile Setup Developing For BTC | Such App Beta Launch establishes House of Doge and the Dogecoin Foundation Scalable Direct - to - Consumer Platform","[0.09933762, 0.10410777, 0.10650891, 0.10847731, 0.10849686, 0.10814608, 0.11006553, 0.11486178, 0.11248049, 0.1078621, 0.10953828, 0.10876024, 0.11254318, 0.11117136, 0.11006448, 0.11263296, 0.1153225, 0.11328161, 0.10933493, 0.10889073, 0.10467814, 0.10286541, 0.10357821, 0.10549077, 0.10222169, 0.1029476, 0.10221371, 0.10203472, 0.10094056, 0.10033534]",0.08768022019127615,-0.11858790492271587,0,13.05,18.05,Skip,N/A,N/A,N/A,N/A,N/A,N/A,N/A,N/A,N/A,N/A,N/A
dogecoin_2026-05-30,dogecoin,DOGE,2026-05-30T00:00:00Z,0.09962218737506427,0.14596302208391698,645452509.1810496,15385898317.188292,5,Meme,binance,-4.308598306562727,-13.614264766204066,"Where Will Dogecoin Be When Crypto Goes Mainstream ? | Where Will Dogecoin Be When Crypto Goes Mainstream ? | Bitcoin , Ethereum , XRP , Dogecoin Tumble Amid Report Of Fresh US Strikes On Iran : Analyst Flags Structura",NULL,"Where Will Dogecoin Be When Crypto Goes Mainstream ? | Bitcoin , Ethereum , XRP , Dogecoin Tumble Amid Report Of Fresh US Strikes On Iran : Analyst Flags Structura",neutral,none,2,0.0,"Where Will Dogecoin Be When Crypto Goes Mainstream ? | Bitcoin , Ethereum , XRP , Dogecoin Tumble Amid Report Of Fresh US Strikes On Iran : Analyst Flags Structura","[0.10410777, 0.10650891, 0.10847731, 0.10849686, 0.10814608, 0.11006553, 0.11486178, 0.11248049, 0.1078621, 0.10953828, 0.10876024, 0.11254318, 0.11117136, 0.11006448, 0.11263296, 0.1153225, 0.11328161, 0.10933493, 0.10889073, 0.10467814, 0.10286541, 0.10357821, 0.10549077, 0.10222169, 0.1029476, 0.10221371, 0.10203472, 0.10094056, 0.10033534, 0.09947699]",0.08914357048638905,-0.10518356567723841,0,13.05,13.05,Skip,N/A,N/A,N/A,N/A,N/A,N/A,N/A,N/A,N/A,N/A,N/A
dogecoin_2026-05-31,dogecoin,DOGE,2026-05-31T00:00:00Z,0.1005669086728194,0.9483041104070278,557559623.1253521,15533268683.212599,5,Meme,binance,-5.578874094311526,-12.795065288176655,"Where Will Dogecoin Be When Crypto Goes Mainstream ? | Where Will Dogecoin Be When Crypto Goes Mainstream ? | Bitcoin , Ethereum , XRP , Dogecoin Tumble Amid Report Of Fresh US Strikes On Iran : Analyst Flags Structura",NULL,"Where Will Dogecoin Be When Crypto Goes Mainstream ? | Bitcoin , Ethereum , XRP , Dogecoin Tumble Amid Report Of Fresh US Strikes On Iran : Analyst Flags Structura",neutral,none,2,0.0,"Where Will Dogecoin Be When Crypto Goes Mainstream ? | Bitcoin , Ethereum , XRP , Dogecoin Tumble Amid Report Of Fresh US Strikes On Iran : Analyst Flags Structura","[0.10650891, 0.10847731, 0.10849686, 0.10814608, 0.11006553, 0.11486178, 0.11248049, 0.1078621, 0.10953828, 0.10876024, 0.11254318, 0.11117136, 0.11006448, 0.11263296, 0.1153225, 0.11328161, 0.10933493, 0.10889073, 0.10467814, 0.10286541, 0.10357821, 0.10549077, 0.10222169, 0.1029476, 0.10221371, 0.10203472, 0.10094056, 0.10033534, 0.09947699, 0.09962219]",0.08522451370429333,-0.15255907903503763,0,11.55,11.55,Skip,N/A,N/A,N/A,N/A,N/A,N/A,N/A,N/A,N/A,N/A,N/A
dogecoin_2026-06-01,dogecoin,DOGE,2026-06-01T00:00:00Z,0.1002889522380211,-0.2763895584208309,503470012.5414785,15491725352.47924,5,Meme,binance,-7.548454527091019,-13.036090622147833,Paxos Adds Dogecoin to Brokerage and Custody Platform | Hyperliquid ( HYPE ) Price Prediction : ATH Breakout Above $73 Leaves Dogecoin Behind as Analysts Eye $100 Move | Where Will Dogecoin Be When Crypto Goes Mainstream ? | Where Will Dogecoin Be When Crypto Goes Mainstream ?,NULL,Paxos Adds Dogecoin to Brokerage and Custody Platform | Hyperliquid ( HYPE ) Price Prediction : ATH Breakout Above $73 Leaves Dogecoin Behind as Analysts Eye $100 Move | Where Will Dogecoin Be When Crypto Goes Mainstream ?,neutral,none,3,0.0,Paxos Adds Dogecoin to Brokerage and Custody Platform | Hyperliquid ( HYPE ) Price Prediction : ATH Breakout Above $73 Leaves Dogecoin Behind as Analysts Eye $100 Move | Where Will Dogecoin Be When Crypto Goes Mainstream ?,"[0.10847731, 0.10849686, 0.10814608, 0.11006553, 0.11486178, 0.11248049, 0.1078621, 0.10953828, 0.10876024, 0.11254318, 0.11117136, 0.11006448, 0.11263296, 0.1153225, 0.11328161, 0.10933493, 0.10889073, 0.10467814, 0.10286541, 0.10357821, 0.10549077, 0.10222169, 0.1029476, 0.10221371, 0.10203472, 0.10094056, 0.10033534, 0.09947699, 0.09962219, 0.10056691]",0.08527944562451086,-0.1496626126663223,0,12.13,12.13,Skip,N/A,N/A,N/A,N/A,N/A,N/A,N/A,N/A,N/A,N/A,N/A
dogecoin_2026-06-02,dogecoin,DOGE,2026-06-02T00:00:00Z,0.10094014713389943,0.6493186750349267,986339886.4467961,15593798829.039404,5,Meme,binance,-6.964915394218718,-12.471417718016998,Paxos Adds Dogecoin to Brokerage and Custody Platform | Hyperliquid ( HYPE ) Price Prediction : ATH Breakout Above $73 Leaves Dogecoin Behind as Analysts Eye $100 Move | Where Will Dogecoin Be When Crypto Goes Mainstream ? | Where Will Dogecoin Be When Crypto Goes Mainstream ?,NULL,Paxos Adds Dogecoin to Brokerage and Custody Platform | Hyperliquid ( HYPE ) Price Prediction : ATH Breakout Above $73 Leaves Dogecoin Behind as Analysts Eye $100 Move | Where Will Dogecoin Be When Crypto Goes Mainstream ?,neutral,none,3,0.0,Paxos Adds Dogecoin to Brokerage and Custody Platform | Hyperliquid ( HYPE ) Price Prediction : ATH Breakout Above $73 Leaves Dogecoin Behind as Analysts Eye $100 Move | Where Will Dogecoin Be When Crypto Goes Mainstream ?,"[0.10849686, 0.10814608, 0.11006553, 0.11486178, 0.11248049, 0.1078621, 0.10953828, 0.10876024, 0.11254318, 0.11117136, 0.11006448, 0.11263296, 0.1153225, 0.11328161, 0.10933493, 0.10889073, 0.10467814, 0.10286541, 0.10357821, 0.10549077, 0.10222169, 0.1029476, 0.10221371, 0.10203472, 0.10094056, 0.10033534, 0.09947699, 0.09962219, 0.10056691, 0.10028895]",0.0820544387837955,-0.187098086205993,0,13.02,13.02,Skip,N/A,N/A,N/A,N/A,N/A,N/A,N/A,N/A,N/A,N/A,N/A
dogecoin_2026-06-03,dogecoin,DOGE,2026-06-03T00:00:00Z,0.0926145965235376,-8.248007207001384,1378502712.1570508,14308901111.498892,5,Meme,binance,-14.361574534382848,-19.690781492821095,"Kalshi Eyes Perpetual Futures for XRP , Solana , Dogecoin And These Altcoins | Bitcoin Bleeds After Strategy Sell - Off , Ethereum , XRP , Dogecoin Also Sink : Analyst Points Out Meaningf | This Dogecoin Setup Pushed Price From $0 . 002 To $0 . 7 In 2021 . Why It Could Push Price To $2 This Time | Paxos Adds Dogecoin to Brokerage and Custody Platform",NULL,"Kalshi Eyes Perpetual Futures for XRP , Solana , Dogecoin And These Altcoins | Bitcoin Bleeds After Strategy Sell - Off , Ethereum , XRP , Dogecoin Also Sink : Analyst Points Out Meaningf | This Dogecoin Setup Pushed Price From $0 . 002 To $0 . 7 In 2021 . Why It Could Push Price To $2 This Time | Paxos Adds Dogecoin to Brokerage and Custody Platform",neutral,none,4,0.0,"Kalshi Eyes Perpetual Futures for XRP , Solana , Dogecoin And These Altcoins | Bitcoin Bleeds After Strategy Sell - Off , Ethereum , XRP , Dogecoin Also Sink : Analyst Points Out Meaningf | This Dogecoin Setup Pushed Price From $0 . 002 To $0 . 7 In 2021 . Why It Could Push Price To $2 This Time | Paxos Adds Dogecoin to Brokerage and Custody Platform","[0.10814608, 0.11006553, 0.11486178, 0.11248049, 0.1078621, 0.10953828, 0.10876024, 0.11254318, 0.11117136, 0.11006448, 0.11263296, 0.1153225, 0.11328161, 0.10933493, 0.10889073, 0.10467814, 0.10286541, 0.10357821, 0.10549077, 0.10222169, 0.1029476, 0.10221371, 0.10203472, 0.10094056, 0.10033534, 0.09947699, 0.09962219, 0.10056691, 0.10028895, 0.10094015]",0.0828167928086005,-0.10579113965525966,0,37.61,37.61,Skip,N/A,N/A,N/A,N/A,N/A,N/A,N/A,N/A,N/A,N/A,N/A
dogecoin_2026-06-04,dogecoin,DOGE,2026-06-04T00:00:00Z,0.09132027812779768,-1.3975317545231292,925022038.7947463,14110178022.944387,5,Meme,binance,-17.030990619138464,-20.813128323268295,"Kalshi Eyes Perpetual Futures for XRP , Solana , Dogecoin And These Altcoins | Bitcoin Bleeds After Strategy Sell - Off , Ethereum , XRP , Dogecoin Also Sink : Analyst Points Out Meaningf | This Dogecoin Setup Pushed Price From $0 . 002 To $0 . 7 In 2021 . Why It Could Push Price To $2 This Time",NULL,"Kalshi Eyes Perpetual Futures for XRP , Solana , Dogecoin And These Altcoins | Bitcoin Bleeds After Strategy Sell - Off , Ethereum , XRP , Dogecoin Also Sink : Analyst Points Out Meaningf | This Dogecoin Setup Pushed Price From $0 . 002 To $0 . 7 In 2021 . Why It Could Push Price To $2 This Time",neutral,none,3,0.0,"Kalshi Eyes Perpetual Futures for XRP , Solana , Dogecoin And These Altcoins | Bitcoin Bleeds After Strategy Sell - Off , Ethereum , XRP , Dogecoin Also Sink : Analyst Points Out Meaningf | This Dogecoin Setup Pushed Price From $0 . 002 To $0 . 7 In 2021 . Why It Could Push Price To $2 This Time","[0.11006553, 0.11486178, 0.11248049, 0.1078621, 0.10953828, 0.10876024, 0.11254318, 0.11117136, 0.11006448, 0.11263296, 0.1153225, 0.11328161, 0.10933493, 0.10889073, 0.10467814, 0.10286541, 0.10357821, 0.10549077, 0.10222169, 0.1029476, 0.10221371, 0.10203472, 0.10094056, 0.10033534, 0.09947699, 0.09962219, 0.10056691, 0.10028895, 0.10094015, 0.0926146]",0.08164256961884185,-0.10597546029604088,0,40.65,40.65,Skip,N/A,N/A,N/A,N/A,N/A,N/A,N/A,N/A,N/A,N/A,N/A
dogecoin_2026-06-05,dogecoin,DOGE,2026-06-05T00:00:00Z,0.0884879640193528,-3.101517172868451,1424717919.8742664,13673749210.112202,5,Meme,binance,-22.961353154883067,-23.26912274697943,"DOGE , SHIB price news : Dogecoin , shiba inu dive 9 % as bitcoin nears $60 , 000 | Kalshi Eyes Perpetual Futures for XRP , Solana , Dogecoin And These Altcoins | Bitcoin Bleeds After Strategy Sell - Off , Ethereum , XRP , Dogecoin Also Sink : Analyst Points Out Meaningf | This Dogecoin Setup Pushed Price From $0 . 002 To $0 . 7 In 2021 . Why It Could Push Price To $2 This Time",NULL,"DOGE , SHIB price news : Dogecoin , shiba inu dive 9 % as bitcoin nears $60 , 000 | Kalshi Eyes Perpetual Futures for XRP , Solana , Dogecoin And These Altcoins | Bitcoin Bleeds After Strategy Sell - Off , Ethereum , XRP , Dogecoin Also Sink : Analyst Points Out Meaningf | This Dogecoin Setup Pushed Price From $0 . 002 To $0 . 7 In 2021 . Why It Could Push Price To $2 This Time",neutral,none,4,0.0,"DOGE , SHIB price news : Dogecoin , shiba inu dive 9 % as bitcoin nears $60 , 000 | Kalshi Eyes Perpetual Futures for XRP , Solana , Dogecoin And These Altcoins | Bitcoin Bleeds After Strategy Sell - Off , Ethereum , XRP , Dogecoin Also Sink : Analyst Points Out Meaningf | This Dogecoin Setup Pushed Price From $0 . 002 To $0 . 7 In 2021 . Why It Could Push Price To $2 This Time","[0.11486178, 0.11248049, 0.1078621, 0.10953828, 0.10876024, 0.11254318, 0.11117136, 0.11006448, 0.11263296, 0.1153225, 0.11328161, 0.10933493, 0.10889073, 0.10467814, 0.10286541, 0.10357821, 0.10549077, 0.10222169, 0.1029476, 0.10221371, 0.10203472, 0.10094056, 0.10033534, 0.09947699, 0.09962219, 0.10056691, 0.10028895, 0.10094015, 0.0926146, 0.09132028]",0.08171038457755984,-0.07659323521457295,0,56.44,56.44,Invest,N/A,N/A,N/A,N/A,N/A,N/A,N/A,N/A,N/A,N/A,N/A
dogecoin_2026-06-06,dogecoin,DOGE,2026-06-06T00:00:00Z,0.08147531978174634,-7.9249695880365785,1980001646.2121437,12591229029.313417,5,Meme,binance,-27.564934195094636,-29.350021433914986,"DOGE , SHIB price news : Dogecoin , shiba inu dive 9 % as bitcoin nears $60 , 000",NULL,"DOGE , SHIB price news : Dogecoin , shiba inu dive 9 % as bitcoin nears $60 , 000",neutral,none,1,0.0,"DOGE , SHIB price news : Dogecoin , shiba inu dive 9 % as bitcoin nears $60 , 000","[0.11248049, 0.1078621, 0.10953828, 0.10876024, 0.11254318, 0.11117136, 0.11006448, 0.11263296, 0.1153225, 0.11328161, 0.10933493, 0.10889073, 0.10467814, 0.10286541, 0.10357821, 0.10549077, 0.10222169, 0.1029476, 0.10221371, 0.10203472, 0.10094056, 0.10033534, 0.09947699, 0.09962219, 0.10056691, 0.10028895, 0.10094015, 0.0926146, 0.09132028, 0.08848796]",0.08781223959546798,0.07777717019947628,1,80.24,80.24,Invest,N/A,N/A,N/A,N/A,N/A,N/A,N/A,N/A,N/A,N/A,N/A
dogecoin_2026-06-07,dogecoin,DOGE,2026-06-07T00:00:00Z,0.08187040239136993,0.484910781181247,960603597.8951346,12653260332.852262,5,Meme,binance,-24.09715590001793,-29.007432070945793,"Why The Dogecoin Price Could Rally 300x To Cross $20 | Is Dogecoin a Joke Investment -- or a Serious Long - Term Bet ? | DOGE , SHIB price news : Dogecoin , shiba inu dive 9 % as bitcoin nears $60 , 000",NULL,"Why The Dogecoin Price Could Rally 300x To Cross $20 | Is Dogecoin a Joke Investment -- or a Serious Long - Term Bet ? | DOGE , SHIB price news : Dogecoin , shiba inu dive 9 % as bitcoin nears $60 , 000",bullish,none,3,5.0,"Why The Dogecoin Price Could Rally 300x To Cross $20 | Is Dogecoin a Joke Investment -- or a Serious Long - Term Bet ? | DOGE , SHIB price news : Dogecoin , shiba inu dive 9 % as bitcoin nears $60 , 000","[0.1078621, 0.10953828, 0.10876024, 0.11254318, 0.11117136, 0.11006448, 0.11263296, 0.1153225, 0.11328161, 0.10933493, 0.10889073, 0.10467814, 0.10286541, 0.10357821, 0.10549077, 0.10222169, 0.1029476, 0.10221371, 0.10203472, 0.10094056, 0.10033534, 0.09947699, 0.09962219, 0.10056691, 0.10028895, 0.10094015, 0.0926146, 0.09132028, 0.08848796, 0.08147532]",0.0847903881947543,0.03566595152941576,1,74.48,79.48,Invest,N/A,N/A,N/A,N/A,N/A,N/A,N/A,N/A,N/A,N/A,N/A
dogecoin_2026-06-08,dogecoin,DOGE,2026-06-08T00:00:00Z,0.08621559810194002,5.307407296959998,853856315.6713402,13326130009.996576,5,Meme,binance,-21.291807983759938,-25.239567340379885,"Dogecoin Will Pump Hard After This Happens , Analyst Clocks Generational Entry | Is Pepe the Next Dogecoin -- or Just Another Meme Coin That Will Fade ? | Why The Dogecoin Price Could Rally 300x To Cross $20 | Is Dogecoin a Joke Investment -- or a Serious Long - Term Bet ?",NULL,"Dogecoin Will Pump Hard After This Happens , Analyst Clocks Generational Entry | Is Pepe the Next Dogecoin -- or Just Another Meme Coin That Will Fade ? | Why The Dogecoin Price Could Rally 300x To Cross $20 | Is Dogecoin a Joke Investment -- or a Serious Long - Term Bet ?",bullish,none,4,5.0,"Dogecoin Will Pump Hard After This Happens , Analyst Clocks Generational Entry | Is Pepe the Next Dogecoin -- or Just Another Meme Coin That Will Fade ? | Why The Dogecoin Price Could Rally 300x To Cross $20 | Is Dogecoin a Joke Investment -- or a Serious Long - Term Bet ?","[0.10953828, 0.10876024, 0.11254318, 0.11117136, 0.11006448, 0.11263296, 0.1153225, 0.11328161, 0.10933493, 0.10889073, 0.10467814, 0.10286541, 0.10357821, 0.10549077, 0.10222169, 0.1029476, 0.10221371, 0.10203472, 0.10094056, 0.10033534, 0.09947699, 0.09962219, 0.10056691, 0.10028895, 0.10094015, 0.0926146, 0.09132028, 0.08848796, 0.08147532, 0.0818704]",0.08969060918380505,0.04030606013724136,1,59.59,64.59,Invest,N/A,N/A,N/A,N/A,N/A,N/A,N/A,N/A,N/A,N/A,N/A
dogecoin_2026-06-09,dogecoin,DOGE,2026-06-09T00:00:00Z,0.08630396645305738,0.10249694146164945,653939269.7285631,13340955715.298471,5,Meme,binance,-20.647502664772098,-25.162940183480277,"House of Doge and MoonPay Enable Dogecoin Payments Across 6 , 000+ Merchants and Launch ÐOGE Pay | Dogecoin Will Pump Hard After This Happens , Analyst Clocks Generational Entry | Is Pepe the Next Dogecoin -- or Just Another Meme Coin That Will Fade ? | Why The Dogecoin Price Could Rally 300x To Cross $20 | Is Dogecoin a Joke Investment -- or a Serious Long - Term Bet ?",NULL,"House of Doge and MoonPay Enable Dogecoin Payments Across 6 , 000+ Merchants and Launch ÐOGE Pay | Dogecoin Will Pump Hard After This Happens , Analyst Clocks Generational Entry | Is Pepe the Next Dogecoin -- or Just Another Meme Coin That Will Fade ? | Why The Dogecoin Price Could Rally 300x To Cross $20 | Is Dogecoin a Joke Investment -- or a Serious Long - Term Bet ?",bullish,none,5,5.0,"House of Doge and MoonPay Enable Dogecoin Payments Across 6 , 000+ Merchants and Launch ÐOGE Pay | Dogecoin Will Pump Hard After This Happens , Analyst Clocks Generational Entry | Is Pepe the Next Dogecoin -- or Just Another Meme Coin That Will Fade ? | Why The Dogecoin Price Could Rally 300x To Cross $20 | Is Dogecoin a Joke Investment -- or a Serious Long - Term Bet ?","[0.10876024, 0.11254318, 0.11117136, 0.11006448, 0.11263296, 0.1153225, 0.11328161, 0.10933493, 0.10889073, 0.10467814, 0.10286541, 0.10357821, 0.10549077, 0.10222169, 0.1029476, 0.10221371, 0.10203472, 0.10094056, 0.10033534, 0.09947699, 0.09962219, 0.10056691, 0.10028895, 0.10094015, 0.0926146, 0.09132028, 0.08848796, 0.08147532, 0.0818704, 0.0862156]",0.09085579473273796,0.0527418201822325,1,57.17,62.17,Invest,N/A,N/A,N/A,N/A,N/A,N/A,N/A,N/A,N/A,N/A,N/A
dogecoin_2026-06-10,dogecoin,DOGE,2026-06-10T00:00:00Z,0.08474433190516373,-1.8071412149312627,751669733.18486,13100647996.285069,5,Meme,binance,-24.700603587626258,-26.515351535467367,"DOGE Is Down 18 %, But Whales Keep Buying Why ? | House of Doge and MoonPay Enable Dogecoin Payments Across 6 , 000+ Merchants and Launch ÐOGE Pay | Dogecoin Will Pump Hard After This Happens , Analyst Clocks Generational Entry | Is Pepe the Next Dogecoin -- or Just Another Meme Coin That Will Fade ? | Why The Dogecoin Price Could Rally 300x To Cross $20 | Is Dogecoin a Joke Investment -- or a Serious Long - Term Bet ?",NULL,"DOGE Is Down 18 %, But Whales Keep Buying Why ? | House of Doge and MoonPay Enable Dogecoin Payments Across 6 , 000+ Merchants and Launch ÐOGE Pay | Dogecoin Will Pump Hard After This Happens , Analyst Clocks Generational Entry | Is Pepe the Next Dogecoin -- or Just Another Meme Coin That Will Fade ? | Why The Dogecoin Price Could Rally 300x To Cross $20 | Is Dogecoin a Joke Investment -- or a Serious Long - Term Bet ?",bullish,none,6,5.0,"DOGE Is Down 18 %, But Whales Keep Buying Why ? | House of Doge and MoonPay Enable Dogecoin Payments Across 6 , 000+ Merchants and Launch ÐOGE Pay | Dogecoin Will Pump Hard After This Happens , Analyst Clocks Generational Entry | Is Pepe the Next Dogecoin -- or Just Another Meme Coin That Will Fade ? | Why The Dogecoin Price Could Rally 300x To Cross $20 | Is Dogecoin a Joke Investment -- or a Serious Long - Term Bet ?","[0.11254318, 0.11117136, 0.11006448, 0.11263296, 0.1153225, 0.11328161, 0.10933493, 0.10889073, 0.10467814, 0.10286541, 0.10357821, 0.10549077, 0.10222169, 0.1029476, 0.10221371, 0.10203472, 0.10094056, 0.10033534, 0.09947699, 0.09962219, 0.10056691, 0.10028895, 0.10094015, 0.0926146, 0.09132028, 0.08848796, 0.08147532, 0.0818704, 0.0862156, 0.08630397]",0.09048297033663322,0.06771707679389727,1,65.26,70.26,Invest,N/A,N/A,N/A,N/A,N/A,N/A,N/A,N/A,N/A,N/A,N/A
dogecoin_2026-06-11,dogecoin,DOGE,2026-06-11T00:00:00Z,0.0829283560358409,-2.142887705286378,590174056.1091379,12821382823.678106,5,Meme,binance,-25.40492835110111,-28.09004503268675,"DOGE Is Down 18 %, But Whales Keep Buying Why ? | House of Doge and MoonPay Enable Dogecoin Payments Across 6 , 000+ Merchants and Launch ÐOGE Pay | Dogecoin Will Pump Hard After This Happens , Analyst Clocks Generational Entry | Is Pepe the Next Dogecoin -- or Just Another Meme Coin That Will Fade ? | Why The Dogecoin Price Could Rally 300x To Cross $20",NULL,"DOGE Is Down 18 %, But Whales Keep Buying Why ? | House of Doge and MoonPay Enable Dogecoin Payments Across 6 , 000+ Merchants and Launch ÐOGE Pay | Dogecoin Will Pump Hard After This Happens , Analyst Clocks Generational Entry | Is Pepe the Next Dogecoin -- or Just Another Meme Coin That Will Fade ? | Why The Dogecoin Price Could Rally 300x To Cross $20",bullish,none,5,5.0,"DOGE Is Down 18 %, But Whales Keep Buying Why ? | House of Doge and MoonPay Enable Dogecoin Payments Across 6 , 000+ Merchants and Launch ÐOGE Pay | Dogecoin Will Pump Hard After This Happens , Analyst Clocks Generational Entry | Is Pepe the Next Dogecoin -- or Just Another Meme Coin That Will Fade ? | Why The Dogecoin Price Could Rally 300x To Cross $20","[0.11117136, 0.11006448, 0.11263296, 0.1153225, 0.11328161, 0.10933493, 0.10889073, 0.10467814, 0.10286541, 0.10357821, 0.10549077, 0.10222169, 0.1029476, 0.10221371, 0.10203472, 0.10094056, 0.10033534, 0.09947699, 0.09962219, 0.10056691, 0.10028895, 0.10094015, 0.0926146, 0.09132028, 0.08848796, 0.08147532, 0.0818704, 0.0862156, 0.08630397, 0.08474433]",0.0900438187758932,0.08580252980026581,1,69.55,74.55,Invest,N/A,N/A,N/A,N/A,N/A,N/A,N/A,N/A,N/A,N/A,N/A
dogecoin_2026-06-12,dogecoin,DOGE,2026-06-12T00:00:00Z,0.08598330757065775,3.6838443215931216,626420756.9649382,13294849624.10088,5,Meme,binance,-21.879146411588614,-25.4409942399632,"Dogecoin Celebrates FIFA World Cup Kickoff With Shiba Inu Jerseys , Asks Fans To Drop Ur Flag | DOGE Is Down 18 %, But Whales Keep Buying Why ? | House of Doge and MoonPay Enable Dogecoin Payments Across 6 , 000+ Merchants and Launch ÐOGE Pay | Dogecoin Will Pump Hard After This Happens , Analyst Clocks Generational Entry",NULL,"Dogecoin Celebrates FIFA World Cup Kickoff With Shiba Inu Jerseys , Asks Fans To Drop Ur Flag | DOGE Is Down 18 %, But Whales Keep Buying Why ? | House of Doge and MoonPay Enable Dogecoin Payments Across 6 , 000+ Merchants and Launch ÐOGE Pay | Dogecoin Will Pump Hard After This Happens , Analyst Clocks Generational Entry",bullish,none,4,5.0,"Dogecoin Celebrates FIFA World Cup Kickoff With Shiba Inu Jerseys , Asks Fans To Drop Ur Flag | DOGE Is Down 18 %, But Whales Keep Buying Why ? | House of Doge and MoonPay Enable Dogecoin Payments Across 6 , 000+ Merchants and Launch ÐOGE Pay | Dogecoin Will Pump Hard After This Happens , Analyst Clocks Generational Entry","[0.11006448, 0.11263296, 0.1153225, 0.11328161, 0.10933493, 0.10889073, 0.10467814, 0.10286541, 0.10357821, 0.10549077, 0.10222169, 0.1029476, 0.10221371, 0.10203472, 0.10094056, 0.10033534, 0.09947699, 0.09962219, 0.10056691, 0.10028895, 0.10094015, 0.0926146, 0.09132028, 0.08848796, 0.08147532, 0.0818704, 0.0862156, 0.08630397, 0.08474433, 0.08292836]",0.08615898234149003,0.0020431264601901145,1,58.64,63.64,Invest,N/A,N/A,N/A,N/A,N/A,N/A,N/A,N/A,N/A,N/A,N/A
dogecoin_2026-06-13,dogecoin,DOGE,2026-06-13T00:00:00Z,0.08595947004685323,-0.02772343199862748,1260294686.8000243,13292191910.767782,5,Meme,binance,-23.68177692588812,-25.46166455522394,"Dogecoin Celebrates FIFA World Cup Kickoff With Shiba Inu Jerseys , Asks Fans To Drop Ur Flag | DOGE Is Down 18 %, But Whales Keep Buying Why ? | House of Doge and MoonPay Enable Dogecoin Payments Across 6 , 000+ Merchants and Launch ÐOGE Pay",NULL,"Dogecoin Celebrates FIFA World Cup Kickoff With Shiba Inu Jerseys , Asks Fans To Drop Ur Flag | DOGE Is Down 18 %, But Whales Keep Buying Why ? | House of Doge and MoonPay Enable Dogecoin Payments Across 6 , 000+ Merchants and Launch ÐOGE Pay",bullish,none,3,5.0,"Dogecoin Celebrates FIFA World Cup Kickoff With Shiba Inu Jerseys , Asks Fans To Drop Ur Flag | DOGE Is Down 18 %, But Whales Keep Buying Why ? | House of Doge and MoonPay Enable Dogecoin Payments Across 6 , 000+ Merchants and Launch ÐOGE Pay","[0.11263296, 0.1153225, 0.11328161, 0.10933493, 0.10889073, 0.10467814, 0.10286541, 0.10357821, 0.10549077, 0.10222169, 0.1029476, 0.10221371, 0.10203472, 0.10094056, 0.10033534, 0.09947699, 0.09962219, 0.10056691, 0.10028895, 0.10094015, 0.0926146, 0.09132028, 0.08848796, 0.08147532, 0.0818704, 0.0862156, 0.08630397, 0.08474433, 0.08292836, 0.08598331]",0.08287790542243915,-0.035849041678996274,0,64.21,69.21,Invest,N/A,N/A,N/A,N/A,N/A,N/A,N/A,N/A,N/A,N/A,N/A
dogecoin_2026-06-14,dogecoin,DOGE,2026-06-14T00:00:00Z,0.08783470249875856,2.181530959745581,613940282.8015661,13583376433.07744,5,Meme,binance,-23.835587690617132,-23.835587690617132,"Dogecoin ( DOGE ) Price Prediction : Can DOGE Break $0 . 116 and Extend Its Rally Towards $0 . 190 ? | Dogecoin Celebrates FIFA World Cup Kickoff With Shiba Inu Jerseys , Asks Fans To Drop Ur Flag | DOGE Is Down 18 %, But Whales Keep Buying Why ?",NULL,"Dogecoin ( DOGE ) Price Prediction : Can DOGE Break $0 . 116 and Extend Its Rally Towards $0 . 190 ? | Dogecoin Celebrates FIFA World Cup Kickoff With Shiba Inu Jerseys , Asks Fans To Drop Ur Flag | DOGE Is Down 18 %, But Whales Keep Buying Why ?",bullish,none,3,5.0,"Dogecoin ( DOGE ) Price Prediction : Can DOGE Break $0 . 116 and Extend Its Rally Towards $0 . 190 ? | Dogecoin Celebrates FIFA World Cup Kickoff With Shiba Inu Jerseys , Asks Fans To Drop Ur Flag | DOGE Is Down 18 %, But Whales Keep Buying Why ?","[0.1153225, 0.11328161, 0.10933493, 0.10889073, 0.10467814, 0.10286541, 0.10357821, 0.10549077, 0.10222169, 0.1029476, 0.10221371, 0.10203472, 0.10094056, 0.10033534, 0.09947699, 0.09962219, 0.10056691, 0.10028895, 0.10094015, 0.0926146, 0.09132028, 0.08848796, 0.08147532, 0.0818704, 0.0862156, 0.08630397, 0.08474433, 0.08292836, 0.08598331, 0.08595947]",0.08428306577024669,-0.04043546146879784,0,53.45,58.45,Invest,N/A,N/A,N/A,N/A,N/A,N/A,N/A,N/A,N/A,N/A,N/A
dogecoin_2026-06-15,dogecoin,DOGE,2026-06-15T00:00:00Z,0.0888610260257763,1.168471569687668,606777476.5936825,13743490331.620468,5,Meme,binance,-21.557413829369352,-21.557413829369352,"Dogecoin Will Pump Hard After Getting This Entry : Is $0 . 099 Key ? | Crypto News Today : AlphaPepe Presale Stage 17 Sold Out as Dogecoin Price Prediction Eyes $1 . 00 | Bitcoin , Ethereum , XRP , Dogecoin Climb Trump Declares Iran Deal Complete : Analyst Predicts BTC Move Abo | Bitcoin , Ethereum , XRP , Dogecoin Climb Trump Declares Iran Deal Complete : Analyst Predicts BTC Move Above Key Level To Fuel Risk - On Appetite | Dogecoin ( DOGE ) Price Prediction : Can DOGE Break $0 . 116 and Extend Its Rally Towards $0 . 190 ?",NULL,"Dogecoin Will Pump Hard After Getting This Entry : Is $0 . 099 Key ? | Crypto News Today : AlphaPepe Presale Stage 17 Sold Out as Dogecoin Price Prediction Eyes $1 . 00 | Bitcoin , Ethereum , XRP , Dogecoin Climb Trump Declares Iran Deal Complete : Analyst Predicts BTC Move Abo | Bitcoin , Ethereum , XRP , Dogecoin Climb Trump Declares Iran Deal Complete : Analyst Predicts BTC Move Above Key Level To Fuel Risk - On Appetite | Dogecoin ( DOGE ) Price Prediction : Can DOGE Break $0 . 116 and Extend Its Rally Towards $0 . 190 ?",bullish,none,5,5.0,"Dogecoin Will Pump Hard After Getting This Entry : Is $0 . 099 Key ? | Crypto News Today : AlphaPepe Presale Stage 17 Sold Out as Dogecoin Price Prediction Eyes $1 . 00 | Bitcoin , Ethereum , XRP , Dogecoin Climb Trump Declares Iran Deal Complete : Analyst Predicts BTC Move Abo | Bitcoin , Ethereum , XRP , Dogecoin Climb Trump Declares Iran Deal Complete : Analyst Predicts BTC Move Above Key Level To Fuel Risk - On Appetite | Dogecoin ( DOGE ) Price Prediction : Can DOGE Break $0 . 116 and Extend Its Rally Towards $0 . 190 ?","[0.11328161, 0.10933493, 0.10889073, 0.10467814, 0.10286541, 0.10357821, 0.10549077, 0.10222169, 0.1029476, 0.10221371, 0.10203472, 0.10094056, 0.10033534, 0.09947699, 0.09962219, 0.10056691, 0.10028895, 0.10094015, 0.0926146, 0.09132028, 0.08848796, 0.08147532, 0.0818704, 0.0862156, 0.08630397, 0.08474433, 0.08292836, 0.08598331, 0.08595947, 0.0878347]",0.08481002055747426,-0.045588101437484374,0,42.93,47.93,Skip,N/A,N/A,N/A,N/A,N/A,N/A,N/A,N/A,N/A,N/A,N/A
dogecoin_2026-06-16,dogecoin,DOGE,2026-06-16T00:00:00Z,0.08809166296070428,-0.8658048409758812,1084481797.0265217,13625687764.460213,5,Meme,binance,-19.429535049499748,-19.429535049499748,"Dogecoin Will Pump Hard After Getting This Entry : Is $0 . 099 Key ? | Crypto News Today : AlphaPepe Presale Stage 17 Sold Out as Dogecoin Price Prediction Eyes $1 . 00 | Bitcoin , Ethereum , XRP , Dogecoin Climb Trump Declares Iran Deal Complete : Analyst Predicts BTC Move Abo | Bitcoin , Ethereum , XRP , Dogecoin Climb Trump Declares Iran Deal Complete : Analyst Predicts BTC Move Above Key Level To Fuel Risk - On Appetite | Dogecoin ( DOGE ) Price Prediction : Can DOGE Break $0 . 116 and Extend Its Rally Towards $0 . 190 ?",NULL,"Dogecoin Will Pump Hard After Getting This Entry : Is $0 . 099 Key ? | Crypto News Today : AlphaPepe Presale Stage 17 Sold Out as Dogecoin Price Prediction Eyes $1 . 00 | Bitcoin , Ethereum , XRP , Dogecoin Climb Trump Declares Iran Deal Complete : Analyst Predicts BTC Move Abo | Bitcoin , Ethereum , XRP , Dogecoin Climb Trump Declares Iran Deal Complete : Analyst Predicts BTC Move Above Key Level To Fuel Risk - On Appetite | Dogecoin ( DOGE ) Price Prediction : Can DOGE Break $0 . 116 and Extend Its Rally Towards $0 . 190 ?",bullish,none,5,5.0,"Dogecoin Will Pump Hard After Getting This Entry : Is $0 . 099 Key ? | Crypto News Today : AlphaPepe Presale Stage 17 Sold Out as Dogecoin Price Prediction Eyes $1 . 00 | Bitcoin , Ethereum , XRP , Dogecoin Climb Trump Declares Iran Deal Complete : Analyst Predicts BTC Move Abo | Bitcoin , Ethereum , XRP , Dogecoin Climb Trump Declares Iran Deal Complete : Analyst Predicts BTC Move Above Key Level To Fuel Risk - On Appetite | Dogecoin ( DOGE ) Price Prediction : Can DOGE Break $0 . 116 and Extend Its Rally Towards $0 . 190 ?","[0.10933493, 0.10889073, 0.10467814, 0.10286541, 0.10357821, 0.10549077, 0.10222169, 0.1029476, 0.10221371, 0.10203472, 0.10094056, 0.10033534, 0.09947699, 0.09962219, 0.10056691, 0.10028895, 0.10094015, 0.0926146, 0.09132028, 0.08848796, 0.08147532, 0.0818704, 0.0862156, 0.08630397, 0.08474433, 0.08292836, 0.08598331, 0.08595947, 0.0878347, 0.08886103]",0.08243348918435088,-0.06423052518462935,0,37.03,42.03,Skip,N/A,N/A,N/A,N/A,N/A,N/A,N/A,N/A,N/A,N/A,N/A
dogecoin_2026-06-17,dogecoin,DOGE,2026-06-17T00:00:00Z,0.08709556123976687,-1.1307559506303577,715215665.9240307,13472736280.078033,5,Meme,binance,-20.015634360014054,-20.015634360014054,"Dogecoin Price Stuck Below Key Averages as Bearish Pressure Builds | Dogecoin Could Rise Up To 8 % If This Support Level Holds , Says Top Crypto Analyst DOGE Long Exposure | Bitcoin , Ethereum , XRP , Dogecoin Cool Off As Extreme Fear Prevails : Analyst Says Well Be Testing New",NULL,"Dogecoin Price Stuck Below Key Averages as Bearish Pressure Builds | Dogecoin Could Rise Up To 8 % If This Support Level Holds , Says Top Crypto Analyst DOGE Long Exposure | Bitcoin , Ethereum , XRP , Dogecoin Cool Off As Extreme Fear Prevails : Analyst Says Well Be Testing New",bearish,none,3,-5.0,"Dogecoin Price Stuck Below Key Averages as Bearish Pressure Builds | Dogecoin Could Rise Up To 8 % If This Support Level Holds , Says Top Crypto Analyst DOGE Long Exposure | Bitcoin , Ethereum , XRP , Dogecoin Cool Off As Extreme Fear Prevails : Analyst Says Well Be Testing New","[0.10889073, 0.10467814, 0.10286541, 0.10357821, 0.10549077, 0.10222169, 0.1029476, 0.10221371, 0.10203472, 0.10094056, 0.10033534, 0.09947699, 0.09962219, 0.10056691, 0.10028895, 0.10094015, 0.0926146, 0.09132028, 0.08848796, 0.08147532, 0.0818704, 0.0862156, 0.08630397, 0.08474433, 0.08292836, 0.08598331, 0.08595947, 0.0878347, 0.08886103, 0.08809166]",0.08363319655779215,-0.039753629607404695,0,36.77,31.77,Skip,N/A,N/A,N/A,N/A,N/A,N/A,N/A,N/A,N/A,N/A,N/A
dogecoin_2026-06-18,dogecoin,DOGE,2026-06-18T00:00:00Z,0.08585348135685288,-1.4261115781717737,593289684.2083282,13281820864.596188,5,Meme,binance,-17.983369585822917,-18.615171950696187,"Elon Musk , The World First Trillionaire , Holds Bitcoin And Some Dogecoin Let That Sink In , Says P | Bitcoin , Ethereum , XRP , Dogecoin In Red Even As Trump Signs Iran Peace Deal : Analyst Says BTC In Fragile | Bitcoin , Ethereum , XRP , Dogecoin In Red Even As Trump Signs Iran Peace Deal : Analyst Says BTC In Fragile | Dogecoin Price Stuck Below Key Averages as Bearish Pressure Builds",NULL,"Elon Musk , The World First Trillionaire , Holds Bitcoin And Some Dogecoin Let That Sink In , Says P | Bitcoin , Ethereum , XRP , Dogecoin In Red Even As Trump Signs Iran Peace Deal : Analyst Says BTC In Fragile | Dogecoin Price Stuck Below Key Averages as Bearish Pressure Builds",bearish,none,3,-5.0,"Elon Musk , The World First Trillionaire , Holds Bitcoin And Some Dogecoin Let That Sink In , Says P | Bitcoin , Ethereum , XRP , Dogecoin In Red Even As Trump Signs Iran Peace Deal : Analyst Says BTC In Fragile | Dogecoin Price Stuck Below Key Averages as Bearish Pressure Builds","[0.10467814, 0.10286541, 0.10357821, 0.10549077, 0.10222169, 0.1029476, 0.10221371, 0.10203472, 0.10094056, 0.10033534, 0.09947699, 0.09962219, 0.10056691, 0.10028895, 0.10094015, 0.0926146, 0.09132028, 0.08848796, 0.08147532, 0.0818704, 0.0862156, 0.08630397, 0.08474433, 0.08292836, 0.08598331, 0.08595947, 0.0878347, 0.08886103, 0.08809166, 0.08709556]",0.08005131873603101,-0.06758214727140743,0,29.32,24.32,Skip,N/A,N/A,N/A,N/A,N/A,N/A,N/A,N/A,N/A,N/A,N/A
dogecoin_2026-06-19,dogecoin,DOGE,2026-06-19T00:00:00Z,0.0834570341741196,-2.7913220813636785,554869626.0450329,12912045560.169918,5,Meme,binance,-18.86773945044733,-20.88688462691627,"DOGE Has No Supply Cap While Bitcoin Has 21 Million : Which Model Wins ? | Bitcoin , Ethereum , XRP , Dogecoin Slide Further Amid Fed Hawkish Shift : Analyst Paints This Upside Targe | Elon Musk , The World First Trillionaire , Holds Bitcoin And Some Dogecoin Let That Sink In , Says P | Bitcoin , Ethereum , XRP , Dogecoin In Red Even As Trump Signs Iran Peace Deal : Analyst Says BTC In Fragile | Bitcoin , Ethereum , XRP , Dogecoin In Red Even As Trump Signs Iran Peace Deal : Analyst Says BTC In Fragile",NULL,"DOGE Has No Supply Cap While Bitcoin Has 21 Million : Which Model Wins ? | Bitcoin , Ethereum , XRP , Dogecoin Slide Further Amid Fed Hawkish Shift : Analyst Paints This Upside Targe | Elon Musk , The World First Trillionaire , Holds Bitcoin And Some Dogecoin Let That Sink In , Says P | Bitcoin , Ethereum , XRP , Dogecoin In Red Even As Trump Signs Iran Peace Deal : Analyst Says BTC In Fragile",neutral,none,4,0.0,"DOGE Has No Supply Cap While Bitcoin Has 21 Million : Which Model Wins ? | Bitcoin , Ethereum , XRP , Dogecoin Slide Further Amid Fed Hawkish Shift : Analyst Paints This Upside Targe | Elon Musk , The World First Trillionaire , Holds Bitcoin And Some Dogecoin Let That Sink In , Says P | Bitcoin , Ethereum , XRP , Dogecoin In Red Even As Trump Signs Iran Peace Deal : Analyst Says BTC In Fragile","[0.10286541, 0.10357821, 0.10549077, 0.10222169, 0.1029476, 0.10221371, 0.10203472, 0.10094056, 0.10033534, 0.09947699, 0.09962219, 0.10056691, 0.10028895, 0.10094015, 0.0926146, 0.09132028, 0.08848796, 0.08147532, 0.0818704, 0.0862156, 0.08630397, 0.08474433, 0.08292836, 0.08598331, 0.08595947, 0.0878347, 0.08886103, 0.08809166, 0.08709556, 0.08585348]",0.08084889356596386,-0.03125129755646794,0,37.23,37.23,Skip,N/A,N/A,N/A,N/A,N/A,N/A,N/A,N/A,N/A,N/A,N/A
dogecoin_2026-06-20,dogecoin,DOGE,2026-06-20T00:00:00Z,0.08344021653549535,-0.020151253624889343,428822499.2335705,12910797855.835295,5,Meme,binance,-19.44230864418528,-20.90282691144565,"DOGE Has No Supply Cap While Bitcoin Has 21 Million : Which Model Wins ? | Bitcoin , Ethereum , XRP , Dogecoin Slide Further Amid Fed Hawkish Shift : Analyst Paints This Upside Targe | Elon Musk , The World First Trillionaire , Holds Bitcoin And Some Dogecoin Let That Sink In , Says P",NULL,"DOGE Has No Supply Cap While Bitcoin Has 21 Million : Which Model Wins ? | Bitcoin , Ethereum , XRP , Dogecoin Slide Further Amid Fed Hawkish Shift : Analyst Paints This Upside Targe | Elon Musk , The World First Trillionaire , Holds Bitcoin And Some Dogecoin Let That Sink In , Says P",neutral,none,3,0.0,"DOGE Has No Supply Cap While Bitcoin Has 21 Million : Which Model Wins ? | Bitcoin , Ethereum , XRP , Dogecoin Slide Further Amid Fed Hawkish Shift : Analyst Paints This Upside Targe | Elon Musk , The World First Trillionaire , Holds Bitcoin And Some Dogecoin Let That Sink In , Says P","[0.10357821, 0.10549077, 0.10222169, 0.1029476, 0.10221371, 0.10203472, 0.10094056, 0.10033534, 0.09947699, 0.09962219, 0.10056691, 0.10028895, 0.10094015, 0.0926146, 0.09132028, 0.08848796, 0.08147532, 0.0818704, 0.0862156, 0.08630397, 0.08474433, 0.08292836, 0.08598331, 0.08595947, 0.0878347, 0.08886103, 0.08809166, 0.08709556, 0.08585348, 0.08345703]",0.08170173152895588,-0.020835097015836745,0,35.96,35.96,Skip,N/A,N/A,N/A,N/A,N/A,N/A,N/A,N/A,N/A,N/A,N/A
dogecoin_2026-06-21,dogecoin,DOGE,2026-06-21T00:00:00Z,0.08363857899419722,0.2377300382693459,439195179.12106484,12942594729.761576,5,Meme,binance,-20.71478917159225,-20.71478917159225,"Dogecoin ( DOGE ) Price Prediction : DOGE Tests Critical $0 . 08 Support as Analysts Debate Bottom or Breakdown | DOGE Has No Supply Cap While Bitcoin Has 21 Million : Which Model Wins ? | Bitcoin , Ethereum , XRP , Dogecoin Slide Further Amid Fed Hawkish Shift : Analyst Paints This Upside Targe",NULL,"Dogecoin ( DOGE ) Price Prediction : DOGE Tests Critical $0 . 08 Support as Analysts Debate Bottom or Breakdown | DOGE Has No Supply Cap While Bitcoin Has 21 Million : Which Model Wins ? | Bitcoin , Ethereum , XRP , Dogecoin Slide Further Amid Fed Hawkish Shift : Analyst Paints This Upside Targe",neutral,none,3,0.0,"Dogecoin ( DOGE ) Price Prediction : DOGE Tests Critical $0 . 08 Support as Analysts Debate Bottom or Breakdown | DOGE Has No Supply Cap While Bitcoin Has 21 Million : Which Model Wins ? | Bitcoin , Ethereum , XRP , Dogecoin Slide Further Amid Fed Hawkish Shift : Analyst Paints This Upside Targe","[0.10549077, 0.10222169, 0.1029476, 0.10221371, 0.10203472, 0.10094056, 0.10033534, 0.09947699, 0.09962219, 0.10056691, 0.10028895, 0.10094015, 0.0926146, 0.09132028, 0.08848796, 0.08147532, 0.0818704, 0.0862156, 0.08630397, 0.08474433, 0.08292836, 0.08598331, 0.08595947, 0.0878347, 0.08886103, 0.08809166, 0.08709556, 0.08585348, 0.08345703, 0.08344022]",0.08170173152895588,-0.0231573454323718,0,36.11,36.11,Skip,N/A,N/A,N/A,N/A,N/A,N/A,N/A,N/A,N/A,N/A,N/A
dogecoin_2026-06-22,dogecoin,DOGE,2026-06-22T00:00:00Z,0.08216402853795551,-1.7630027601784115,317097950.3271119,12715447585.995325,5,Meme,binance,-19.621731078014626,-20.188493148612473,"Bitcoin , Ethereum , XRP , Dogecoin Flat Amid Trump Threat On Hormuz Strait To Iran : Analyst Says BTC Brea | Dogecoin ( DOGE ) Price Prediction : DOGE Tests Critical $0 . 08 Support as Analysts Debate Bottom or Breakdown | DOGE Has No Supply Cap While Bitcoin Has 21 Million : Which Model Wins ?",NULL,"Bitcoin , Ethereum , XRP , Dogecoin Flat Amid Trump Threat On Hormuz Strait To Iran : Analyst Says BTC Brea | Dogecoin ( DOGE ) Price Prediction : DOGE Tests Critical $0 . 08 Support as Analysts Debate Bottom or Breakdown | DOGE Has No Supply Cap While Bitcoin Has 21 Million : Which Model Wins ?",neutral,none,3,0.0,"Bitcoin , Ethereum , XRP , Dogecoin Flat Amid Trump Threat On Hormuz Strait To Iran : Analyst Says BTC Brea | Dogecoin ( DOGE ) Price Prediction : DOGE Tests Critical $0 . 08 Support as Analysts Debate Bottom or Breakdown | DOGE Has No Supply Cap While Bitcoin Has 21 Million : Which Model Wins ?","[0.10222169, 0.1029476, 0.10221371, 0.10203472, 0.10094056, 0.10033534, 0.09947699, 0.09962219, 0.10056691, 0.10028895, 0.10094015, 0.0926146, 0.09132028, 0.08848796, 0.08147532, 0.0818704, 0.0862156, 0.08630397, 0.08474433, 0.08292836, 0.08598331, 0.08595947, 0.0878347, 0.08886103, 0.08809166, 0.08709556, 0.08585348, 0.08345703, 0.08344022, 0.08363858]",0.08170173152895588,-0.005626513417438805,0,31.37,31.37,Skip,N/A,N/A,N/A,N/A,N/A,N/A,N/A,N/A,N/A,N/A,N/A
dogecoin_2026-06-23,dogecoin,DOGE,2026-06-23T00:00:00Z,0.0823543868160039,0.2316807992933878,456078751.8624634,12746168505.80231,5,Meme,binance,-20.003585211611075,-20.003585211611075,"Bitcoin , Ethereum , XRP , Dogecoin Flat Amid Trump Threat On Hormuz Strait To Iran : Analyst Says BTC Brea | Dogecoin ( DOGE ) Price Prediction : DOGE Tests Critical $0 . 08 Support as Analysts Debate Bottom or Breakdown",NULL,"Bitcoin , Ethereum , XRP , Dogecoin Flat Amid Trump Threat On Hormuz Strait To Iran : Analyst Says BTC Brea | Dogecoin ( DOGE ) Price Prediction : DOGE Tests Critical $0 . 08 Support as Analysts Debate Bottom or Breakdown",neutral,none,2,0.0,"Bitcoin , Ethereum , XRP , Dogecoin Flat Amid Trump Threat On Hormuz Strait To Iran : Analyst Says BTC Brea | Dogecoin ( DOGE ) Price Prediction : DOGE Tests Critical $0 . 08 Support as Analysts Debate Bottom or Breakdown","[0.1029476, 0.10221371, 0.10203472, 0.10094056, 0.10033534, 0.09947699, 0.09962219, 0.10056691, 0.10028895, 0.10094015, 0.0926146, 0.09132028, 0.08848796, 0.08147532, 0.0818704, 0.0862156, 0.08630397, 0.08474433, 0.08292836, 0.08598331, 0.08595947, 0.0878347, 0.08886103, 0.08809166, 0.08709556, 0.08585348, 0.08345703, 0.08344022, 0.08363858, 0.08216403]",0.08170173152895588,-0.007924960797852654,0,33.1,33.1,Skip,N/A,N/A,N/A,N/A,N/A,N/A,N/A,N/A,N/A,N/A,N/A
dogecoin_2026-06-24,dogecoin,DOGE,2026-06-24T00:00:00Z,0.0788037034615052,-4.3114683889659,657244519.5130875,12197670357.163393,5,Meme,binance,-22.903002782310278,-22.903002782310278,"Bitcoin , Ethereum , XRP , Dogecoin Drop Further Amid Global Chip Sell - Off : Analyst Flags The Most Importan",NULL,"Bitcoin , Ethereum , XRP , Dogecoin Drop Further Amid Global Chip Sell - Off : Analyst Flags The Most Importan",neutral,none,1,0.0,"Bitcoin , Ethereum , XRP , Dogecoin Drop Further Amid Global Chip Sell - Off : Analyst Flags The Most Importan","[0.10221371, 0.10203472, 0.10094056, 0.10033534, 0.09947699, 0.09962219, 0.10056691, 0.10028895, 0.10094015, 0.0926146, 0.09132028, 0.08848796, 0.08147532, 0.0818704, 0.0862156, 0.08630397, 0.08474433, 0.08292836, 0.08598331, 0.08595947, 0.0878347, 0.08886103, 0.08809166, 0.08709556, 0.08585348, 0.08345703, 0.08344022, 0.08363858, 0.08216403, 0.08235439]",0.08170173152895588,0.036775277558704245,1,47.77,47.77,Skip,N/A,N/A,N/A,N/A,N/A,N/A,N/A,N/A,N/A,N/A,N/A
dogecoin_2026-06-25,dogecoin,DOGE,2026-06-25T00:00:00Z,0.07610947455670407,-3.4189115313815632,884586328.7677613,11781685498.56385,5,Meme,binance,-25.408259239941778,-25.408259239941778,"Pepeto Launches DeFi Tools While Bitcoin Price Targets $150 , 000 and Whales Found Next Dogecoin | Hyper Bit Technologies Announces Amended Agreement for Acquisition of Dogecoin Mining Technologies Corp . – IT Business Net",NULL,"Pepeto Launches DeFi Tools While Bitcoin Price Targets $150 , 000 and Whales Found Next Dogecoin | Hyper Bit Technologies Announces Amended Agreement for Acquisition of Dogecoin Mining Technologies Corp . – IT Business Net",bullish,none,2,5.0,"Pepeto Launches DeFi Tools While Bitcoin Price Targets $150 , 000 and Whales Found Next Dogecoin | Hyper Bit Technologies Announces Amended Agreement for Acquisition of Dogecoin Mining Technologies Corp . – IT Business Net","[0.10203472, 0.10094056, 0.10033534, 0.09947699, 0.09962219, 0.10056691, 0.10028895, 0.10094015, 0.0926146, 0.09132028, 0.08848796, 0.08147532, 0.0818704, 0.0862156, 0.08630397, 0.08474433, 0.08292836, 0.08598331, 0.08595947, 0.0878347, 0.08886103, 0.08809166, 0.08709556, 0.08585348, 0.08345703, 0.08344022, 0.08363858, 0.08216403, 0.08235439, 0.0788037]",0.08170173152895588,0.07347648902877912,1,60.8,65.8,Invest,N/A,N/A,N/A,N/A,N/A,N/A,N/A,N/A,N/A,N/A,N/A
dogecoin_2026-06-26,dogecoin,DOGE,2026-06-26T00:00:00Z,0.07483421187572689,-1.6755636383050665,772071139.6334214,11585276393.78323,5,Meme,binance,-25.8630896859677,-25.8630896859677,"Painful Bitcoin Sell - Off Drags Ethereum , XRP and Dogecoin Lower as Crypto Stocks Dive | Bitcoin , Ethereum , XRP , Dogecoin Slump As Fed Favourite Inflation Barometer Hits 3 - Year High : Analyst W | Pepeto Launches DeFi Tools While Bitcoin Price Targets $150 , 000 and Whales Found Next Dogecoin | Hyper Bit Technologies Announces Amended Agreement for Acquisition of Dogecoin Mining Technologies Corp . – IT Business Net",NULL,"Painful Bitcoin Sell - Off Drags Ethereum , XRP and Dogecoin Lower as Crypto Stocks Dive | Bitcoin , Ethereum , XRP , Dogecoin Slump As Fed Favourite Inflation Barometer Hits 3 - Year High : Analyst W | Pepeto Launches DeFi Tools While Bitcoin Price Targets $150 , 000 and Whales Found Next Dogecoin | Hyper Bit Technologies Announces Amended Agreement for Acquisition of Dogecoin Mining Technologies Corp . – IT Business Net",bullish,none,4,5.0,"Painful Bitcoin Sell - Off Drags Ethereum , XRP and Dogecoin Lower as Crypto Stocks Dive | Bitcoin , Ethereum , XRP , Dogecoin Slump As Fed Favourite Inflation Barometer Hits 3 - Year High : Analyst W | Pepeto Launches DeFi Tools While Bitcoin Price Targets $150 , 000 and Whales Found Next Dogecoin | Hyper Bit Technologies Announces Amended Agreement for Acquisition of Dogecoin Mining Technologies Corp . – IT Business Net","[0.10094056, 0.10033534, 0.09947699, 0.09962219, 0.10056691, 0.10028895, 0.10094015, 0.0926146, 0.09132028, 0.08848796, 0.08147532, 0.0818704, 0.0862156, 0.08630397, 0.08474433, 0.08292836, 0.08598331, 0.08595947, 0.0878347, 0.08886103, 0.08809166, 0.08709556, 0.08585348, 0.08345703, 0.08344022, 0.08363858, 0.08216403, 0.08235439, 0.0788037, 0.07610947]",0.08170173152895588,0.09176978658682877,1,61.69,66.69,Invest,N/A,N/A,N/A,N/A,N/A,N/A,N/A,N/A,N/A,N/A,N/A
dogecoin_2026-09-26,dogecoin,DOGE,2026-09-26T00:00:00Z,0.08170173152895588,9.176978658682877,726453124.5000927,12741831644.954588,5,Meme,binance,-6.818514653907204,-10.075376293509663,NULL,"Dogecoin Targets 30% Surge Following $12.66M Short Squeeze | DOGE, SUI, SOL, XRP Rally Faster Than Bitcoin As BTC Hits 8-Month High | Pepe surges 22%, leading Bitcoin, Dogecoin, XRP | Better Buy Right Now: Bitcoin vs. Dogecoin | Can Dogecoin Reach $1 by Year-End? Here's How the Meme Coin Traded During the Last Election Year.","Dogecoin Targets 30% Surge Following $12.66M Short Squeeze | DOGE, SUI, SOL, XRP Rally Faster Than Bitcoin As BTC Hits 8-Month High | Pepe surges 22%, leading Bitcoin, Dogecoin, XRP | Better Buy Right Now: Bitcoin vs. Dogecoin | Can Dogecoin Reach $1 by Year-End? Here's How the Meme Coin Traded During the Last Election Year.",bullish,none,5,5.0,"Dogecoin Targets 30% Surge Following $12.66M Short Squeeze | DOGE, SUI, SOL, XRP Rally Faster Than Bitcoin As BTC Hits 8-Month High | Pepe surges 22%, leading Bitcoin, Dogecoin, XRP | Better Buy Right Now: Bitcoin vs. Dogecoin | Can Dogecoin Reach $1 by Year-End? Here's How the Meme Coin Traded During the Last Election Year.","[0.08768022, 0.08914357, 0.08522451, 0.08527945, 0.08205444, 0.08281679, 0.08164257, 0.08171038, 0.08781224, 0.08479039, 0.08969061, 0.09085579, 0.09048297, 0.09004382, 0.08615898, 0.08287791, 0.08428307, 0.08481002, 0.08243349, 0.0836332, 0.08005132, 0.08084889, 0.08170173]",0.08170173152895588,0.0,0,7.49,12.49,Skip,0,0,-999,0,-999,0,0,-999,0.0,0.0,N/A
cardano_2026-05-24,cardano,ADA,2026-05-24T00:00:00Z,0.24583517559001003,1.4388427967078066,321802130.28250253,9096168020.195175,6,Layer 1 (L1),binance,-1.6452624769717206,-12.966761963005125,Comparing Market Value : Cardano Whales Hold 67 % of ADA While | Cardano ( ADA ) Research Focused Strategy Faces Uncertainty Due To Decentralized Governance Concerns | Cardano Price Prediction Faces a Test as ADA Whales Control 67 % | Cardano Price Prediction Shows Bullish Whale Signal as ADA,NULL,Comparing Market Value : Cardano Whales Hold 67 % of ADA While | Cardano ( ADA ) Research Focused Strategy Faces Uncertainty Due To Decentralized Governance Concerns | Cardano Price Prediction Faces a Test as ADA Whales Control 67 % | Cardano Price Prediction Shows Bullish Whale Signal as ADA,bullish,none,4,5.0,Comparing Market Value : Cardano Whales Hold 67 % of ADA While | Cardano ( ADA ) Research Focused Strategy Faces Uncertainty Due To Decentralized Governance Concerns | Cardano Price Prediction Faces a Test as ADA Whales Control 67 % | Cardano Price Prediction Shows Bullish Whale Signal as ADA,"[0.24994747, 0.25044103, 0.25037216, 0.25226059, 0.24825684, 0.24681828, 0.24460282, 0.24619539, 0.24826389, 0.25016327, 0.24945029, 0.24991041, 0.26210211, 0.26710632, 0.262811, 0.27352349, 0.27098777, 0.28246125, 0.28001167, 0.27095468, 0.26473546, 0.27020076, 0.2615039, 0.25507052, 0.25205092, 0.2514902, 0.2480629, 0.24904071, 0.25024107, 0.24234817]",0.2291047455940254,-0.06805547642167642,0,9.17,14.17,Skip,N/A,N/A,N/A,N/A,N/A,N/A,N/A,N/A,N/A,N/A,N/A
cardano_2026-05-25,cardano,ADA,2026-05-25T00:00:00Z,0.2421412215166872,-1.5026141252801772,178363550.2715458,8961053628.674688,6,Layer 1 (L1),binance,-3.314075071095879,-14.274535691437729,Is Cardano Too Cheap to Ignore Right Now ? | Is Cardano Too Cheap to Ignore Right Now ? | Comparing Market Value : Cardano Whales Hold 67 % of ADA While | Cardano ( ADA ) Research Focused Strategy Faces Uncertainty Due To Decentralized Governance Concerns | Cardano Price Prediction Faces a Test as ADA Whales Control 67 % | Cardano Price Prediction Shows Bullish Whale Signal as ADA,NULL,Is Cardano Too Cheap to Ignore Right Now ? | Comparing Market Value : Cardano Whales Hold 67 % of ADA While | Cardano ( ADA ) Research Focused Strategy Faces Uncertainty Due To Decentralized Governance Concerns | Cardano Price Prediction Faces a Test as ADA Whales Control 67 % | Cardano Price Prediction Shows Bullish Whale Signal as ADA,bullish,none,5,5.0,Is Cardano Too Cheap to Ignore Right Now ? | Comparing Market Value : Cardano Whales Hold 67 % of ADA While | Cardano ( ADA ) Research Focused Strategy Faces Uncertainty Due To Decentralized Governance Concerns | Cardano Price Prediction Faces a Test as ADA Whales Control 67 % | Cardano Price Prediction Shows Bullish Whale Signal as ADA,"[0.25044103, 0.25037216, 0.25226059, 0.24825684, 0.24681828, 0.24460282, 0.24619539, 0.24826389, 0.25016327, 0.24945029, 0.24991041, 0.26210211, 0.26710632, 0.262811, 0.27352349, 0.27098777, 0.28246125, 0.28001167, 0.27095468, 0.26473546, 0.27020076, 0.2615039, 0.25507052, 0.25205092, 0.2514902, 0.2480629, 0.24904071, 0.25024107, 0.24234817, 0.24583518]",0.22608419659223078,-0.0663126452566849,0,9.87,14.87,Skip,N/A,N/A,N/A,N/A,N/A,N/A,N/A,N/A,N/A,N/A,N/A
cardano_2026-05-26,cardano,ADA,2026-05-26T00:00:00Z,0.24330789302718994,0.48181449783524233,180962790.91009948,9004229284.216433,6,Layer 1 (L1),binance,-2.8215082658995305,-13.861497976062498,Is Cardano Too Cheap to Ignore Right Now ? | Is Cardano Too Cheap to Ignore Right Now ? | Comparing Market Value : Cardano Whales Hold 67 % of ADA While | Cardano ( ADA ) Research Focused Strategy Faces Uncertainty Due To Decentralized Governance Concerns | Cardano Price Prediction Faces a Test as ADA Whales Control 67 % | Cardano Price Prediction Shows Bullish Whale Signal as ADA,NULL,Is Cardano Too Cheap to Ignore Right Now ? | Comparing Market Value : Cardano Whales Hold 67 % of ADA While | Cardano ( ADA ) Research Focused Strategy Faces Uncertainty Due To Decentralized Governance Concerns | Cardano Price Prediction Faces a Test as ADA Whales Control 67 % | Cardano Price Prediction Shows Bullish Whale Signal as ADA,bullish,none,5,5.0,Is Cardano Too Cheap to Ignore Right Now ? | Comparing Market Value : Cardano Whales Hold 67 % of ADA While | Cardano ( ADA ) Research Focused Strategy Faces Uncertainty Due To Decentralized Governance Concerns | Cardano Price Prediction Faces a Test as ADA Whales Control 67 % | Cardano Price Prediction Shows Bullish Whale Signal as ADA,"[0.25037216, 0.25226059, 0.24825684, 0.24681828, 0.24460282, 0.24619539, 0.24826389, 0.25016327, 0.24945029, 0.24991041, 0.26210211, 0.26710632, 0.262811, 0.27352349, 0.27098777, 0.28246125, 0.28001167, 0.27095468, 0.26473546, 0.27020076, 0.2615039, 0.25507052, 0.25205092, 0.2514902, 0.2480629, 0.24904071, 0.25024107, 0.24234817, 0.24583518, 0.24214122]",0.22682629178533498,-0.06773968997386015,0,9.25,14.25,Skip,N/A,N/A,N/A,N/A,N/A,N/A,N/A,N/A,N/A,N/A,N/A
cardano_2026-05-27,cardano,ADA,2026-05-27T00:00:00Z,0.23986546473430084,-1.4148444795847204,248365068.8729072,8876833443.259546,6,Layer 1 (L1),binance,-4.9136188911119705,-15.080223816745153,"Crypto Market : The Real Reason BTC , XRP , ETH , Cardano are Falling in 2026 | Is Cardano Too Cheap to Ignore Right Now ? | Is Cardano Too Cheap to Ignore Right Now ? | Comparing Market Value : Cardano Whales Hold 67 % of ADA While | Cardano ( ADA ) Research Focused Strategy Faces Uncertainty Due To Decentralized Governance Concerns | Cardano Price Prediction Faces a Test as ADA Whales Control 67 %",NULL,"Crypto Market : The Real Reason BTC , XRP , ETH , Cardano are Falling in 2026 | Is Cardano Too Cheap to Ignore Right Now ? | Comparing Market Value : Cardano Whales Hold 67 % of ADA While | Cardano ( ADA ) Research Focused Strategy Faces Uncertainty Due To Decentralized Governance Concerns | Cardano Price Prediction Faces a Test as ADA Whales Control 67 %",neutral,none,5,0.0,"Crypto Market : The Real Reason BTC , XRP , ETH , Cardano are Falling in 2026 | Is Cardano Too Cheap to Ignore Right Now ? | Comparing Market Value : Cardano Whales Hold 67 % of ADA While | Cardano ( ADA ) Research Focused Strategy Faces Uncertainty Due To Decentralized Governance Concerns | Cardano Price Prediction Faces a Test as ADA Whales Control 67 %","[0.25226059, 0.24825684, 0.24681828, 0.24460282, 0.24619539, 0.24826389, 0.25016327, 0.24945029, 0.24991041, 0.26210211, 0.26710632, 0.262811, 0.27352349, 0.27098777, 0.28246125, 0.28001167, 0.27095468, 0.26473546, 0.27020076, 0.2615039, 0.25507052, 0.25205092, 0.2514902, 0.2480629, 0.24904071, 0.25024107, 0.24234817, 0.24583518, 0.24214122, 0.24330789]",0.22142878711039282,-0.0768625764627282,0,12.37,12.37,Skip,N/A,N/A,N/A,N/A,N/A,N/A,N/A,N/A,N/A,N/A,N/A
cardano_2026-05-28,cardano,ADA,2026-05-28T00:00:00Z,0.23689896073373767,-1.236736603099231,204000137.70423874,8767050394.870602,6,Layer 1 (L1),binance,-4.5750515741550535,-16.130457772073413,"Cardano Price Analysis : $0 . 20 Next if $0 . 23 Support is Lost ? | Crypto Market : The Real Reason BTC , XRP , ETH , Cardano are Falling in 2026 | Is Cardano Too Cheap to Ignore Right Now ? | Is Cardano Too Cheap to Ignore Right Now ? | Comparing Market Value : Cardano Whales Hold 67 % of ADA While | Cardano ( ADA ) Research Focused Strategy Faces Uncertainty Due To Decentralized Governance Concerns",NULL,"Cardano Price Analysis : $0 . 20 Next if $0 . 23 Support is Lost ? | Crypto Market : The Real Reason BTC , XRP , ETH , Cardano are Falling in 2026 | Is Cardano Too Cheap to Ignore Right Now ? | Comparing Market Value : Cardano Whales Hold 67 % of ADA While | Cardano ( ADA ) Research Focused Strategy Faces Uncertainty Due To Decentralized Governance Concerns",neutral,none,5,0.0,"Cardano Price Analysis : $0 . 20 Next if $0 . 23 Support is Lost ? | Crypto Market : The Real Reason BTC , XRP , ETH , Cardano are Falling in 2026 | Is Cardano Too Cheap to Ignore Right Now ? | Comparing Market Value : Cardano Whales Hold 67 % of ADA While | Cardano ( ADA ) Research Focused Strategy Faces Uncertainty Due To Decentralized Governance Concerns","[0.24825684, 0.24681828, 0.24460282, 0.24619539, 0.24826389, 0.25016327, 0.24945029, 0.24991041, 0.26210211, 0.26710632, 0.262811, 0.27352349, 0.27098777, 0.28246125, 0.28001167, 0.27095468, 0.26473546, 0.27020076, 0.2615039, 0.25507052, 0.25205092, 0.2514902, 0.2480629, 0.24904071, 0.25024107, 0.24234817, 0.24583518, 0.24214122, 0.24330789, 0.23986546]",0.20908509616060678,-0.11740813250925264,0,13.52,13.52,Skip,N/A,N/A,N/A,N/A,N/A,N/A,N/A,N/A,N/A,N/A,N/A
cardano_2026-05-29,cardano,ADA,2026-05-29T00:00:00Z,0.23465844104515332,-0.9457701636363836,434838317.1271382,8684134248.00495,6,Layer 1 (L1),binance,-4.926637607829409,-16.923670878843556,"Cardano Price Analysis : $0 . 20 Next if $0 . 23 Support is Lost ? | Crypto Market : The Real Reason BTC , XRP , ETH , Cardano are Falling in 2026 | Is Cardano Too Cheap to Ignore Right Now ? | Is Cardano Too Cheap to Ignore Right Now ? | Comparing Market Value : Cardano Whales Hold 67 % of ADA While",NULL,"Cardano Price Analysis : $0 . 20 Next if $0 . 23 Support is Lost ? | Crypto Market : The Real Reason BTC , XRP , ETH , Cardano are Falling in 2026 | Is Cardano Too Cheap to Ignore Right Now ? | Comparing Market Value : Cardano Whales Hold 67 % of ADA While",neutral,none,4,0.0,"Cardano Price Analysis : $0 . 20 Next if $0 . 23 Support is Lost ? | Crypto Market : The Real Reason BTC , XRP , ETH , Cardano are Falling in 2026 | Is Cardano Too Cheap to Ignore Right Now ? | Comparing Market Value : Cardano Whales Hold 67 % of ADA While","[0.24681828, 0.24460282, 0.24619539, 0.24826389, 0.25016327, 0.24945029, 0.24991041, 0.26210211, 0.26710632, 0.262811, 0.27352349, 0.27098777, 0.28246125, 0.28001167, 0.27095468, 0.26473546, 0.27020076, 0.2615039, 0.25507052, 0.25205092, 0.2514902, 0.2480629, 0.24904071, 0.25024107, 0.24234817, 0.24583518, 0.24214122, 0.24330789, 0.23986546, 0.23689896]",0.21237628643484097,-0.09495569181772923,0,17.99,17.99,Skip,N/A,N/A,N/A,N/A,N/A,N/A,N/A,N/A,N/A,N/A,N/A
cardano_2026-05-30,cardano,ADA,2026-05-30T00:00:00Z,0.23277971355109459,-0.8006221662817725,317171677.82864636,8646765930.855165,6,Layer 1 (L1),binance,-4.833593480506327,-17.58879838472073,"Cardano Price Analysis : $0 . 20 Next if $0 . 23 Support is Lost ? | Crypto Market : The Real Reason BTC , XRP , ETH , Cardano are Falling in 2026 | Is Cardano Too Cheap to Ignore Right Now ? | Is Cardano Too Cheap to Ignore Right Now ?",NULL,"Cardano Price Analysis : $0 . 20 Next if $0 . 23 Support is Lost ? | Crypto Market : The Real Reason BTC , XRP , ETH , Cardano are Falling in 2026 | Is Cardano Too Cheap to Ignore Right Now ?",neutral,none,3,0.0,"Cardano Price Analysis : $0 . 20 Next if $0 . 23 Support is Lost ? | Crypto Market : The Real Reason BTC , XRP , ETH , Cardano are Falling in 2026 | Is Cardano Too Cheap to Ignore Right Now ?","[0.24460282, 0.24619539, 0.24826389, 0.25016327, 0.24945029, 0.24991041, 0.26210211, 0.26710632, 0.262811, 0.27352349, 0.27098777, 0.28246125, 0.28001167, 0.27095468, 0.26473546, 0.27020076, 0.2615039, 0.25507052, 0.25205092, 0.2514902, 0.2480629, 0.24904071, 0.25024107, 0.24234817, 0.24583518, 0.24214122, 0.24330789, 0.23986546, 0.23689896, 0.23465844]",0.21379576468901376,-0.08155327873068241,0,18.25,18.25,Skip,N/A,N/A,N/A,N/A,N/A,N/A,N/A,N/A,N/A,N/A,N/A
cardano_2026-05-31,cardano,ADA,2026-05-31T00:00:00Z,0.23581508951182872,1.3039692825585814,343275019.4571647,8759517102.528257,6,Layer 1 (L1),binance,-4.216285881241144,-16.514181630270063,"Cardano Price Analysis : $0 . 20 Next if $0 . 23 Support is Lost ? | Crypto Market : The Real Reason BTC , XRP , ETH , Cardano are Falling in 2026 | Is Cardano Too Cheap to Ignore Right Now ? | Is Cardano Too Cheap to Ignore Right Now ?",NULL,"Cardano Price Analysis : $0 . 20 Next if $0 . 23 Support is Lost ? | Crypto Market : The Real Reason BTC , XRP , ETH , Cardano are Falling in 2026 | Is Cardano Too Cheap to Ignore Right Now ?",neutral,none,3,0.0,"Cardano Price Analysis : $0 . 20 Next if $0 . 23 Support is Lost ? | Crypto Market : The Real Reason BTC , XRP , ETH , Cardano are Falling in 2026 | Is Cardano Too Cheap to Ignore Right Now ?","[0.24619539, 0.24826389, 0.25016327, 0.24945029, 0.24991041, 0.26210211, 0.26710632, 0.262811, 0.27352349, 0.27098777, 0.28246125, 0.28001167, 0.27095468, 0.26473546, 0.27020076, 0.2615039, 0.25507052, 0.25205092, 0.2514902, 0.2480629, 0.24904071, 0.25024107, 0.24234817, 0.24583518, 0.24214122, 0.24330789, 0.23986546, 0.23689896, 0.23465844, 0.23277971]",0.20309694918024185,-0.13874489711119908,0,15.98,15.98,Skip,N/A,N/A,N/A,N/A,N/A,N/A,N/A,N/A,N/A,N/A,N/A
cardano_2026-06-01,cardano,ADA,2026-06-01T00:00:00Z,0.23548566147621924,-0.13969760641333595,301663634.0373059,8747280266.802658,6,Layer 1 (L1),binance,-5.147034838863373,-16.630809320227158,"Cardano Self Reported Market Cap Hits $8 . 76 Billion ( ADA ) | Cardano Price Analysis : $0 . 20 Next if $0 . 23 Support is Lost ? | Crypto Market : The Real Reason BTC , XRP , ETH , Cardano are Falling in 2026 | Is Cardano Too Cheap to Ignore Right Now ? | Is Cardano Too Cheap to Ignore Right Now ?",NULL,"Cardano Self Reported Market Cap Hits $8 . 76 Billion ( ADA ) | Cardano Price Analysis : $0 . 20 Next if $0 . 23 Support is Lost ? | Crypto Market : The Real Reason BTC , XRP , ETH , Cardano are Falling in 2026 | Is Cardano Too Cheap to Ignore Right Now ?",neutral,none,4,0.0,"Cardano Self Reported Market Cap Hits $8 . 76 Billion ( ADA ) | Cardano Price Analysis : $0 . 20 Next if $0 . 23 Support is Lost ? | Crypto Market : The Real Reason BTC , XRP , ETH , Cardano are Falling in 2026 | Is Cardano Too Cheap to Ignore Right Now ?","[0.24826389, 0.25016327, 0.24945029, 0.24991041, 0.26210211, 0.26710632, 0.262811, 0.27352349, 0.27098777, 0.28246125, 0.28001167, 0.27095468, 0.26473546, 0.27020076, 0.2615039, 0.25507052, 0.25205092, 0.2514902, 0.2480629, 0.24904071, 0.25024107, 0.24234817, 0.24583518, 0.24214122, 0.24330789, 0.23986546, 0.23689896, 0.23465844, 0.23277971, 0.23581509]",0.201848389377435,-0.14284212417825337,0,16.04,16.04,Skip,N/A,N/A,N/A,N/A,N/A,N/A,N/A,N/A,N/A,N/A,N/A
cardano_2026-06-02,cardano,ADA,2026-06-02T00:00:00Z,0.23081640043525256,-1.9828218039671275,433914176.8596166,8573837286.418382,6,Layer 1 (L1),binance,-7.7336957083776525,-18.28387181081662,ADA Price Prediction Stalls After Cardano Summit Collapses | XRP vs Cardano : Which Will Hit $5 First ? | Cardano Self Reported Market Cap Hits $8 . 76 Billion ( ADA ) | Cardano Price Analysis : $0 . 20 Next if $0 . 23 Support is Lost ?,NULL,ADA Price Prediction Stalls After Cardano Summit Collapses | XRP vs Cardano : Which Will Hit $5 First ? | Cardano Self Reported Market Cap Hits $8 . 76 Billion ( ADA ) | Cardano Price Analysis : $0 . 20 Next if $0 . 23 Support is Lost ?,bearish,none,4,-5.0,ADA Price Prediction Stalls After Cardano Summit Collapses | XRP vs Cardano : Which Will Hit $5 First ? | Cardano Self Reported Market Cap Hits $8 . 76 Billion ( ADA ) | Cardano Price Analysis : $0 . 20 Next if $0 . 23 Support is Lost ?,"[0.25016327, 0.24945029, 0.24991041, 0.26210211, 0.26710632, 0.262811, 0.27352349, 0.27098777, 0.28246125, 0.28001167, 0.27095468, 0.26473546, 0.27020076, 0.2615039, 0.25507052, 0.25205092, 0.2514902, 0.2480629, 0.24904071, 0.25024107, 0.24234817, 0.24583518, 0.24214122, 0.24330789, 0.23986546, 0.23689896, 0.23465844, 0.23277971, 0.23581509, 0.23548566]",0.19267185961239683,-0.1652592309338774,0,22.46,17.46,Skip,N/A,N/A,N/A,N/A,N/A,N/A,N/A,N/A,N/A,N/A,N/A
cardano_2026-06-03,cardano,ADA,2026-06-03T00:00:00Z,0.21265552014101416,-7.868106538353548,626488007.0362619,7899238634.297903,6,Layer 1 (L1),binance,-14.750339902677446,-24.713383835759117,"ADA and LINK Face Critical Tests , but BlockDAG Steals the Spotlight With New Stablecoin & Historic $0 . 001 Buyback Program | ADA Price Prediction Stalls After Cardano Summit Collapses | XRP vs Cardano : Which Will Hit $5 First ? | Cardano Self Reported Market Cap Hits $8 . 76 Billion ( ADA )",NULL,"ADA and LINK Face Critical Tests , but BlockDAG Steals the Spotlight With New Stablecoin & Historic $0 . 001 Buyback Program | ADA Price Prediction Stalls After Cardano Summit Collapses | XRP vs Cardano : Which Will Hit $5 First ? | Cardano Self Reported Market Cap Hits $8 . 76 Billion ( ADA )",bearish,none,4,-5.0,"ADA and LINK Face Critical Tests , but BlockDAG Steals the Spotlight With New Stablecoin & Historic $0 . 001 Buyback Program | ADA Price Prediction Stalls After Cardano Summit Collapses | XRP vs Cardano : Which Will Hit $5 First ? | Cardano Self Reported Market Cap Hits $8 . 76 Billion ( ADA )","[0.24945029, 0.24991041, 0.26210211, 0.26710632, 0.262811, 0.27352349, 0.27098777, 0.28246125, 0.28001167, 0.27095468, 0.26473546, 0.27020076, 0.2615039, 0.25507052, 0.25205092, 0.2514902, 0.2480629, 0.24904071, 0.25024107, 0.24234817, 0.24583518, 0.24214122, 0.24330789, 0.23986546, 0.23689896, 0.23465844, 0.23277971, 0.23581509, 0.23548566, 0.2308164]",0.19776462075916668,-0.07002357320408692,0,50.58,45.58,Skip,N/A,N/A,N/A,N/A,N/A,N/A,N/A,N/A,N/A,N/A,N/A
cardano_2026-06-04,cardano,ADA,2026-06-04T00:00:00Z,0.20021060481451536,-5.852147792000151,608721621.7832681,7439828196.306524,6,Layer 1 (L1),binance,-19.88704943703822,-29.11926788128637,"Cardano Price Collapse ? Charles Hoskinson Warns of More Cardano DeFi Projects Closing In 2026 | ADA and LINK Face Critical Tests , but BlockDAG Steals the Spotlight With New Stablecoin & Historic $0 . 001 Buyback Program | ADA Price Prediction Stalls After Cardano Summit Collapses | XRP vs Cardano : Which Will Hit $5 First ? | Cardano Self Reported Market Cap Hits $8 . 76 Billion ( ADA )",NULL,"Cardano Price Collapse ? Charles Hoskinson Warns of More Cardano DeFi Projects Closing In 2026 | ADA and LINK Face Critical Tests , but BlockDAG Steals the Spotlight With New Stablecoin & Historic $0 . 001 Buyback Program | ADA Price Prediction Stalls After Cardano Summit Collapses | XRP vs Cardano : Which Will Hit $5 First ? | Cardano Self Reported Market Cap Hits $8 . 76 Billion ( ADA )",bearish,none,5,-5.0,"Cardano Price Collapse ? Charles Hoskinson Warns of More Cardano DeFi Projects Closing In 2026 | ADA and LINK Face Critical Tests , but BlockDAG Steals the Spotlight With New Stablecoin & Historic $0 . 001 Buyback Program | ADA Price Prediction Stalls After Cardano Summit Collapses | XRP vs Cardano : Which Will Hit $5 First ? | Cardano Self Reported Market Cap Hits $8 . 76 Billion ( ADA )","[0.24991041, 0.26210211, 0.26710632, 0.262811, 0.27352349, 0.27098777, 0.28246125, 0.28001167, 0.27095468, 0.26473546, 0.27020076, 0.2615039, 0.25507052, 0.25205092, 0.2514902, 0.2480629, 0.24904071, 0.25024107, 0.24234817, 0.24583518, 0.24214122, 0.24330789, 0.23986546, 0.23689896, 0.23465844, 0.23277971, 0.23581509, 0.23548566, 0.2308164, 0.21265552]",0.1965993377944218,-0.018037341345825353,0,69.35,64.35,Invest,N/A,N/A,N/A,N/A,N/A,N/A,N/A,N/A,N/A,N/A,N/A
cardano_2026-06-05,cardano,ADA,2026-06-05T00:00:00Z,0.17965580399762496,-10.266589442618857,845978719.8232396,6676011580.155538,6,Layer 1 (L1),binance,-31.45579631006391,-36.396301641837184,"Cardano Price Collapse ? Charles Hoskinson Warns of More Cardano DeFi Projects Closing In 2026 | ADA and LINK Face Critical Tests , but BlockDAG Steals the Spotlight With New Stablecoin & Historic $0 . 001 Buyback Program | ADA Price Prediction Stalls After Cardano Summit Collapses | XRP vs Cardano : Which Will Hit $5 First ?",NULL,"Cardano Price Collapse ? Charles Hoskinson Warns of More Cardano DeFi Projects Closing In 2026 | ADA and LINK Face Critical Tests , but BlockDAG Steals the Spotlight With New Stablecoin & Historic $0 . 001 Buyback Program | ADA Price Prediction Stalls After Cardano Summit Collapses | XRP vs Cardano : Which Will Hit $5 First ?",bearish,none,4,-5.0,"Cardano Price Collapse ? Charles Hoskinson Warns of More Cardano DeFi Projects Closing In 2026 | ADA and LINK Face Critical Tests , but BlockDAG Steals the Spotlight With New Stablecoin & Historic $0 . 001 Buyback Program | ADA Price Prediction Stalls After Cardano Summit Collapses | XRP vs Cardano : Which Will Hit $5 First ?","[0.26210211, 0.26710632, 0.262811, 0.27352349, 0.27098777, 0.28246125, 0.28001167, 0.27095468, 0.26473546, 0.27020076, 0.2615039, 0.25507052, 0.25205092, 0.2514902, 0.2480629, 0.24904071, 0.25024107, 0.24234817, 0.24583518, 0.24214122, 0.24330789, 0.23986546, 0.23689896, 0.23465844, 0.23277971, 0.23581509, 0.23548566, 0.2308164, 0.21265552, 0.2002106]",0.20099065670859845,0.11875404098414499,1,90.84,85.84,Invest,N/A,N/A,N/A,N/A,N/A,N/A,N/A,N/A,N/A,N/A,N/A
cardano_2026-06-06,cardano,ADA,2026-06-06T00:00:00Z,0.15664635393151696,-12.807518351264724,1127076474.438127,5820980171.89456,6,Layer 1 (L1),binance,-41.35430618723544,-44.54235698114194,"Cardano Price Collapse ? Charles Hoskinson Warns of More Cardano DeFi Projects Closing In 2026 | ADA and LINK Face Critical Tests , but BlockDAG Steals the Spotlight With New Stablecoin & Historic $0 . 001 Buyback Program | ADA Price Prediction Stalls After Cardano Summit Collapses | XRP vs Cardano : Which Will Hit $5 First ?",NULL,"Cardano Price Collapse ? Charles Hoskinson Warns of More Cardano DeFi Projects Closing In 2026 | ADA and LINK Face Critical Tests , but BlockDAG Steals the Spotlight With New Stablecoin & Historic $0 . 001 Buyback Program | ADA Price Prediction Stalls After Cardano Summit Collapses | XRP vs Cardano : Which Will Hit $5 First ?",bearish,none,4,-5.0,"Cardano Price Collapse ? Charles Hoskinson Warns of More Cardano DeFi Projects Closing In 2026 | ADA and LINK Face Critical Tests , but BlockDAG Steals the Spotlight With New Stablecoin & Historic $0 . 001 Buyback Program | ADA Price Prediction Stalls After Cardano Summit Collapses | XRP vs Cardano : Which Will Hit $5 First ?","[0.26710632, 0.262811, 0.27352349, 0.27098777, 0.28246125, 0.28001167, 0.27095468, 0.26473546, 0.27020076, 0.2615039, 0.25507052, 0.25205092, 0.2514902, 0.2480629, 0.24904071, 0.25024107, 0.24234817, 0.24583518, 0.24214122, 0.24330789, 0.23986546, 0.23689896, 0.23465844, 0.23277971, 0.23581509, 0.23548566, 0.2308164, 0.21265552, 0.2002106, 0.1796558]",0.22115511187960019,0.4118114231773651,1,97.91,92.91,Invest,N/A,N/A,N/A,N/A,N/A,N/A,N/A,N/A,N/A,N/A,N/A
cardano_2026-06-07,cardano,ADA,2026-06-07T00:00:00Z,0.15718679819849915,0.34500915815662836,698532873.1809672,5841063086.582077,6,Layer 1 (L1),binance,-40.1901760795037,-44.35102303382907,"Cardano Price Collapse ? Charles Hoskinson Warns of More Cardano DeFi Projects Closing In 2026 | ADA and LINK Face Critical Tests , but BlockDAG Steals the Spotlight With New Stablecoin & Historic $0 . 001 Buyback Program | ADA Price Prediction Stalls After Cardano Summit Collapses | XRP vs Cardano : Which Will Hit $5 First ?",NULL,"Cardano Price Collapse ? Charles Hoskinson Warns of More Cardano DeFi Projects Closing In 2026 | ADA and LINK Face Critical Tests , but BlockDAG Steals the Spotlight With New Stablecoin & Historic $0 . 001 Buyback Program | ADA Price Prediction Stalls After Cardano Summit Collapses | XRP vs Cardano : Which Will Hit $5 First ?",bearish,none,4,-5.0,"Cardano Price Collapse ? Charles Hoskinson Warns of More Cardano DeFi Projects Closing In 2026 | ADA and LINK Face Critical Tests , but BlockDAG Steals the Spotlight With New Stablecoin & Historic $0 . 001 Buyback Program | ADA Price Prediction Stalls After Cardano Summit Collapses | XRP vs Cardano : Which Will Hit $5 First ?","[0.262811, 0.27352349, 0.27098777, 0.28246125, 0.28001167, 0.27095468, 0.26473546, 0.27020076, 0.2615039, 0.25507052, 0.25205092, 0.2514902, 0.2480629, 0.24904071, 0.25024107, 0.24234817, 0.24583518, 0.24214122, 0.24330789, 0.23986546, 0.23689896, 0.23465844, 0.23277971, 0.23581509, 0.23548566, 0.2308164, 0.21265552, 0.2002106, 0.1796558, 0.15664635]",0.2112164477124468,0.34372892719474923,1,97.49,92.49,Invest,N/A,N/A,N/A,N/A,N/A,N/A,N/A,N/A,N/A,N/A,N/A
cardano_2026-06-08,cardano,ADA,2026-06-08T00:00:00Z,0.16509315561300406,5.02991186608468,567070481.0227826,6134863411.879562,6,Layer 1 (L1),binance,-39.642055374774706,-41.5519285380529,"Cardano Crash Exposes ADA Deeper Problem , Says Longtime Bull | Cardano Price Collapse ? Charles Hoskinson Warns of More Cardano DeFi Projects Closing In 2026",NULL,"Cardano Crash Exposes ADA Deeper Problem , Says Longtime Bull | Cardano Price Collapse ? Charles Hoskinson Warns of More Cardano DeFi Projects Closing In 2026",bearish,none,2,-5.0,"Cardano Crash Exposes ADA Deeper Problem , Says Longtime Bull | Cardano Price Collapse ? Charles Hoskinson Warns of More Cardano DeFi Projects Closing In 2026","[0.27352349, 0.27098777, 0.28246125, 0.28001167, 0.27095468, 0.26473546, 0.27020076, 0.2615039, 0.25507052, 0.25205092, 0.2514902, 0.2480629, 0.24904071, 0.25024107, 0.24234817, 0.24583518, 0.24214122, 0.24330789, 0.23986546, 0.23689896, 0.23465844, 0.23277971, 0.23581509, 0.23548566, 0.2308164, 0.21265552, 0.2002106, 0.1796558, 0.15664635, 0.1571868]",0.2182747960633686,0.3221311038177015,1,95.94,90.94,Invest,N/A,N/A,N/A,N/A,N/A,N/A,N/A,N/A,N/A,N/A,N/A
cardano_2026-06-09,cardano,ADA,2026-06-09T00:00:00Z,0.17032636785599511,3.16985414904678,503624917.65681404,6330458948.33291,6,Layer 1 (L1),binance,-37.146104075871555,-39.699209919778546,"Cardano Achieves Self Reported Market Capitalization of $6 . 37 Billion ( ADA ) | Cardano Crash Exposes ADA Deeper Problem , Says Longtime Bull | Cardano Price Collapse ? Charles Hoskinson Warns of More Cardano DeFi Projects Closing In 2026",NULL,"Cardano Achieves Self Reported Market Capitalization of $6 . 37 Billion ( ADA ) | Cardano Crash Exposes ADA Deeper Problem , Says Longtime Bull | Cardano Price Collapse ? Charles Hoskinson Warns of More Cardano DeFi Projects Closing In 2026",bearish,none,3,-5.0,"Cardano Achieves Self Reported Market Capitalization of $6 . 37 Billion ( ADA ) | Cardano Crash Exposes ADA Deeper Problem , Says Longtime Bull | Cardano Price Collapse ? Charles Hoskinson Warns of More Cardano DeFi Projects Closing In 2026","[0.27098777, 0.28246125, 0.28001167, 0.27095468, 0.26473546, 0.27020076, 0.2615039, 0.25507052, 0.25205092, 0.2514902, 0.2480629, 0.24904071, 0.25024107, 0.24234817, 0.24583518, 0.24214122, 0.24330789, 0.23986546, 0.23689896, 0.23465844, 0.23277971, 0.23581509, 0.23548566, 0.2308164, 0.21265552, 0.2002106, 0.1796558, 0.15664635, 0.1571868, 0.16509316]",0.22332470639643617,0.3111575688929695,1,94.22,89.22,Invest,N/A,N/A,N/A,N/A,N/A,N/A,N/A,N/A,N/A,N/A,N/A
cardano_2026-06-10,cardano,ADA,2026-06-10T00:00:00Z,0.16517926288834595,-3.0219073138463615,432501140.7896569,6139158346.373197,6,Layer 1 (L1),binance,-41.521443905519895,-41.521443905519895,"Cardano Achieves Self Reported Market Capitalization of $6 . 37 Billion ( ADA ) | Cardano Crash Exposes ADA Deeper Problem , Says Longtime Bull",NULL,"Cardano Achieves Self Reported Market Capitalization of $6 . 37 Billion ( ADA ) | Cardano Crash Exposes ADA Deeper Problem , Says Longtime Bull",bearish,none,2,-5.0,"Cardano Achieves Self Reported Market Capitalization of $6 . 37 Billion ( ADA ) | Cardano Crash Exposes ADA Deeper Problem , Says Longtime Bull","[0.28246125, 0.28001167, 0.27095468, 0.26473546, 0.27020076, 0.2615039, 0.25507052, 0.25205092, 0.2514902, 0.2480629, 0.24904071, 0.25024107, 0.24234817, 0.24583518, 0.24214122, 0.24330789, 0.23986546, 0.23689896, 0.23465844, 0.23277971, 0.23581509, 0.23548566, 0.2308164, 0.21265552, 0.2002106, 0.1796558, 0.15664635, 0.1571868, 0.16509316, 0.17032637]",0.220404566425868,0.33433557319390617,1,95.8,90.8,Invest,N/A,N/A,N/A,N/A,N/A,N/A,N/A,N/A,N/A,N/A,N/A
cardano_2026-06-11,cardano,ADA,2026-06-11T00:00:00Z,0.1605906971354993,-2.777930881038204,461509444.2277456,5968616770.833461,6,Layer 1 (L1),binance,-42.64857020956788,-42.64857020956788,Is This the End of Cardano ? | Cardano Achieves Self Reported Market Capitalization of $6 . 37 Billion ( ADA ),NULL,Is This the End of Cardano ? | Cardano Achieves Self Reported Market Capitalization of $6 . 37 Billion ( ADA ),neutral,none,2,0.0,Is This the End of Cardano ? | Cardano Achieves Self Reported Market Capitalization of $6 . 37 Billion ( ADA ),"[0.28001167, 0.27095468, 0.26473546, 0.27020076, 0.2615039, 0.25507052, 0.25205092, 0.2514902, 0.2480629, 0.24904071, 0.25024107, 0.24234817, 0.24583518, 0.24214122, 0.24330789, 0.23986546, 0.23689896, 0.23465844, 0.23277971, 0.23581509, 0.23548566, 0.2308164, 0.21265552, 0.2002106, 0.1796558, 0.15664635, 0.1571868, 0.16509316, 0.17032637, 0.16517926]",0.21941171791567463,0.36627912967178133,1,96.57,96.57,Invest,N/A,N/A,N/A,N/A,N/A,N/A,N/A,N/A,N/A,N/A,N/A
cardano_2026-06-12,cardano,ADA,2026-06-12T00:00:00Z,0.17033097775593783,6.065283228841145,498505145.2541082,6330630282.828623,6,Layer 1 (L1),binance,-37.136728831733365,-37.136728831733365,Cardano Founder Predicts Hard Times Ahead . Here Why That a Reason to Sell It . | Is This the End of Cardano ? | Cardano Achieves Self Reported Market Capitalization of $6 . 37 Billion ( ADA ),NULL,Cardano Founder Predicts Hard Times Ahead . Here Why That a Reason to Sell It . | Is This the End of Cardano ? | Cardano Achieves Self Reported Market Capitalization of $6 . 37 Billion ( ADA ),neutral,none,3,0.0,Cardano Founder Predicts Hard Times Ahead . Here Why That a Reason to Sell It . | Is This the End of Cardano ? | Cardano Achieves Self Reported Market Capitalization of $6 . 37 Billion ( ADA ),"[0.27095468, 0.26473546, 0.27020076, 0.2615039, 0.25507052, 0.25205092, 0.2514902, 0.2480629, 0.24904071, 0.25024107, 0.24234817, 0.24583518, 0.24214122, 0.24330789, 0.23986546, 0.23689896, 0.23465844, 0.23277971, 0.23581509, 0.23548566, 0.2308164, 0.21265552, 0.2002106, 0.1796558, 0.15664635, 0.1571868, 0.16509316, 0.17032637, 0.16517926, 0.1605907]",0.21189838633875757,0.24403904169669266,1,91.42,91.42,Invest,N/A,N/A,N/A,N/A,N/A,N/A,N/A,N/A,N/A,N/A,N/A
cardano_2026-06-13,cardano,ADA,2026-06-13T00:00:00Z,0.16961275512324536,-0.42166295418182287,469392999.4279059,6303936360.1597185,6,Layer 1 (L1),binance,-35.93123017977643,-37.22713686959307,Cardano Founder Predicts Hard Times Ahead . Here Why That a Reason to Sell It . | Is This the End of Cardano ?,NULL,Cardano Founder Predicts Hard Times Ahead . Here Why That a Reason to Sell It . | Is This the End of Cardano ?,neutral,none,2,0.0,Cardano Founder Predicts Hard Times Ahead . Here Why That a Reason to Sell It . | Is This the End of Cardano ?,"[0.26473546, 0.27020076, 0.2615039, 0.25507052, 0.25205092, 0.2514902, 0.2480629, 0.24904071, 0.25024107, 0.24234817, 0.24583518, 0.24214122, 0.24330789, 0.23986546, 0.23689896, 0.23465844, 0.23277971, 0.23581509, 0.23548566, 0.2308164, 0.21265552, 0.2002106, 0.1796558, 0.15664635, 0.1571868, 0.16509316, 0.17032637, 0.16517926, 0.1605907, 0.17033098]",0.20459484058526867,0.20624678513478734,1,91.16,91.16,Invest,N/A,N/A,N/A,N/A,N/A,N/A,N/A,N/A,N/A,N/A,N/A
cardano_2026-06-14,cardano,ADA,2026-06-14T00:00:00Z,0.17166890192319859,1.212259537001903,350232053.9192735,6387116114.990024,6,Layer 1 (L1),binance,-36.46616684964555,-36.46616684964555,Is Cardano Too Risky to Own -- or Too Cheap to Ignore ? | Cardano Founder Predicts Hard Times Ahead . Here Why That a Reason to Sell It .,NULL,Is Cardano Too Risky to Own -- or Too Cheap to Ignore ? | Cardano Founder Predicts Hard Times Ahead . Here Why That a Reason to Sell It .,neutral,none,2,0.0,Is Cardano Too Risky to Own -- or Too Cheap to Ignore ? | Cardano Founder Predicts Hard Times Ahead . Here Why That a Reason to Sell It .,"[0.27020076, 0.2615039, 0.25507052, 0.25205092, 0.2514902, 0.2480629, 0.24904071, 0.25024107, 0.24234817, 0.24583518, 0.24214122, 0.24330789, 0.23986546, 0.23689896, 0.23465844, 0.23277971, 0.23581509, 0.23548566, 0.2308164, 0.21265552, 0.2002106, 0.1796558, 0.15664635, 0.1571868, 0.16509316, 0.17032637, 0.16517926, 0.1605907, 0.17033098, 0.16961276]",0.20624188311776986,0.20139338463316192,1,89.56,89.56,Invest,N/A,N/A,N/A,N/A,N/A,N/A,N/A,N/A,N/A,N/A,N/A
cardano_2026-06-15,cardano,ADA,2026-06-15T00:00:00Z,0.18287838335776857,6.529709987651056,413017784.57482827,6804176273.873398,6,Layer 1 (L1),binance,-30.066669977249617,-30.066669977249617,ADA Price Prediction Points Higher for 2026 as CARDANO Joins | Is Cardano Too Risky to Own -- or Too Cheap to Ignore ? | Cardano Founder Predicts Hard Times Ahead . Here Why That a Reason to Sell It .,NULL,ADA Price Prediction Points Higher for 2026 as CARDANO Joins | Is Cardano Too Risky to Own -- or Too Cheap to Ignore ? | Cardano Founder Predicts Hard Times Ahead . Here Why That a Reason to Sell It .,neutral,none,3,0.0,ADA Price Prediction Points Higher for 2026 as CARDANO Joins | Is Cardano Too Risky to Own -- or Too Cheap to Ignore ? | Cardano Founder Predicts Hard Times Ahead . Here Why That a Reason to Sell It .,"[0.2615039, 0.25507052, 0.25205092, 0.2514902, 0.2480629, 0.24904071, 0.25024107, 0.24234817, 0.24583518, 0.24214122, 0.24330789, 0.23986546, 0.23689896, 0.23465844, 0.23277971, 0.23581509, 0.23548566, 0.2308164, 0.21265552, 0.2002106, 0.1796558, 0.15664635, 0.1571868, 0.16509316, 0.17032637, 0.16517926, 0.1605907, 0.17033098, 0.16961276, 0.1716689]",0.20733433395890186,0.13372794614708305,1,73.84,73.84,Invest,N/A,N/A,N/A,N/A,N/A,N/A,N/A,N/A,N/A,N/A,N/A
cardano_2026-06-16,cardano,ADA,2026-06-16T00:00:00Z,0.17848004985556704,-2.4050592647666735,675646095.1056507,6640531802.007549,6,Layer 1 (L1),binance,-30.02717544622645,-30.02717544622645,ADA Price Prediction Points Higher for 2026 as CARDANO Joins | Is Cardano Too Risky to Own -- or Too Cheap to Ignore ?,NULL,ADA Price Prediction Points Higher for 2026 as CARDANO Joins | Is Cardano Too Risky to Own -- or Too Cheap to Ignore ?,neutral,none,2,0.0,ADA Price Prediction Points Higher for 2026 as CARDANO Joins | Is Cardano Too Risky to Own -- or Too Cheap to Ignore ?,"[0.25507052, 0.25205092, 0.2514902, 0.2480629, 0.24904071, 0.25024107, 0.24234817, 0.24583518, 0.24214122, 0.24330789, 0.23986546, 0.23689896, 0.23465844, 0.23277971, 0.23581509, 0.23548566, 0.2308164, 0.21265552, 0.2002106, 0.1796558, 0.15664635, 0.1571868, 0.16509316, 0.17032637, 0.16517926, 0.1605907, 0.17033098, 0.16961276, 0.1716689, 0.18287838]",0.20364724749640367,0.14100846375380827,1,75.91,75.91,Invest,N/A,N/A,N/A,N/A,N/A,N/A,N/A,N/A,N/A,N/A,N/A
cardano_2026-06-17,cardano,ADA,2026-06-17T00:00:00Z,0.17226060389017048,-3.4846729202673177,416038855.2019875,6409130988.541252,6,Layer 1 (L1),binance,-31.656426450925057,-31.656426450925057,"At $0 . 00000044 Entry & $0 . 10 Buyback , BlockDAG Is Doing What Cardano Price and Binance Coin Price Havent | ADA Price Prediction Points Higher for 2026 as CARDANO Joins | Is Cardano Too Risky to Own -- or Too Cheap to Ignore ?",NULL,"At $0 . 00000044 Entry & $0 . 10 Buyback , BlockDAG Is Doing What Cardano Price and Binance Coin Price Havent | ADA Price Prediction Points Higher for 2026 as CARDANO Joins | Is Cardano Too Risky to Own -- or Too Cheap to Ignore ?",neutral,none,3,0.0,"At $0 . 00000044 Entry & $0 . 10 Buyback , BlockDAG Is Doing What Cardano Price and Binance Coin Price Havent | ADA Price Prediction Points Higher for 2026 as CARDANO Joins | Is Cardano Too Risky to Own -- or Too Cheap to Ignore ?","[0.25205092, 0.2514902, 0.2480629, 0.24904071, 0.25024107, 0.24234817, 0.24583518, 0.24214122, 0.24330789, 0.23986546, 0.23689896, 0.23465844, 0.23277971, 0.23581509, 0.23548566, 0.2308164, 0.21265552, 0.2002106, 0.1796558, 0.15664635, 0.1571868, 0.16509316, 0.17032637, 0.16517926, 0.1605907, 0.17033098, 0.16961276, 0.1716689, 0.18287838, 0.17848005]",0.20852855311662802,0.2105411708040985,1,78.52,78.52,Invest,N/A,N/A,N/A,N/A,N/A,N/A,N/A,N/A,N/A,N/A,N/A
cardano_2026-06-18,cardano,ADA,2026-06-18T00:00:00Z,0.16671947922860045,-3.216710342605633,537035991.0014477,6202967809.161704,6,Layer 1 (L1),binance,-33.707364269756354,-33.707364269756354,"Cardano Price Prediction : Here Why ADA Has Collapsed | Cardano Van Rossem Hard Fork : What Decision Day Means for ADA | At $0 . 00000044 Entry & $0 . 10 Buyback , BlockDAG Is Doing What Cardano Price and Binance Coin Price Havent | ADA Price Prediction Points Higher for 2026 as CARDANO Joins",NULL,"Cardano Price Prediction : Here Why ADA Has Collapsed | Cardano Van Rossem Hard Fork : What Decision Day Means for ADA | At $0 . 00000044 Entry & $0 . 10 Buyback , BlockDAG Is Doing What Cardano Price and Binance Coin Price Havent | ADA Price Prediction Points Higher for 2026 as CARDANO Joins",bearish,none,4,-5.0,"Cardano Price Prediction : Here Why ADA Has Collapsed | Cardano Van Rossem Hard Fork : What Decision Day Means for ADA | At $0 . 00000044 Entry & $0 . 10 Buyback , BlockDAG Is Doing What Cardano Price and Binance Coin Price Havent | ADA Price Prediction Points Higher for 2026 as CARDANO Joins","[0.2514902, 0.2480629, 0.24904071, 0.25024107, 0.24234817, 0.24583518, 0.24214122, 0.24330789, 0.23986546, 0.23689896, 0.23465844, 0.23277971, 0.23581509, 0.23548566, 0.2308164, 0.21265552, 0.2002106, 0.1796558, 0.15664635, 0.1571868, 0.16509316, 0.17032637, 0.16517926, 0.1605907, 0.17033098, 0.16961276, 0.1716689, 0.18287838, 0.17848005, 0.1722606]",0.19535417618237103,0.1717537571869907,1,84.92,79.92,Invest,N/A,N/A,N/A,N/A,N/A,N/A,N/A,N/A,N/A,N/A,N/A
cardano_2026-06-19,cardano,ADA,2026-06-19T00:00:00Z,0.1635268954601685,-1.9149434626378525,354799785.99359393,6085248068.813986,6,Layer 1 (L1),binance,-34.07845628153788,-34.6522542722788,"Better Crypto Under $1 : Cardano vs . Canton | Cardano Price Prediction : Here Why ADA Has Collapsed | Cardano Van Rossem Hard Fork : What Decision Day Means for ADA | At $0 . 00000044 Entry & $0 . 10 Buyback , BlockDAG Is Doing What Cardano Price and Binance Coin Price Havent | ADA Price Prediction Points Higher for 2026 as CARDANO Joins",NULL,"Better Crypto Under $1 : Cardano vs . Canton | Cardano Price Prediction : Here Why ADA Has Collapsed | Cardano Van Rossem Hard Fork : What Decision Day Means for ADA | At $0 . 00000044 Entry & $0 . 10 Buyback , BlockDAG Is Doing What Cardano Price and Binance Coin Price Havent | ADA Price Prediction Points Higher for 2026 as CARDANO Joins",bearish,none,5,-5.0,"Better Crypto Under $1 : Cardano vs . Canton | Cardano Price Prediction : Here Why ADA Has Collapsed | Cardano Van Rossem Hard Fork : What Decision Day Means for ADA | At $0 . 00000044 Entry & $0 . 10 Buyback , BlockDAG Is Doing What Cardano Price and Binance Coin Price Havent | ADA Price Prediction Points Higher for 2026 as CARDANO Joins","[0.2480629, 0.24904071, 0.25024107, 0.24234817, 0.24583518, 0.24214122, 0.24330789, 0.23986546, 0.23689896, 0.23465844, 0.23277971, 0.23581509, 0.23548566, 0.2308164, 0.21265552, 0.2002106, 0.1796558, 0.15664635, 0.1571868, 0.16509316, 0.17032637, 0.16517926, 0.1605907, 0.17033098, 0.16961276, 0.1716689, 0.18287838, 0.17848005, 0.1722606, 0.16671948]",0.19616455499781751,0.19958588124483057,1,85.4,80.4,Invest,N/A,N/A,N/A,N/A,N/A,N/A,N/A,N/A,N/A,N/A,N/A
cardano_2026-06-20,cardano,ADA,2026-06-20T00:00:00Z,0.16199056402014655,-0.939497711186077,307901435.1236287,6028077302.487483,6,Layer 1 (L1),binance,-34.95418225588162,-35.26619484770245,"Is Cardano Too Cheap to Ignore at Today Price ? | Better Crypto Under $1 : Cardano vs . Canton | Cardano Price Prediction : Here Why ADA Has Collapsed | Cardano Van Rossem Hard Fork : What Decision Day Means for ADA | At $0 . 00000044 Entry & $0 . 10 Buyback , BlockDAG Is Doing What Cardano Price and Binance Coin Price Havent",NULL,"Is Cardano Too Cheap to Ignore at Today Price ? | Better Crypto Under $1 : Cardano vs . Canton | Cardano Price Prediction : Here Why ADA Has Collapsed | Cardano Van Rossem Hard Fork : What Decision Day Means for ADA | At $0 . 00000044 Entry & $0 . 10 Buyback , BlockDAG Is Doing What Cardano Price and Binance Coin Price Havent",bearish,none,5,-5.0,"Is Cardano Too Cheap to Ignore at Today Price ? | Better Crypto Under $1 : Cardano vs . Canton | Cardano Price Prediction : Here Why ADA Has Collapsed | Cardano Van Rossem Hard Fork : What Decision Day Means for ADA | At $0 . 00000044 Entry & $0 . 10 Buyback , BlockDAG Is Doing What Cardano Price and Binance Coin Price Havent","[0.24904071, 0.25024107, 0.24234817, 0.24583518, 0.24214122, 0.24330789, 0.23986546, 0.23689896, 0.23465844, 0.23277971, 0.23581509, 0.23548566, 0.2308164, 0.21265552, 0.2002106, 0.1796558, 0.15664635, 0.1571868, 0.16509316, 0.17032637, 0.16517926, 0.1605907, 0.17033098, 0.16961276, 0.1716689, 0.18287838, 0.17848005, 0.1722606, 0.16671948, 0.1635269]",0.20284481427477352,0.2522014198897782,1,86.32,81.32,Invest,N/A,N/A,N/A,N/A,N/A,N/A,N/A,N/A,N/A,N/A,N/A
cardano_2026-06-21,cardano,ADA,2026-06-21T00:00:00Z,0.16312643556518697,0.7011961171387471,268450887.34038097,6070345946.470647,6,Layer 1 (L1),binance,-34.81228391949838,-34.81228391949838,"Is Cardano Too Cheap to Ignore at Today Price ? | Better Crypto Under $1 : Cardano vs . Canton | Cardano Price Prediction : Here Why ADA Has Collapsed | Cardano Van Rossem Hard Fork : What Decision Day Means for ADA | At $0 . 00000044 Entry & $0 . 10 Buyback , BlockDAG Is Doing What Cardano Price and Binance Coin Price Havent",NULL,"Is Cardano Too Cheap to Ignore at Today Price ? | Better Crypto Under $1 : Cardano vs . Canton | Cardano Price Prediction : Here Why ADA Has Collapsed | Cardano Van Rossem Hard Fork : What Decision Day Means for ADA | At $0 . 00000044 Entry & $0 . 10 Buyback , BlockDAG Is Doing What Cardano Price and Binance Coin Price Havent",bearish,none,5,-5.0,"Is Cardano Too Cheap to Ignore at Today Price ? | Better Crypto Under $1 : Cardano vs . Canton | Cardano Price Prediction : Here Why ADA Has Collapsed | Cardano Van Rossem Hard Fork : What Decision Day Means for ADA | At $0 . 00000044 Entry & $0 . 10 Buyback , BlockDAG Is Doing What Cardano Price and Binance Coin Price Havent","[0.25024107, 0.24234817, 0.24583518, 0.24214122, 0.24330789, 0.23986546, 0.23689896, 0.23465844, 0.23277971, 0.23581509, 0.23548566, 0.2308164, 0.21265552, 0.2002106, 0.1796558, 0.15664635, 0.1571868, 0.16509316, 0.17032637, 0.16517926, 0.1605907, 0.17033098, 0.16961276, 0.1716689, 0.18287838, 0.17848005, 0.1722606, 0.16671948, 0.1635269, 0.16199056]",0.20284481427477352,0.2434821711880948,1,84.96,79.96,Invest,N/A,N/A,N/A,N/A,N/A,N/A,N/A,N/A,N/A,N/A,N/A
cardano_2026-06-22,cardano,ADA,2026-06-22T00:00:00Z,0.15655095252191434,-4.03091198584119,257537445.0214352,5825655644.132337,6,Layer 1 (L1),binance,-35.40246051269052,-36.31873382391739,Is Cardano Too Cheap to Ignore at Today Price ? | Better Crypto Under $1 : Cardano vs . Canton | Cardano Price Prediction : Here Why ADA Has Collapsed | Cardano Van Rossem Hard Fork : What Decision Day Means for ADA,NULL,Is Cardano Too Cheap to Ignore at Today Price ? | Better Crypto Under $1 : Cardano vs . Canton | Cardano Price Prediction : Here Why ADA Has Collapsed | Cardano Van Rossem Hard Fork : What Decision Day Means for ADA,bearish,none,4,-5.0,Is Cardano Too Cheap to Ignore at Today Price ? | Better Crypto Under $1 : Cardano vs . Canton | Cardano Price Prediction : Here Why ADA Has Collapsed | Cardano Van Rossem Hard Fork : What Decision Day Means for ADA,"[0.24234817, 0.24583518, 0.24214122, 0.24330789, 0.23986546, 0.23689896, 0.23465844, 0.23277971, 0.23581509, 0.23548566, 0.2308164, 0.21265552, 0.2002106, 0.1796558, 0.15664635, 0.1571868, 0.16509316, 0.17032637, 0.16517926, 0.1605907, 0.17033098, 0.16961276, 0.1716689, 0.18287838, 0.17848005, 0.1722606, 0.16671948, 0.1635269, 0.16199056, 0.16312644]",0.20284481427477352,0.2957111471192031,1,87.58,82.58,Invest,N/A,N/A,N/A,N/A,N/A,N/A,N/A,N/A,N/A,N/A,N/A
cardano_2026-06-23,cardano,ADA,2026-06-23T00:00:00Z,0.15834044554790508,1.1430738664718332,327116127.16518825,5892247191.351055,6,Layer 1 (L1),binance,-35.59080991242022,-35.59080991242022,Prediction : Monero ( XMR ) Will Overtake Cardano ( ADA ) by 2028 | Is Cardano Too Cheap to Ignore at Today Price ? | Better Crypto Under $1 : Cardano vs . Canton | Cardano Price Prediction : Here Why ADA Has Collapsed,NULL,Prediction : Monero ( XMR ) Will Overtake Cardano ( ADA ) by 2028 | Is Cardano Too Cheap to Ignore at Today Price ? | Better Crypto Under $1 : Cardano vs . Canton | Cardano Price Prediction : Here Why ADA Has Collapsed,bearish,none,4,-5.0,Prediction : Monero ( XMR ) Will Overtake Cardano ( ADA ) by 2028 | Is Cardano Too Cheap to Ignore at Today Price ? | Better Crypto Under $1 : Cardano vs . Canton | Cardano Price Prediction : Here Why ADA Has Collapsed,"[0.24583518, 0.24214122, 0.24330789, 0.23986546, 0.23689896, 0.23465844, 0.23277971, 0.23581509, 0.23548566, 0.2308164, 0.21265552, 0.2002106, 0.1796558, 0.15664635, 0.1571868, 0.16509316, 0.17032637, 0.16517926, 0.1605907, 0.17033098, 0.16961276, 0.1716689, 0.18287838, 0.17848005, 0.1722606, 0.16671948, 0.1635269, 0.16199056, 0.16312644, 0.15655095]",0.20284481427477352,0.2810675981924269,1,87.11,82.11,Invest,N/A,N/A,N/A,N/A,N/A,N/A,N/A,N/A,N/A,N/A,N/A
cardano_2026-06-24,cardano,ADA,2026-06-24T00:00:00Z,0.15129247277819421,-4.451151280598442,417421679.5991022,5634421766.641724,7,Layer 1 (L1),binance,-37.518910728808784,-37.818510161819084,"Cardano wallet SecondFi hit by $2 . 4 million exploit , up to $20 million in user funds at risk | SecondFi Traces Cardano Wallet Exploit to Address - Level Issue | Prediction : Monero ( XMR ) Will Overtake Cardano ( ADA ) by 2028 | Is Cardano Too Cheap to Ignore at Today Price ? | Better Crypto Under $1 : Cardano vs . Canton",NULL,"Cardano wallet SecondFi hit by $2 . 4 million exploit , up to $20 million in user funds at risk | SecondFi Traces Cardano Wallet Exploit to Address - Level Issue | Prediction : Monero ( XMR ) Will Overtake Cardano ( ADA ) by 2028 | Is Cardano Too Cheap to Ignore at Today Price ? | Better Crypto Under $1 : Cardano vs . Canton",bearish,none,5,-5.0,"Cardano wallet SecondFi hit by $2 . 4 million exploit , up to $20 million in user funds at risk | SecondFi Traces Cardano Wallet Exploit to Address - Level Issue | Prediction : Monero ( XMR ) Will Overtake Cardano ( ADA ) by 2028 | Is Cardano Too Cheap to Ignore at Today Price ? | Better Crypto Under $1 : Cardano vs . Canton","[0.24214122, 0.24330789, 0.23986546, 0.23689896, 0.23465844, 0.23277971, 0.23581509, 0.23548566, 0.2308164, 0.21265552, 0.2002106, 0.1796558, 0.15664635, 0.1571868, 0.16509316, 0.17032637, 0.16517926, 0.1605907, 0.17033098, 0.16961276, 0.1716689, 0.18287838, 0.17848005, 0.1722606, 0.16671948, 0.1635269, 0.16199056, 0.16312644, 0.15655095, 0.15834045]",0.20284481427477352,0.3407462416994056,1,93.02,88.02,Invest,N/A,N/A,N/A,N/A,N/A,N/A,N/A,N/A,N/A,N/A,N/A
cardano_2026-06-25,cardano,ADA,2026-06-25T00:00:00Z,0.14861753516923645,-1.7680572997702315,603598045.6664456,5534801961.296772,7,Layer 1 (L1),binance,-38.91791453200892,-38.91791453200892,"New Crypto : Ethereum Based Crypto Pepeto Approaches Binance Debut While Cardano Price Target Is Bullish | Cardano Price Prediction : ADA Loses Major $0 . 15 Support as Bears Eye $0 . 136 and $0 . 127 Next | Cardano wallet SecondFi hit by $2 . 4 million exploit , up to $20 million in user funds at risk | SecondFi Traces Cardano Wallet Exploit to Address - Level Issue | Prediction : Monero ( XMR ) Will Overtake Cardano ( ADA ) by 2028",NULL,"New Crypto : Ethereum Based Crypto Pepeto Approaches Binance Debut While Cardano Price Target Is Bullish | Cardano Price Prediction : ADA Loses Major $0 . 15 Support as Bears Eye $0 . 136 and $0 . 127 Next | Cardano wallet SecondFi hit by $2 . 4 million exploit , up to $20 million in user funds at risk | SecondFi Traces Cardano Wallet Exploit to Address - Level Issue | Prediction : Monero ( XMR ) Will Overtake Cardano ( ADA ) by 2028",neutral,none,5,0.0,"New Crypto : Ethereum Based Crypto Pepeto Approaches Binance Debut While Cardano Price Target Is Bullish | Cardano Price Prediction : ADA Loses Major $0 . 15 Support as Bears Eye $0 . 136 and $0 . 127 Next | Cardano wallet SecondFi hit by $2 . 4 million exploit , up to $20 million in user funds at risk | SecondFi Traces Cardano Wallet Exploit to Address - Level Issue | Prediction : Monero ( XMR ) Will Overtake Cardano ( ADA ) by 2028","[0.24330789, 0.23986546, 0.23689896, 0.23465844, 0.23277971, 0.23581509, 0.23548566, 0.2308164, 0.21265552, 0.2002106, 0.1796558, 0.15664635, 0.1571868, 0.16509316, 0.17032637, 0.16517926, 0.1605907, 0.17033098, 0.16961276, 0.1716689, 0.18287838, 0.17848005, 0.1722606, 0.16671948, 0.1635269, 0.16199056, 0.16312644, 0.15655095, 0.15834045, 0.15129247]",0.20284481427477352,0.3648780680138881,1,94.75,94.75,Invest,N/A,N/A,N/A,N/A,N/A,N/A,N/A,N/A,N/A,N/A,N/A
cardano_2026-06-26,cardano,ADA,2026-06-26T00:00:00Z,0.1436515834758227,-3.3414305302256864,427712714.38318574,5349860398.774471,7,Layer 1 (L1),binance,-40.11160229550108,-40.11160229550108,"New Crypto : Ethereum Based Crypto Pepeto Approaches Binance Debut While Cardano Price Target Is Bullish | Cardano Price Prediction : ADA Loses Major $0 . 15 Support as Bears Eye $0 . 136 and $0 . 127 Next | Cardano wallet SecondFi hit by $2 . 4 million exploit , up to $20 million in user funds at risk | SecondFi Traces Cardano Wallet Exploit to Address - Level Issue | Prediction : Monero ( XMR ) Will Overtake Cardano ( ADA ) by 2028",NULL,"New Crypto : Ethereum Based Crypto Pepeto Approaches Binance Debut While Cardano Price Target Is Bullish | Cardano Price Prediction : ADA Loses Major $0 . 15 Support as Bears Eye $0 . 136 and $0 . 127 Next | Cardano wallet SecondFi hit by $2 . 4 million exploit , up to $20 million in user funds at risk | SecondFi Traces Cardano Wallet Exploit to Address - Level Issue | Prediction : Monero ( XMR ) Will Overtake Cardano ( ADA ) by 2028",neutral,none,5,0.0,"New Crypto : Ethereum Based Crypto Pepeto Approaches Binance Debut While Cardano Price Target Is Bullish | Cardano Price Prediction : ADA Loses Major $0 . 15 Support as Bears Eye $0 . 136 and $0 . 127 Next | Cardano wallet SecondFi hit by $2 . 4 million exploit , up to $20 million in user funds at risk | SecondFi Traces Cardano Wallet Exploit to Address - Level Issue | Prediction : Monero ( XMR ) Will Overtake Cardano ( ADA ) by 2028","[0.23986546, 0.23689896, 0.23465844, 0.23277971, 0.23581509, 0.23548566, 0.2308164, 0.21265552, 0.2002106, 0.1796558, 0.15664635, 0.1571868, 0.16509316, 0.17032637, 0.16517926, 0.1605907, 0.17033098, 0.16961276, 0.1716689, 0.18287838, 0.17848005, 0.1722606, 0.16671948, 0.1635269, 0.16199056, 0.16312644, 0.15655095, 0.15834045, 0.15129247, 0.14861754]",0.20284481427477352,0.412061109015992,1,95.25,95.25,Invest,N/A,N/A,N/A,N/A,N/A,N/A,N/A,N/A,N/A,N/A,N/A
cardano_2026-09-26,cardano,ADA,2026-09-26T00:00:00Z,0.20284481427477352,41.2061109015992,432290616.4824274,7611330412.3305235,7,Layer 1 (L1),binance,-4.488011500752831,-9.170455187034998,Cardano Price Prediction September 2026 : ADA Jumps 26 % as | Cardano Price Prediction September 2026 : ADA Jumps 26 % but | Gemini AI Predicts ADA Price as Cardano Outgrows the Market,XRP vs. Cardano: Which Is the Smarter Buy After Cardano’s 30% Surge? | AI Predicts ADA Price as Cardano Outgrows the Rest of the Market | Where Will Cardano (ADA) Be in 3 Years? | Cardano Unlocks AI Agent Payments With x402: ADA Hits 4-Month High | Cardano Price Forecast: ADA Bear Flag Risks Drop to $0.118 | Cardano News: DReps’ Pogun Vote Opens a New Chapter for ADA | Cardano News: Rewards Still Depend on Reserve Emissions,Cardano Price Prediction September 2026 : ADA Jumps 26 % as | Cardano Price Prediction September 2026 : ADA Jumps 26 % but | Gemini AI Predicts ADA Price as Cardano Outgrows the Market | XRP vs. Cardano: Which Is the Smarter Buy After Cardano’s 30% Surge? | AI Predicts ADA Price as Cardano Outgrows the Rest of the Market | Where Will Cardano (ADA) Be in 3 Years? | Cardano Unlocks AI Agent Payments With x402: ADA Hits 4-Month High | Cardano Price Forecast: ADA Bear Flag Risks Drop to $0.118 | Cardano News: DReps’ Pogun Vote Opens a New Chapter for ADA | Cardano News: Rewards Still Depend on Reserve Emissions,bullish,agree,10,5.0,Cardano Price Prediction September 2026 : ADA Jumps 26 % as | Cardano Price Prediction September 2026 : ADA Jumps 26 % but | Gemini AI Predicts ADA Price as Cardano Outgrows the Market | XRP vs. Cardano: Which Is the Smarter Buy After Cardano’s 30% Surge? | AI Predicts ADA Price as Cardano Outgrows the Rest of the Market | Where Will Cardano (ADA) Be in 3 Years? | Cardano Unlocks AI Agent Payments With x402: ADA Hits 4-Month High | Cardano Price Forecast: ADA Bear Flag Risks Drop to $0.118 | Cardano News: DReps’ Pogun Vote Opens a New Chapter for ADA | Cardano News: Rewards Still Depend on Reserve Emissions,"[0.21237629, 0.21379576, 0.20309695, 0.20184839, 0.19267186, 0.19776462, 0.19659934, 0.20099066, 0.22115511, 0.21121645, 0.2182748, 0.22332471, 0.22040457, 0.21941172, 0.21189839, 0.20459484, 0.20624188, 0.20733433, 0.20364725, 0.20852855, 0.19535418, 0.19616455, 0.20284481]",0.20284481427477352,0.0,0,6.5,11.5,Skip,0,0,-999,0,-999,0,0,-999,0.0,0.0,N/A
ripple_2026-05-24,ripple,XRP,2026-05-24T00:00:00Z,1.354304495326544,1.646137057135677,912675749.776016,83775002535.45695,3,Layer 1 (L1),binance,-5.915677448358981,-8.651249430425478,NULL,NULL,NULL,none,none,0,0.0,NULL,"[1.4394582, 1.43613443, 1.42635078, 1.43217977, 1.40397735, 1.38301269, 1.37061471, 1.36862951, 1.38711115, 1.3943322, 1.38872567, 1.39241353, 1.4135035, 1.42949695, 1.39195879, 1.42064161, 1.4224308, 1.47332729, 1.47599115, 1.43584879, 1.42655925, 1.48256488, 1.43311047, 1.41315826, 1.40081243, 1.38910694, 1.35868858, 1.36491445, 1.36936418, 1.33237183]",1.4542994943305336,0.07383494579620309,1,16.22,16.22,Skip,N/A,N/A,N/A,N/A,N/A,N/A,N/A,N/A,N/A,N/A,N/A
ripple_2026-05-25,ripple,XRP,2026-05-25T00:00:00Z,1.3489759781401205,-0.39345045407522816,751342231.8140342,83445389407.57967,3,Layer 1 (L1),binance,-6.068961650423155,-9.010661504333505,NULL,NULL,NULL,none,none,0,0.0,NULL,"[1.43613443, 1.42635078, 1.43217977, 1.40397735, 1.38301269, 1.37061471, 1.36862951, 1.38711115, 1.3943322, 1.38872567, 1.39241353, 1.4135035, 1.42949695, 1.39195879, 1.42064161, 1.4224308, 1.47332729, 1.47599115, 1.43584879, 1.42655925, 1.48256488, 1.43311047, 1.41315826, 1.40081243, 1.38910694, 1.35868858, 1.36491445, 1.36936418, 1.33237183, 1.3543045]",1.4637843769045962,0.08510781557635005,1,16.31,16.31,Skip,N/A,N/A,N/A,N/A,N/A,N/A,N/A,N/A,N/A,N/A,N/A
ripple_2026-05-26,ripple,XRP,2026-05-26T00:00:00Z,1.347040252911395,-0.1434959006011649,537383626.6113791,83325648694.53911,3,Layer 1 (L1),binance,-5.56038017813234,-9.14122747505891,NULL,NULL,NULL,none,none,0,0.0,NULL,"[1.42635078, 1.43217977, 1.40397735, 1.38301269, 1.37061471, 1.36862951, 1.38711115, 1.3943322, 1.38872567, 1.39241353, 1.4135035, 1.42949695, 1.39195879, 1.42064161, 1.4224308, 1.47332729, 1.47599115, 1.43584879, 1.42655925, 1.48256488, 1.43311047, 1.41315826, 1.40081243, 1.38910694, 1.35868858, 1.36491445, 1.36936418, 1.33237183, 1.3543045, 1.34897598]",1.52050482788377,0.1287746038750226,1,15.21,15.21,Skip,N/A,N/A,N/A,N/A,N/A,N/A,N/A,N/A,N/A,N/A,N/A
ripple_2026-05-27,ripple,XRP,2026-05-27T00:00:00Z,1.3265991470275145,-1.517482928939995,1119055715.3953128,82061196200.17097,3,Layer 1 (L1),binance,-7.372022908709397,-10.519993837569308,NULL,NULL,NULL,none,none,0,0.0,NULL,"[1.43217977, 1.40397735, 1.38301269, 1.37061471, 1.36862951, 1.38711115, 1.3943322, 1.38872567, 1.39241353, 1.4135035, 1.42949695, 1.39195879, 1.42064161, 1.4224308, 1.47332729, 1.47599115, 1.43584879, 1.42655925, 1.48256488, 1.43311047, 1.41315826, 1.40081243, 1.38910694, 1.35868858, 1.36491445, 1.36936418, 1.33237183, 1.3543045, 1.34897598, 1.34704025]",1.4804016400422346,0.11593742794071771,1,22.04,22.04,Skip,N/A,N/A,N/A,N/A,N/A,N/A,N/A,N/A,N/A,N/A,N/A
ripple_2026-05-28,ripple,XRP,2026-05-28T00:00:00Z,1.3005645361540241,-1.9625077350475917,603256098.9087565,80515754596.5486,3,Layer 1 (L1),binance,-7.365703998313955,-12.276045879828068,NULL,NULL,NULL,none,none,0,0.0,NULL,"[1.40397735, 1.38301269, 1.37061471, 1.36862951, 1.38711115, 1.3943322, 1.38872567, 1.39241353, 1.4135035, 1.42949695, 1.39195879, 1.42064161, 1.4224308, 1.47332729, 1.47599115, 1.43584879, 1.42655925, 1.48256488, 1.43311047, 1.41315826, 1.40081243, 1.38910694, 1.35868858, 1.36491445, 1.36936418, 1.33237183, 1.3543045, 1.34897598, 1.34704025, 1.32659915]",1.434049819401547,0.10263641636904852,1,23.87,23.87,Skip,N/A,N/A,N/A,N/A,N/A,N/A,N/A,N/A,N/A,N/A,N/A
ripple_2026-05-29,ripple,XRP,2026-05-29T00:00:00Z,1.3143541072350677,1.060275803138655,2190748177.889036,81460832908.1269,3,Layer 1 (L1),binance,-4.964421636557126,-11.34593002073544,NULL,NULL,NULL,none,none,0,0.0,NULL,"[1.38301269, 1.37061471, 1.36862951, 1.38711115, 1.3943322, 1.38872567, 1.39241353, 1.4135035, 1.42949695, 1.39195879, 1.42064161, 1.4224308, 1.47332729, 1.47599115, 1.43584879, 1.42655925, 1.48256488, 1.43311047, 1.41315826, 1.40081243, 1.38910694, 1.35868858, 1.36491445, 1.36936418, 1.33237183, 1.3543045, 1.34897598, 1.34704025, 1.32659915, 1.30056454]",1.422486925574032,0.08227068926382186,1,26.77,26.77,Skip,N/A,N/A,N/A,N/A,N/A,N/A,N/A,N/A,N/A,N/A,N/A
ripple_2026-05-30,ripple,XRP,2026-05-30T00:00:00Z,1.3289137152633566,1.107738618393861,1931837355.7194223,82363206013.11552,3,Layer 1 (L1),binance,-3.042503249852302,-10.3638746507972,NULL,NULL,NULL,none,none,0,0.0,NULL,"[1.37061471, 1.36862951, 1.38711115, 1.3943322, 1.38872567, 1.39241353, 1.4135035, 1.42949695, 1.39195879, 1.42064161, 1.4224308, 1.47332729, 1.47599115, 1.43584879, 1.42655925, 1.48256488, 1.43311047, 1.41315826, 1.40081243, 1.38910694, 1.35868858, 1.36491445, 1.36936418, 1.33237183, 1.3543045, 1.34897598, 1.34704025, 1.32659915, 1.30056454, 1.31435411]",1.453606158145044,0.09383035290366948,1,22.5,22.5,Skip,N/A,N/A,N/A,N/A,N/A,N/A,N/A,N/A,N/A,N/A,N/A
ripple_2026-05-31,ripple,XRP,2026-05-31T00:00:00Z,1.33979269803168,0.8186372556300725,1645267808.5690072,83037461902.47023,3,Layer 1 (L1),binance,-2.106984881249041,-9.630079934185353,NULL,NULL,NULL,none,none,0,0.0,NULL,"[1.36862951, 1.38711115, 1.3943322, 1.38872567, 1.39241353, 1.4135035, 1.42949695, 1.39195879, 1.42064161, 1.4224308, 1.47332729, 1.47599115, 1.43584879, 1.42655925, 1.48256488, 1.43311047, 1.41315826, 1.40081243, 1.38910694, 1.35868858, 1.36491445, 1.36936418, 1.33237183, 1.3543045, 1.34897598, 1.34704025, 1.32659915, 1.30056454, 1.31435411, 1.32891372]",1.3834326975271105,0.03257220281879647,1,19.54,19.54,Skip,N/A,N/A,N/A,N/A,N/A,N/A,N/A,N/A,N/A,N/A,N/A
ripple_2026-06-01,ripple,XRP,2026-06-01T00:00:00Z,1.3315091082438855,-0.6182739911901436,1164295942.8589847,82524062872.58284,3,Layer 1 (L1),binance,-4.008477879761396,-10.188813645811612,NULL,NULL,NULL,none,none,0,0.0,NULL,"[1.38711115, 1.3943322, 1.38872567, 1.39241353, 1.4135035, 1.42949695, 1.39195879, 1.42064161, 1.4224308, 1.47332729, 1.47599115, 1.43584879, 1.42655925, 1.48256488, 1.43311047, 1.41315826, 1.40081243, 1.38910694, 1.35868858, 1.36491445, 1.36936418, 1.33237183, 1.3543045, 1.34897598, 1.34704025, 1.32659915, 1.30056454, 1.31435411, 1.32891372, 1.3397927]",1.3962919749950886,0.04865371656123685,1,20.11,20.11,Skip,N/A,N/A,N/A,N/A,N/A,N/A,N/A,N/A,N/A,N/A,N/A
ripple_2026-06-02,ripple,XRP,2026-06-02T00:00:00Z,1.295466044055384,-2.7069333559451403,1831879993.1924312,80290191488.00375,3,Layer 1 (L1),binance,-7.09057400870563,-12.619942606603185,NULL,NULL,NULL,none,none,0,0.0,NULL,"[1.3943322, 1.38872567, 1.39241353, 1.4135035, 1.42949695, 1.39195879, 1.42064161, 1.4224308, 1.47332729, 1.47599115, 1.43584879, 1.42655925, 1.48256488, 1.43311047, 1.41315826, 1.40081243, 1.38910694, 1.35868858, 1.36491445, 1.36936418, 1.33237183, 1.3543045, 1.34897598, 1.34704025, 1.32659915, 1.30056454, 1.31435411, 1.32891372, 1.3397927, 1.33150911]",1.3579266931353293,0.04821480992617588,1,30.81,30.81,Skip,N/A,N/A,N/A,N/A,N/A,N/A,N/A,N/A,N/A,N/A,N/A
ripple_2026-06-03,ripple,XRP,2026-06-03T00:00:00Z,1.2102231710312374,-6.580093196213655,2808786547.579418,75007022060.6747,3,Layer 1 (L1),binance,-12.853690216100555,-18.36963181799368,NULL,NULL,NULL,none,none,0,0.0,NULL,"[1.38872567, 1.39241353, 1.4135035, 1.42949695, 1.39195879, 1.42064161, 1.4224308, 1.47332729, 1.47599115, 1.43584879, 1.42655925, 1.48256488, 1.43311047, 1.41315826, 1.40081243, 1.38910694, 1.35868858, 1.36491445, 1.36936418, 1.33237183, 1.3543045, 1.34897598, 1.34704025, 1.32659915, 1.30056454, 1.31435411, 1.32891372, 1.3397927, 1.33150911, 1.29546604]",1.3792804733945896,0.13969101436001896,1,58.1,58.1,Invest,N/A,N/A,N/A,N/A,N/A,N/A,N/A,N/A,N/A,N/A,N/A
ripple_2026-06-04,ripple,XRP,2026-06-04T00:00:00Z,1.1998719776763807,-0.8553127722745968,2312768031.2975297,74365477420.88692,3,Layer 1 (L1),binance,-13.827900118395187,-19.067826783109155,"SurgeXRP Announces Presale Milestone as XRP - Based Real Estate Platform Surpasses 20 % of Allocation | XRP Price Prediction for June 2026 | XRP / USD Slides 10 % in a Week ; AIX Alpha 10 , 000 Simulations Point to June Most Likely Price | XRP / USD Slides 10 % in a Week ; AIX Alpha 10 , 000 Simulations Point to June Most Likely Price | Press Releases | XRP Loses $1 . 28 Support and Falls to $1 . 15 : Should Holders Sell , Hold , or Buy More ? | BlockDAG Casino Could Turn it into a Large Cap Crypto while Chainlink Price Stalls & XRP Dips to $1 . 16 | XRP Dropped 17 % to 39 % Every Midterm Year June : Is 2026 Any Different ? | 3 Reasons Im Nervous About XRP Right Now | The Bear Case for XRP That Every Investor Should Understand | XRP Price To See Violent Discontinuous Repricing And $10 Could Only Be The Start",NULL,"SurgeXRP Announces Presale Milestone as XRP - Based Real Estate Platform Surpasses 20 % of Allocation | XRP Price Prediction for June 2026 | XRP / USD Slides 10 % in a Week ; AIX Alpha 10 , 000 Simulations Point to June Most Likely Price | XRP / USD Slides 10 % in a Week ; AIX Alpha 10 , 000 Simulations Point to June Most Likely Price | Press Releases | XRP Loses $1 . 28 Support and Falls to $1 . 15 : Should Holders Sell , Hold , or Buy More ? | BlockDAG Casino Could Turn it into a Large Cap Crypto while Chainlink Price Stalls & XRP Dips to $1 . 16 | XRP Dropped 17 % to 39 % Every Midterm Year June : Is 2026 Any Different ? | 3 Reasons Im Nervous About XRP Right Now | The Bear Case for XRP That Every Investor Should Understand | XRP Price To See Violent Discontinuous Repricing And $10 Could Only Be The Start",bullish,none,10,5.0,"SurgeXRP Announces Presale Milestone as XRP - Based Real Estate Platform Surpasses 20 % of Allocation | XRP Price Prediction for June 2026 | XRP / USD Slides 10 % in a Week ; AIX Alpha 10 , 000 Simulations Point to June Most Likely Price | XRP / USD Slides 10 % in a Week ; AIX Alpha 10 , 000 Simulations Point to June Most Likely Price | Press Releases | XRP Loses $1 . 28 Support and Falls to $1 . 15 : Should Holders Sell , Hold , or Buy More ? | BlockDAG Casino Could Turn it into a Large Cap Crypto while Chainlink Price Stalls & XRP Dips to $1 . 16 | XRP Dropped 17 % to 39 % Every Midterm Year June : Is 2026 Any Different ? | 3 Reasons Im Nervous About XRP Right Now | The Bear Case for XRP That Every Investor Should Understand | XRP Price To See Violent Discontinuous Repricing And $10 Could Only Be The Start","[1.39241353, 1.4135035, 1.42949695, 1.39195879, 1.42064161, 1.4224308, 1.47332729, 1.47599115, 1.43584879, 1.42655925, 1.48256488, 1.43311047, 1.41315826, 1.40081243, 1.38910694, 1.35868858, 1.36491445, 1.36936418, 1.33237183, 1.3543045, 1.34897598, 1.34704025, 1.32659915, 1.30056454, 1.31435411, 1.32891372, 1.3397927, 1.33150911, 1.29546604, 1.21022317]",1.3514651765110592,0.12634114443463162,1,59.95,64.95,Invest,N/A,N/A,N/A,N/A,N/A,N/A,N/A,N/A,N/A,N/A,N/A
ripple_2026-06-05,ripple,XRP,2026-06-05T00:00:00Z,1.1676610643848133,-2.6845291740161814,3134853920.0251436,72369114484.1268,3,Layer 1 (L1),binance,-17.392417703975795,-21.2404745842819,"XRP Price Prediction : Will XRP Drop Below $1 ? | Crypto Market News : AlphaPepe To Announce First CEX Partnership as XRP Price Prediction Hits $8 . 00 | XRP Long - Awaited Wave Structure Finally Unfolds | Crypto Market News : AlphaPepe To Announce First CEX Partnership as XRP Price Prediction Hits $8 . 00 | Here How Much $1 , 000 in XRP Could Be Worth in 5 Years",NULL,"XRP Price Prediction : Will XRP Drop Below $1 ? | Crypto Market News : AlphaPepe To Announce First CEX Partnership as XRP Price Prediction Hits $8 . 00 | XRP Long - Awaited Wave Structure Finally Unfolds | Here How Much $1 , 000 in XRP Could Be Worth in 5 Years",bullish,none,4,5.0,"XRP Price Prediction : Will XRP Drop Below $1 ? | Crypto Market News : AlphaPepe To Announce First CEX Partnership as XRP Price Prediction Hits $8 . 00 | XRP Long - Awaited Wave Structure Finally Unfolds | Here How Much $1 , 000 in XRP Could Be Worth in 5 Years","[1.4135035, 1.42949695, 1.39195879, 1.42064161, 1.4224308, 1.47332729, 1.47599115, 1.43584879, 1.42655925, 1.48256488, 1.43311047, 1.41315826, 1.40081243, 1.38910694, 1.35868858, 1.36491445, 1.36936418, 1.33237183, 1.3543045, 1.34897598, 1.34704025, 1.32659915, 1.30056454, 1.31435411, 1.32891372, 1.3397927, 1.33150911, 1.29546604, 1.21022317, 1.19987198]",1.350370850400152,0.15647501795531737,1,71.14,76.14,Invest,N/A,N/A,N/A,N/A,N/A,N/A,N/A,N/A,N/A,N/A,N/A
ripple_2026-06-06,ripple,XRP,2026-06-06T00:00:00Z,1.0972843950512718,-6.0271487574709575,4157762667.0645604,68090777202.89725,3,Layer 1 (L1),binance,-23.23982259977042,-25.987428341765384,Prediction : Ripple XRP Will Be a Buy Before 2027 | XRP Just Reached A Historic Extreme Not Seen Before On The Monthly Chart | Is XRP About to Make Its Biggest Move Yet ? | XRP Price Prediction : Will XRP Drop Below $1 ?,NULL,Prediction : Ripple XRP Will Be a Buy Before 2027 | XRP Just Reached A Historic Extreme Not Seen Before On The Monthly Chart | Is XRP About to Make Its Biggest Move Yet ? | XRP Price Prediction : Will XRP Drop Below $1 ?,neutral,none,4,0.0,Prediction : Ripple XRP Will Be a Buy Before 2027 | XRP Just Reached A Historic Extreme Not Seen Before On The Monthly Chart | Is XRP About to Make Its Biggest Move Yet ? | XRP Price Prediction : Will XRP Drop Below $1 ?,"[1.42949695, 1.39195879, 1.42064161, 1.4224308, 1.47332729, 1.47599115, 1.43584879, 1.42655925, 1.48256488, 1.43311047, 1.41315826, 1.40081243, 1.38910694, 1.35868858, 1.36491445, 1.36936418, 1.33237183, 1.3543045, 1.34897598, 1.34704025, 1.32659915, 1.30056454, 1.31435411, 1.32891372, 1.3397927, 1.33150911, 1.29546604, 1.21022317, 1.19987198, 1.16766106]",1.4512912373932785,0.32262086651242794,1,86.32,86.32,Invest,N/A,N/A,N/A,N/A,N/A,N/A,N/A,N/A,N/A,N/A,N/A
ripple_2026-06-07,ripple,XRP,2026-06-07T00:00:00Z,1.0929747313661586,-0.3927572199650009,2112505694.7093952,67823345759.30258,3,Layer 1 (L1),binance,-21.479375643596622,-26.27811806063487,XRP Price Prediction : XRP Enters Rare Oversold Zone Seen Only Four Times in 13 Years Could a Major Rebound Be Next ? | XRP Plunges to 2024 Lows With Risk of a 23 % Drop : Will Ripple Ex - CTO Roadmap Help Boost the Price ? | XRP sinks to 19 - month low amid market crash | XRP Pundit Says Pay Attention To This Pattern That Everyone Is Missing | Is Ripple ( XRP ) Still A Good Crypto to Buy In 2026 ? | Prediction : Ripple XRP Will Be a Buy Before 2027 | XRP Just Reached A Historic Extreme Not Seen Before On The Monthly Chart | Is XRP About to Make Its Biggest Move Yet ?,NULL,XRP Price Prediction : XRP Enters Rare Oversold Zone Seen Only Four Times in 13 Years Could a Major Rebound Be Next ? | XRP Plunges to 2024 Lows With Risk of a 23 % Drop : Will Ripple Ex - CTO Roadmap Help Boost the Price ? | XRP sinks to 19 - month low amid market crash | XRP Pundit Says Pay Attention To This Pattern That Everyone Is Missing | Is Ripple ( XRP ) Still A Good Crypto to Buy In 2026 ? | Prediction : Ripple XRP Will Be a Buy Before 2027 | XRP Just Reached A Historic Extreme Not Seen Before On The Monthly Chart | Is XRP About to Make Its Biggest Move Yet ?,bearish,none,8,-5.0,XRP Price Prediction : XRP Enters Rare Oversold Zone Seen Only Four Times in 13 Years Could a Major Rebound Be Next ? | XRP Plunges to 2024 Lows With Risk of a 23 % Drop : Will Ripple Ex - CTO Roadmap Help Boost the Price ? | XRP sinks to 19 - month low amid market crash | XRP Pundit Says Pay Attention To This Pattern That Everyone Is Missing | Is Ripple ( XRP ) Still A Good Crypto to Buy In 2026 ? | Prediction : Ripple XRP Will Be a Buy Before 2027 | XRP Just Reached A Historic Extreme Not Seen Before On The Monthly Chart | Is XRP About to Make Its Biggest Move Yet ?,"[1.39195879, 1.42064161, 1.4224308, 1.47332729, 1.47599115, 1.43584879, 1.42655925, 1.48256488, 1.43311047, 1.41315826, 1.40081243, 1.38910694, 1.35868858, 1.36491445, 1.36936418, 1.33237183, 1.3543045, 1.34897598, 1.34704025, 1.32659915, 1.30056454, 1.31435411, 1.32891372, 1.3397927, 1.33150911, 1.29546604, 1.21022317, 1.19987198, 1.16766106, 1.0972844]",1.3986937238549557,0.2797127725969155,1,84.04,79.04,Invest,N/A,N/A,N/A,N/A,N/A,N/A,N/A,N/A,N/A,N/A,N/A
ripple_2026-06-08,ripple,XRP,2026-06-08T00:00:00Z,1.1548517514448144,5.661340404577597,2010546066.5698698,71663056236.51035,3,Layer 1 (L1),binance,-18.70914227231062,-22.1044713713866,"$52 Billion in Bitcoin and a New XRP Vision : Why Traders Are Watching Both Assets Closely | Will The XRP Price Slide Below $1 ? | Here Why Im Strongly Considering Selling XRP | XRP Falls 17 % In A Month , But The Market Is About To Trick Everyone , Analyst Claims | These 2 Bearish Signs Could Spell Trouble for XRP | These 2 Bearish Signs Could Spell Trouble for XRP | Can XRP ( Ripple ) Bounce Back After Reaching a 19 - Month Low ? | XRP Price Prediction : XRP Enters Rare Oversold Zone Seen Only Four Times in 13 Years Could a Major Rebound Be Next ?",NULL,"$52 Billion in Bitcoin and a New XRP Vision : Why Traders Are Watching Both Assets Closely | Will The XRP Price Slide Below $1 ? | Here Why Im Strongly Considering Selling XRP | XRP Falls 17 % In A Month , But The Market Is About To Trick Everyone , Analyst Claims | These 2 Bearish Signs Could Spell Trouble for XRP | Can XRP ( Ripple ) Bounce Back After Reaching a 19 - Month Low ? | XRP Price Prediction : XRP Enters Rare Oversold Zone Seen Only Four Times in 13 Years Could a Major Rebound Be Next ?",bearish,none,7,-5.0,"$52 Billion in Bitcoin and a New XRP Vision : Why Traders Are Watching Both Assets Closely | Will The XRP Price Slide Below $1 ? | Here Why Im Strongly Considering Selling XRP | XRP Falls 17 % In A Month , But The Market Is About To Trick Everyone , Analyst Claims | These 2 Bearish Signs Could Spell Trouble for XRP | Can XRP ( Ripple ) Bounce Back After Reaching a 19 - Month Low ? | XRP Price Prediction : XRP Enters Rare Oversold Zone Seen Only Four Times in 13 Years Could a Major Rebound Be Next ?","[1.42064161, 1.4224308, 1.47332729, 1.47599115, 1.43584879, 1.42655925, 1.48256488, 1.43311047, 1.41315826, 1.40081243, 1.38910694, 1.35868858, 1.36491445, 1.36936418, 1.33237183, 1.3543045, 1.34897598, 1.34704025, 1.32659915, 1.30056454, 1.31435411, 1.32891372, 1.3397927, 1.33150911, 1.29546604, 1.21022317, 1.19987198, 1.16766106, 1.0972844, 1.09297473]",1.4122708256630054,0.22290226766867582,1,72.0,67.0,Invest,N/A,N/A,N/A,N/A,N/A,N/A,N/A,N/A,N/A,N/A,N/A
ripple_2026-06-09,ripple,XRP,2026-06-09T00:00:00Z,1.1677525780115696,1.1170980648048667,2103882956.1796708,72463602850.90843,3,Layer 1 (L1),binance,-17.904436787329146,-21.234301928506838,"XRP News : XRP Hits 19 - Month Low at $1 . 08 , Institutional Buyers Signal Contrarian Strength | XRP To Rally Back To $3 ? A Realistic Scenario Under One Condition , Analyst Claims | Tom Lee : Bitcoin , Ethereum , XRP Bull Market Is Intact , Bears Spin A False Narrative | Where Will XRP Be in 3 Years ? | The Motley Fool | ChatGPT , Grok , and Gemini Predict XRP Price for the Next 30 Days",NULL,"XRP News : XRP Hits 19 - Month Low at $1 . 08 , Institutional Buyers Signal Contrarian Strength | XRP To Rally Back To $3 ? A Realistic Scenario Under One Condition , Analyst Claims | Tom Lee : Bitcoin , Ethereum , XRP Bull Market Is Intact , Bears Spin A False Narrative | Where Will XRP Be in 3 Years ? | The Motley Fool | ChatGPT , Grok , and Gemini Predict XRP Price for the Next 30 Days",bullish,none,5,5.0,"XRP News : XRP Hits 19 - Month Low at $1 . 08 , Institutional Buyers Signal Contrarian Strength | XRP To Rally Back To $3 ? A Realistic Scenario Under One Condition , Analyst Claims | Tom Lee : Bitcoin , Ethereum , XRP Bull Market Is Intact , Bears Spin A False Narrative | Where Will XRP Be in 3 Years ? | The Motley Fool | ChatGPT , Grok , and Gemini Predict XRP Price for the Next 30 Days","[1.4224308, 1.47332729, 1.47599115, 1.43584879, 1.42655925, 1.48256488, 1.43311047, 1.41315826, 1.40081243, 1.38910694, 1.35868858, 1.36491445, 1.36936418, 1.33237183, 1.3543045, 1.34897598, 1.34704025, 1.32659915, 1.30056454, 1.31435411, 1.32891372, 1.3397927, 1.33150911, 1.29546604, 1.21022317, 1.19987198, 1.16766106, 1.0972844, 1.09297473, 1.15485175]",1.4226486567524865,0.218279183056868,1,69.1,74.1,Invest,N/A,N/A,N/A,N/A,N/A,N/A,N/A,N/A,N/A,N/A,N/A
ripple_2026-06-10,ripple,XRP,2026-06-10T00:00:00Z,1.1368684224292722,-2.644751650635313,1862270482.1402798,70547120518.39922,3,Layer 1 (L1),binance,-22.836668490221392,-23.317459028387077,"XRP Enters Traditional Banking As SBI Shinsei Unveils New Pilot Program | XRP Forms Channel Support That Puts Market In Difficult Spot , But Bulls Still Have A Chance | Coinbase ( COIN ), Galaxy ( GLXY ), Zcash ( ZEC ), Ripple ( XRP ) Lobbying for Clarity | Hoskinson Says Ripple Needs Midnight to Unlock XRP Potential | XRP News : Glassnode Flags Intense Capitulation in XRP as Profit - to - Loss Ratio Hits 0 . 38 | XRP Has Already Done 37 , 000 %: Why $10 Is Still on the Table | XRP Is Oversold On Every Time Frame , And This Could Be The Bullish Signal Everyone Is Waiting For | XRP Tests Major Macro Support As Bulls And Bears Battle For Control | XRP News : XRP Hits 19 - Month Low at $1 . 08 , Institutional Buyers Signal Contrarian Strength",NULL,"XRP Enters Traditional Banking As SBI Shinsei Unveils New Pilot Program | XRP Forms Channel Support That Puts Market In Difficult Spot , But Bulls Still Have A Chance | Coinbase ( COIN ), Galaxy ( GLXY ), Zcash ( ZEC ), Ripple ( XRP ) Lobbying for Clarity | Hoskinson Says Ripple Needs Midnight to Unlock XRP Potential | XRP News : Glassnode Flags Intense Capitulation in XRP as Profit - to - Loss Ratio Hits 0 . 38 | XRP Has Already Done 37 , 000 %: Why $10 Is Still on the Table | XRP Is Oversold On Every Time Frame , And This Could Be The Bullish Signal Everyone Is Waiting For | XRP Tests Major Macro Support As Bulls And Bears Battle For Control | XRP News : XRP Hits 19 - Month Low at $1 . 08 , Institutional Buyers Signal Contrarian Strength",bullish,none,9,5.0,"XRP Enters Traditional Banking As SBI Shinsei Unveils New Pilot Program | XRP Forms Channel Support That Puts Market In Difficult Spot , But Bulls Still Have A Chance | Coinbase ( COIN ), Galaxy ( GLXY ), Zcash ( ZEC ), Ripple ( XRP ) Lobbying for Clarity | Hoskinson Says Ripple Needs Midnight to Unlock XRP Potential | XRP News : Glassnode Flags Intense Capitulation in XRP as Profit - to - Loss Ratio Hits 0 . 38 | XRP Has Already Done 37 , 000 %: Why $10 Is Still on the Table | XRP Is Oversold On Every Time Frame , And This Could Be The Bullish Signal Everyone Is Waiting For | XRP Tests Major Macro Support As Bulls And Bears Battle For Control | XRP News : XRP Hits 19 - Month Low at $1 . 08 , Institutional Buyers Signal Contrarian Strength","[1.47332729, 1.47599115, 1.43584879, 1.42655925, 1.48256488, 1.43311047, 1.41315826, 1.40081243, 1.38910694, 1.35868858, 1.36491445, 1.36936418, 1.33237183, 1.3543045, 1.34897598, 1.34704025, 1.32659915, 1.30056454, 1.31435411, 1.32891372, 1.3397927, 1.33150911, 1.29546604, 1.21022317, 1.19987198, 1.16766106, 1.0972844, 1.09297473, 1.15485175, 1.16775258]",1.3960935547617492,0.22801682870086415,1,76.93,81.93,Invest,N/A,N/A,N/A,N/A,N/A,N/A,N/A,N/A,N/A,N/A,N/A
ripple_2026-06-11,ripple,XRP,2026-06-11T00:00:00Z,1.096886405735991,-3.516855240630856,1909699727.0101113,68066080413.333725,3,Layer 1 (L1),binance,-25.684757349309994,-26.01427298919614,"Ripple launches agentic payment tech tool kit | XRP Flashed A Buy Signal On The 3 - Day Chart So Why Are Whales Dumping ? | Ripple XRP Is About to Get a New Upgrade . Here What That Means for the Price of XRP | Analyst Doesnt Believe Japan Would Spark a Huge XRP Rally | 4 Best Cryptos to Buy Now for Huge Profits : BlockDAG , Zcash , XRP , & Solana ! | U . S . Military Strikes Iran As Bitcoin ( CRYPTO : BTC ), Ethereum , And XRP Tumble ; Analyst Targets $74 , 000 BTC Rebound",NULL,"Ripple launches agentic payment tech tool kit | XRP Flashed A Buy Signal On The 3 - Day Chart So Why Are Whales Dumping ? | Ripple XRP Is About to Get a New Upgrade . Here What That Means for the Price of XRP | Analyst Doesnt Believe Japan Would Spark a Huge XRP Rally | 4 Best Cryptos to Buy Now for Huge Profits : BlockDAG , Zcash , XRP , & Solana ! | U . S . Military Strikes Iran As Bitcoin ( CRYPTO : BTC ), Ethereum , And XRP Tumble ; Analyst Targets $74 , 000 BTC Rebound",bullish,none,6,5.0,"Ripple launches agentic payment tech tool kit | XRP Flashed A Buy Signal On The 3 - Day Chart So Why Are Whales Dumping ? | Ripple XRP Is About to Get a New Upgrade . Here What That Means for the Price of XRP | Analyst Doesnt Believe Japan Would Spark a Huge XRP Rally | 4 Best Cryptos to Buy Now for Huge Profits : BlockDAG , Zcash , XRP , & Solana ! | U . S . Military Strikes Iran As Bitcoin ( CRYPTO : BTC ), Ethereum , And XRP Tumble ; Analyst Targets $74 , 000 BTC Rebound","[1.47599115, 1.43584879, 1.42655925, 1.48256488, 1.43311047, 1.41315826, 1.40081243, 1.38910694, 1.35868858, 1.36491445, 1.36936418, 1.33237183, 1.3543045, 1.34897598, 1.34704025, 1.32659915, 1.30056454, 1.31435411, 1.32891372, 1.3397927, 1.33150911, 1.29546604, 1.21022317, 1.19987198, 1.16766106, 1.0972844, 1.09297473, 1.15485175, 1.16775258, 1.13686842]",1.4172841566021832,0.29209747626620564,1,84.42,89.42,Invest,N/A,N/A,N/A,N/A,N/A,N/A,N/A,N/A,N/A,N/A,N/A
ripple_2026-06-12,ripple,XRP,2026-06-12T00:00:00Z,1.1411231049622073,4.032933492008617,1719096680.843338,70811140167.02057,3,Layer 1 (L1),binance,-20.526234381838304,-23.03047782527138,XRP Price Prediction : Positive RSI Divergence Signals Momentum Shift as Analysts Target $1 . 30 Retest | The Contrarian Case for Ripple Over XRP : Should You Buy While It Trading Near $1 ? | XRP Network Upgrade Coincides with SurgeXRP Presale Surpassing 30 % of Soft Cap | XRP Sentiment Hits Lowest Level Since October 2025 : What Going On ? | Japan XRP ETF is Getting Closer : Will it Bull XRP Price Prediction ? | XRP Price Below $1 : Three Warning Signs to Watch in June,NULL,XRP Price Prediction : Positive RSI Divergence Signals Momentum Shift as Analysts Target $1 . 30 Retest | The Contrarian Case for Ripple Over XRP : Should You Buy While It Trading Near $1 ? | XRP Network Upgrade Coincides with SurgeXRP Presale Surpassing 30 % of Soft Cap | XRP Sentiment Hits Lowest Level Since October 2025 : What Going On ? | Japan XRP ETF is Getting Closer : Will it Bull XRP Price Prediction ? | XRP Price Below $1 : Three Warning Signs to Watch in June,bullish,none,6,5.0,XRP Price Prediction : Positive RSI Divergence Signals Momentum Shift as Analysts Target $1 . 30 Retest | The Contrarian Case for Ripple Over XRP : Should You Buy While It Trading Near $1 ? | XRP Network Upgrade Coincides with SurgeXRP Presale Surpassing 30 % of Soft Cap | XRP Sentiment Hits Lowest Level Since October 2025 : What Going On ? | Japan XRP ETF is Getting Closer : Will it Bull XRP Price Prediction ? | XRP Price Below $1 : Three Warning Signs to Watch in June,"[1.43584879, 1.42655925, 1.48256488, 1.43311047, 1.41315826, 1.40081243, 1.38910694, 1.35868858, 1.36491445, 1.36936418, 1.33237183, 1.3543045, 1.34897598, 1.34704025, 1.32659915, 1.30056454, 1.31435411, 1.32891372, 1.3397927, 1.33150911, 1.29546604, 1.21022317, 1.19987198, 1.16766106, 1.0972844, 1.09297473, 1.15485175, 1.16775258, 1.13686842, 1.09688641]",1.3947406589248457,0.2222525798134969,1,74.76,79.76,Invest,N/A,N/A,N/A,N/A,N/A,N/A,N/A,N/A,N/A,N/A,N/A
ripple_2026-06-13,ripple,XRP,2026-06-13T00:00:00Z,1.131721918290297,-0.8238538533685835,1489339884.4178603,70227759860.14035,3,Layer 1 (L1),binance,-20.66772435974722,-23.664594199627263,"Ripple XRP Meets AI Trading : AIXAlpha Launches Free AI Strategy Contracts with Daily Settlement | Here What to Do If XRP Drops Below $1 During the Summer | XRP Price Drops to 2026 Low Near $1 . 12 as Impulse Pattern , ETF Inflows , and CLARITY Act Signal Recovery Toward $3 | XRP Price Prediction : Positive RSI Divergence Signals Momentum Shift as Analysts Target $1 . 30 Retest | The Contrarian Case for Ripple Over XRP : Should You Buy While It Trading Near $1 ? | XRP Network Upgrade Coincides with SurgeXRP Presale Surpassing 30 % of Soft Cap | XRP Sentiment Hits Lowest Level Since October 2025 : What Going On ?",NULL,"Ripple XRP Meets AI Trading : AIXAlpha Launches Free AI Strategy Contracts with Daily Settlement | Here What to Do If XRP Drops Below $1 During the Summer | XRP Price Drops to 2026 Low Near $1 . 12 as Impulse Pattern , ETF Inflows , and CLARITY Act Signal Recovery Toward $3 | XRP Price Prediction : Positive RSI Divergence Signals Momentum Shift as Analysts Target $1 . 30 Retest | The Contrarian Case for Ripple Over XRP : Should You Buy While It Trading Near $1 ? | XRP Network Upgrade Coincides with SurgeXRP Presale Surpassing 30 % of Soft Cap | XRP Sentiment Hits Lowest Level Since October 2025 : What Going On ?",bullish,none,7,5.0,"Ripple XRP Meets AI Trading : AIXAlpha Launches Free AI Strategy Contracts with Daily Settlement | Here What to Do If XRP Drops Below $1 During the Summer | XRP Price Drops to 2026 Low Near $1 . 12 as Impulse Pattern , ETF Inflows , and CLARITY Act Signal Recovery Toward $3 | XRP Price Prediction : Positive RSI Divergence Signals Momentum Shift as Analysts Target $1 . 30 Retest | The Contrarian Case for Ripple Over XRP : Should You Buy While It Trading Near $1 ? | XRP Network Upgrade Coincides with SurgeXRP Presale Surpassing 30 % of Soft Cap | XRP Sentiment Hits Lowest Level Since October 2025 : What Going On ?","[1.42655925, 1.48256488, 1.43311047, 1.41315826, 1.40081243, 1.38910694, 1.35868858, 1.36491445, 1.36936418, 1.33237183, 1.3543045, 1.34897598, 1.34704025, 1.32659915, 1.30056454, 1.31435411, 1.32891372, 1.3397927, 1.33150911, 1.29546604, 1.21022317, 1.19987198, 1.16766106, 1.0972844, 1.09297473, 1.15485175, 1.16775258, 1.13686842, 1.09688641, 1.1411231]",1.3340102087604153,0.17874381259286487,1,75.9,80.9,Invest,N/A,N/A,N/A,N/A,N/A,N/A,N/A,N/A,N/A,N/A,N/A
ripple_2026-06-14,ripple,XRP,2026-06-14T00:00:00Z,1.1501945676088534,1.6322604537396757,986313094.145977,71374059811.88467,3,Layer 1 (L1),binance,-22.41860155854608,-22.41860155854608,"XRP News : Brad Garlinghouse Explodes on JPMorgan Jamie Dimon | Here What to Do If XRP Drops Below $1 During the Summer | A $1 . 9 Trillion Manager Can Now Hold XRP : What T . Rowe Price New Crypto ETF Means for XRP | Ripple XRP Meets AI Trading : AIXAlpha Launches Free AI Strategy Contracts with Daily Settlement | Here What to Do If XRP Drops Below $1 During the Summer | XRP Price Drops to 2026 Low Near $1 . 12 as Impulse Pattern , ETF Inflows , and CLARITY Act Signal Recovery Toward $3 | XRP Price Prediction : Positive RSI Divergence Signals Momentum Shift as Analysts Target $1 . 30 Retest | The Contrarian Case for Ripple Over XRP : Should You Buy While It Trading Near $1 ?",NULL,"XRP News : Brad Garlinghouse Explodes on JPMorgan Jamie Dimon | Here What to Do If XRP Drops Below $1 During the Summer | A $1 . 9 Trillion Manager Can Now Hold XRP : What T . Rowe Price New Crypto ETF Means for XRP | Ripple XRP Meets AI Trading : AIXAlpha Launches Free AI Strategy Contracts with Daily Settlement | XRP Price Drops to 2026 Low Near $1 . 12 as Impulse Pattern , ETF Inflows , and CLARITY Act Signal Recovery Toward $3 | XRP Price Prediction : Positive RSI Divergence Signals Momentum Shift as Analysts Target $1 . 30 Retest | The Contrarian Case for Ripple Over XRP : Should You Buy While It Trading Near $1 ?",bullish,none,7,5.0,"XRP News : Brad Garlinghouse Explodes on JPMorgan Jamie Dimon | Here What to Do If XRP Drops Below $1 During the Summer | A $1 . 9 Trillion Manager Can Now Hold XRP : What T . Rowe Price New Crypto ETF Means for XRP | Ripple XRP Meets AI Trading : AIXAlpha Launches Free AI Strategy Contracts with Daily Settlement | XRP Price Drops to 2026 Low Near $1 . 12 as Impulse Pattern , ETF Inflows , and CLARITY Act Signal Recovery Toward $3 | XRP Price Prediction : Positive RSI Divergence Signals Momentum Shift as Analysts Target $1 . 30 Retest | The Contrarian Case for Ripple Over XRP : Should You Buy While It Trading Near $1 ?","[1.48256488, 1.43311047, 1.41315826, 1.40081243, 1.38910694, 1.35868858, 1.36491445, 1.36936418, 1.33237183, 1.3543045, 1.34897598, 1.34704025, 1.32659915, 1.30056454, 1.31435411, 1.32891372, 1.3397927, 1.33150911, 1.29546604, 1.21022317, 1.19987198, 1.16766106, 1.0972844, 1.09297473, 1.15485175, 1.16775258, 1.13686842, 1.09688641, 1.1411231, 1.13172192]",1.3557713966363036,0.17873222045799197,1,70.76,75.76,Invest,N/A,N/A,N/A,N/A,N/A,N/A,N/A,N/A,N/A,N/A,N/A
ripple_2026-06-15,ripple,XRP,2026-06-15T00:00:00Z,1.1857724963931864,3.093209600032809,1302997963.6227057,73581809081.91905,3,Layer 1 (L1),binance,-17.258821216430388,-17.258821216430388,"XRP Surges Beyond $1 . 25 As $6M In Shorts Get Wiped : What Going On ? | XRP and Chainlink Fight for Recovery as BlockDAG Positions Itself as the Next Big Crypto With a $0 . 05 Buyback | XRP Up 11 %, But One Trader Takes On The Bulls : Even $1 Is Expensive For XRP",NULL,"XRP Surges Beyond $1 . 25 As $6M In Shorts Get Wiped : What Going On ? | XRP and Chainlink Fight for Recovery as BlockDAG Positions Itself as the Next Big Crypto With a $0 . 05 Buyback | XRP Up 11 %, But One Trader Takes On The Bulls : Even $1 Is Expensive For XRP",bullish,none,3,5.0,"XRP Surges Beyond $1 . 25 As $6M In Shorts Get Wiped : What Going On ? | XRP and Chainlink Fight for Recovery as BlockDAG Positions Itself as the Next Big Crypto With a $0 . 05 Buyback | XRP Up 11 %, But One Trader Takes On The Bulls : Even $1 Is Expensive For XRP","[1.43311047, 1.41315826, 1.40081243, 1.38910694, 1.35868858, 1.36491445, 1.36936418, 1.33237183, 1.3543045, 1.34897598, 1.34704025, 1.32659915, 1.30056454, 1.31435411, 1.32891372, 1.3397927, 1.33150911, 1.29546604, 1.21022317, 1.19987198, 1.16766106, 1.0972844, 1.09297473, 1.15485175, 1.16775258, 1.13686842, 1.09688641, 1.1411231, 1.13172192, 1.15019457]",1.3662323076269962,0.15218755012679241,1,50.45,55.45,Invest,N/A,N/A,N/A,N/A,N/A,N/A,N/A,N/A,N/A,N/A,N/A
ripple_2026-06-16,ripple,XRP,2026-06-16T00:00:00Z,1.2376600592814702,4.3758446958512165,3097520362.8626714,76801634771.74158,3,Layer 1 (L1),binance,-12.418863578431171,-12.418863578431171,"Ripple XRP CEO Targets $1B Revenue Run Rate by 2026 , Excluding XRP Holdings | Ripple Expands Africa Strategy With Flutterwave Investment | XRP Whale Withdrawals Rreach 720M As Risk Metric Favors Bulls | XRP Stages Impressive Comeback With 13 % Rally On Monday : Can It Continue ? | Ripple CEO Explodes on JPMorgan : The XRP CLARITY Act Showdown",NULL,"Ripple XRP CEO Targets $1B Revenue Run Rate by 2026 , Excluding XRP Holdings | Ripple Expands Africa Strategy With Flutterwave Investment | XRP Whale Withdrawals Rreach 720M As Risk Metric Favors Bulls | XRP Stages Impressive Comeback With 13 % Rally On Monday : Can It Continue ? | Ripple CEO Explodes on JPMorgan : The XRP CLARITY Act Showdown",bullish,none,5,5.0,"Ripple XRP CEO Targets $1B Revenue Run Rate by 2026 , Excluding XRP Holdings | Ripple Expands Africa Strategy With Flutterwave Investment | XRP Whale Withdrawals Rreach 720M As Risk Metric Favors Bulls | XRP Stages Impressive Comeback With 13 % Rally On Monday : Can It Continue ? | Ripple CEO Explodes on JPMorgan : The XRP CLARITY Act Showdown","[1.41315826, 1.40081243, 1.38910694, 1.35868858, 1.36491445, 1.36936418, 1.33237183, 1.3543045, 1.34897598, 1.34704025, 1.32659915, 1.30056454, 1.31435411, 1.32891372, 1.3397927, 1.33150911, 1.29546604, 1.21022317, 1.19987198, 1.16766106, 1.0972844, 1.09297473, 1.15485175, 1.16775258, 1.13686842, 1.09688641, 1.1411231, 1.13172192, 1.15019457, 1.1857725]",1.341587719478689,0.08397108674376597,1,35.07,40.07,Skip,N/A,N/A,N/A,N/A,N/A,N/A,N/A,N/A,N/A,N/A,N/A
ripple_2026-06-17,ripple,XRP,2026-06-17T00:00:00Z,1.2164421139531405,-1.7143597039600555,1799365537.549333,75484978493.23227,3,Layer 1 (L1),binance,-13.161670442809747,-13.161670442809747,"XRP Open Interest Down 75 % From Peak : Why the Futures Reset May Be Bullish | Crypto Crash Warning : Here Why Bitcoin , Ethereum , and XRP May Tumble Soon | XRP Consolidates For Three Days After 9 % Breakout : What Going On ? | Companies Using Ripple for Cross - Border Payments : The Full 2026 Picture | XRP Pulls Back After 10 % Rally : Is $1 . 20 Strong Enough to Hold ? | Is XRP Poised for a Major Breakout Rally ?",NULL,"XRP Open Interest Down 75 % From Peak : Why the Futures Reset May Be Bullish | Crypto Crash Warning : Here Why Bitcoin , Ethereum , and XRP May Tumble Soon | XRP Consolidates For Three Days After 9 % Breakout : What Going On ? | Companies Using Ripple for Cross - Border Payments : The Full 2026 Picture | XRP Pulls Back After 10 % Rally : Is $1 . 20 Strong Enough to Hold ? | Is XRP Poised for a Major Breakout Rally ?",bullish,none,6,5.0,"XRP Open Interest Down 75 % From Peak : Why the Futures Reset May Be Bullish | Crypto Crash Warning : Here Why Bitcoin , Ethereum , and XRP May Tumble Soon | XRP Consolidates For Three Days After 9 % Breakout : What Going On ? | Companies Using Ripple for Cross - Border Payments : The Full 2026 Picture | XRP Pulls Back After 10 % Rally : Is $1 . 20 Strong Enough to Hold ? | Is XRP Poised for a Major Breakout Rally ?","[1.40081243, 1.38910694, 1.35868858, 1.36491445, 1.36936418, 1.33237183, 1.3543045, 1.34897598, 1.34704025, 1.32659915, 1.30056454, 1.31435411, 1.32891372, 1.3397927, 1.33150911, 1.29546604, 1.21022317, 1.19987198, 1.16766106, 1.0972844, 1.09297473, 1.15485175, 1.16775258, 1.13686842, 1.09688641, 1.1411231, 1.13172192, 1.15019457, 1.1857725, 1.23766006]",1.4231784835036279,0.16995167067888217,1,34.52,39.52,Skip,N/A,N/A,N/A,N/A,N/A,N/A,N/A,N/A,N/A,N/A,N/A
ripple_2026-06-18,ripple,XRP,2026-06-18T00:00:00Z,1.1858247656054528,-2.516958924431578,1988226360.1335871,73585052590.4416,3,Layer 1 (L1),binance,-14.634018962477146,-14.634018962477146,"Dubai Tokenizes $1 Million Luxury Apartment on the XRP Ledger | Bitcoin , Ethereum , XRP , Dogecoin In Red Even As Trump Signs Iran Peace Deal : Analyst Says BTC In Fragile | New Crypto : AlphaPepe Presale Secures Azbit CEX Partnership as XRP Price Prediction Eyes $5 | Bitcoin , Ethereum , XRP , Dogecoin In Red Even As Trump Signs Iran Peace Deal : Analyst Says BTC In Fragile | New Crypto : AlphaPepe Presale Secures Azbit CEX Partnership as XRP Price Prediction Eyes $5 | XRP Open Interest Down 75 % From Peak : Why the Futures Reset May Be Bullish | Crypto Crash Warning : Here Why Bitcoin , Ethereum , and XRP May Tumble Soon",NULL,"Dubai Tokenizes $1 Million Luxury Apartment on the XRP Ledger | Bitcoin , Ethereum , XRP , Dogecoin In Red Even As Trump Signs Iran Peace Deal : Analyst Says BTC In Fragile | New Crypto : AlphaPepe Presale Secures Azbit CEX Partnership as XRP Price Prediction Eyes $5 | XRP Open Interest Down 75 % From Peak : Why the Futures Reset May Be Bullish | Crypto Crash Warning : Here Why Bitcoin , Ethereum , and XRP May Tumble Soon",bullish,none,5,5.0,"Dubai Tokenizes $1 Million Luxury Apartment on the XRP Ledger | Bitcoin , Ethereum , XRP , Dogecoin In Red Even As Trump Signs Iran Peace Deal : Analyst Says BTC In Fragile | New Crypto : AlphaPepe Presale Secures Azbit CEX Partnership as XRP Price Prediction Eyes $5 | XRP Open Interest Down 75 % From Peak : Why the Futures Reset May Be Bullish | Crypto Crash Warning : Here Why Bitcoin , Ethereum , and XRP May Tumble Soon","[1.38910694, 1.35868858, 1.36491445, 1.36936418, 1.33237183, 1.3543045, 1.34897598, 1.34704025, 1.32659915, 1.30056454, 1.31435411, 1.32891372, 1.3397927, 1.33150911, 1.29546604, 1.21022317, 1.19987198, 1.16766106, 1.0972844, 1.09297473, 1.15485175, 1.16775258, 1.13686842, 1.09688641, 1.1411231, 1.13172192, 1.15019457, 1.1857725, 1.23766006, 1.21644211]",1.2832801680810546,0.08218364576476311,1,41.12,46.12,Skip,N/A,N/A,N/A,N/A,N/A,N/A,N/A,N/A,N/A,N/A,N/A
ripple_2026-06-19,ripple,XRP,2026-06-19T00:00:00Z,1.1457015254597007,-3.3835724560252523,1902183485.330534,71095249019.23973,3,Layer 1 (L1),binance,-15.675929074995143,-16.333321645646414,"XRP Price Prediction : US - Iran Talks Suspension Sparks Market Shock as Whale Selling Pressure Signals Short - Term Volatility Ahead | Ripple Swell 2026 : What XRP Holders Should Expect From Ripple Biggest Event Yet | Bitcoin , Ethereum , XRP , Dogecoin Slide Further Amid Fed Hawkish Shift : Analyst Paints This Upside Targe | Dubai Tokenizes $1 Million Luxury Apartment on the XRP Ledger",NULL,"XRP Price Prediction : US - Iran Talks Suspension Sparks Market Shock as Whale Selling Pressure Signals Short - Term Volatility Ahead | Ripple Swell 2026 : What XRP Holders Should Expect From Ripple Biggest Event Yet | Bitcoin , Ethereum , XRP , Dogecoin Slide Further Amid Fed Hawkish Shift : Analyst Paints This Upside Targe | Dubai Tokenizes $1 Million Luxury Apartment on the XRP Ledger",neutral,none,4,0.0,"XRP Price Prediction : US - Iran Talks Suspension Sparks Market Shock as Whale Selling Pressure Signals Short - Term Volatility Ahead | Ripple Swell 2026 : What XRP Holders Should Expect From Ripple Biggest Event Yet | Bitcoin , Ethereum , XRP , Dogecoin Slide Further Amid Fed Hawkish Shift : Analyst Paints This Upside Targe | Dubai Tokenizes $1 Million Luxury Apartment on the XRP Ledger","[1.35868858, 1.36491445, 1.36936418, 1.33237183, 1.3543045, 1.34897598, 1.34704025, 1.32659915, 1.30056454, 1.31435411, 1.32891372, 1.3397927, 1.33150911, 1.29546604, 1.21022317, 1.19987198, 1.16766106, 1.0972844, 1.09297473, 1.15485175, 1.16775258, 1.13686842, 1.09688641, 1.1411231, 1.13172192, 1.15019457, 1.1857725, 1.23766006, 1.21644211, 1.18582477]",1.298304364425906,0.13319598130496946,1,47.57,47.57,Skip,N/A,N/A,N/A,N/A,N/A,N/A,N/A,N/A,N/A,N/A,N/A
ripple_2026-06-20,ripple,XRP,2026-06-20T00:00:00Z,1.1352079033331168,-0.9159123814881376,1418755822.7524796,70444078830.82268,3,Layer 1 (L1),binance,-16.82937317265646,-17.09963511187379,"XRP Has a $71 Billion Market Cap , but XRP Ledger Made Less Than $120 , 000 This Year XRP Has a $71 Billion | Will XRP ( Ripple ) Hit $20 Before the End of This Cycle ? | XRP ETFs vs . HYPE ETFs : Which Is the Better Buy Right Now ? | Should You Trade Your XRP for Hyperliquid ? | Is XRP Overvalued at Today Price ? | XRP Price Prediction : US - Iran Talks Suspension Sparks Market Shock as Whale Selling Pressure Signals Short - Term Volatility Ahead | Ripple Swell 2026 : What XRP Holders Should Expect From Ripple Biggest Event Yet",NULL,"XRP Has a $71 Billion Market Cap , but XRP Ledger Made Less Than $120 , 000 This Year XRP Has a $71 Billion | Will XRP ( Ripple ) Hit $20 Before the End of This Cycle ? | XRP ETFs vs . HYPE ETFs : Which Is the Better Buy Right Now ? | Should You Trade Your XRP for Hyperliquid ? | Is XRP Overvalued at Today Price ? | XRP Price Prediction : US - Iran Talks Suspension Sparks Market Shock as Whale Selling Pressure Signals Short - Term Volatility Ahead | Ripple Swell 2026 : What XRP Holders Should Expect From Ripple Biggest Event Yet",neutral,none,7,0.0,"XRP Has a $71 Billion Market Cap , but XRP Ledger Made Less Than $120 , 000 This Year XRP Has a $71 Billion | Will XRP ( Ripple ) Hit $20 Before the End of This Cycle ? | XRP ETFs vs . HYPE ETFs : Which Is the Better Buy Right Now ? | Should You Trade Your XRP for Hyperliquid ? | Is XRP Overvalued at Today Price ? | XRP Price Prediction : US - Iran Talks Suspension Sparks Market Shock as Whale Selling Pressure Signals Short - Term Volatility Ahead | Ripple Swell 2026 : What XRP Holders Should Expect From Ripple Biggest Event Yet","[1.36491445, 1.36936418, 1.33237183, 1.3543045, 1.34897598, 1.34704025, 1.32659915, 1.30056454, 1.31435411, 1.32891372, 1.3397927, 1.33150911, 1.29546604, 1.21022317, 1.19987198, 1.16766106, 1.0972844, 1.09297473, 1.15485175, 1.16775258, 1.13686842, 1.09688641, 1.1411231, 1.13172192, 1.15019457, 1.1857725, 1.23766006, 1.21644211, 1.18582477, 1.14570153]",1.2995073344634442,0.1447306970361315,1,49.19,49.19,Skip,N/A,N/A,N/A,N/A,N/A,N/A,N/A,N/A,N/A,N/A,N/A
ripple_2026-06-21,ripple,XRP,2026-06-21T00:00:00Z,1.1491349570468194,1.2268284666457019,1019972928.7837105,71308306842.98557,3,Layer 1 (L1),binance,-16.082589836473094,-16.082589836473094,"Can XRP Hit $500 ? | Crypto News : Pepeto Bridge Goes Live as the XRP Price Builds Toward a Fresh All - Time High | XRP Has a $71 Billion Market Cap , but XRP Ledger Made Less Than $120 , 000 This Year XRP Has a $71 Billion | Will XRP ( Ripple ) Hit $20 Before the End of This Cycle ? | XRP ETFs vs . HYPE ETFs : Which Is the Better Buy Right Now ? | Should You Trade Your XRP for Hyperliquid ? | Is XRP Overvalued at Today Price ? | XRP Price Prediction : US - Iran Talks Suspension Sparks Market Shock as Whale Selling Pressure Signals Short - Term Volatility Ahead",NULL,"Can XRP Hit $500 ? | Crypto News : Pepeto Bridge Goes Live as the XRP Price Builds Toward a Fresh All - Time High | XRP Has a $71 Billion Market Cap , but XRP Ledger Made Less Than $120 , 000 This Year XRP Has a $71 Billion | Will XRP ( Ripple ) Hit $20 Before the End of This Cycle ? | XRP ETFs vs . HYPE ETFs : Which Is the Better Buy Right Now ? | Should You Trade Your XRP for Hyperliquid ? | Is XRP Overvalued at Today Price ? | XRP Price Prediction : US - Iran Talks Suspension Sparks Market Shock as Whale Selling Pressure Signals Short - Term Volatility Ahead",neutral,none,8,0.0,"Can XRP Hit $500 ? | Crypto News : Pepeto Bridge Goes Live as the XRP Price Builds Toward a Fresh All - Time High | XRP Has a $71 Billion Market Cap , but XRP Ledger Made Less Than $120 , 000 This Year XRP Has a $71 Billion | Will XRP ( Ripple ) Hit $20 Before the End of This Cycle ? | XRP ETFs vs . HYPE ETFs : Which Is the Better Buy Right Now ? | Should You Trade Your XRP for Hyperliquid ? | Is XRP Overvalued at Today Price ? | XRP Price Prediction : US - Iran Talks Suspension Sparks Market Shock as Whale Selling Pressure Signals Short - Term Volatility Ahead","[1.36936418, 1.33237183, 1.3543045, 1.34897598, 1.34704025, 1.32659915, 1.30056454, 1.31435411, 1.32891372, 1.3397927, 1.33150911, 1.29546604, 1.21022317, 1.19987198, 1.16766106, 1.0972844, 1.09297473, 1.15485175, 1.16775258, 1.13686842, 1.09688641, 1.1411231, 1.13172192, 1.15019457, 1.1857725, 1.23766006, 1.21644211, 1.18582477, 1.14570153, 1.1352079]",1.2995073344634442,0.1308570211831943,1,42.64,42.64,Skip,N/A,N/A,N/A,N/A,N/A,N/A,N/A,N/A,N/A,N/A,N/A
ripple_2026-06-22,ripple,XRP,2026-06-22T00:00:00Z,1.1240573531728624,-2.1823027591471478,983637216.1864166,69752143695.24998,3,Layer 1 (L1),binance,-15.634860421000807,-17.00113548675517,"Here How Much Profit $1 Million of Ripple ( XRP ) Would Have Made You Since 2013 | XRP Open Interest Hits $2 . 89 Billion : What the Derivatives Surge Means for XRP Price | Bitcoin , Ethereum , XRP , Dogecoin Flat Amid Trump Threat On Hormuz Strait To Iran : Analyst Says BTC Brea | Can XRP Hit $500 ? | Crypto News : Pepeto Bridge Goes Live as the XRP Price Builds Toward a Fresh All - Time High | XRP Has a $71 Billion Market Cap , but XRP Ledger Made Less Than $120 , 000 This Year XRP Has a $71 Billion | Will XRP ( Ripple ) Hit $20 Before the End of This Cycle ?",NULL,"Here How Much Profit $1 Million of Ripple ( XRP ) Would Have Made You Since 2013 | XRP Open Interest Hits $2 . 89 Billion : What the Derivatives Surge Means for XRP Price | Bitcoin , Ethereum , XRP , Dogecoin Flat Amid Trump Threat On Hormuz Strait To Iran : Analyst Says BTC Brea | Can XRP Hit $500 ? | Crypto News : Pepeto Bridge Goes Live as the XRP Price Builds Toward a Fresh All - Time High | XRP Has a $71 Billion Market Cap , but XRP Ledger Made Less Than $120 , 000 This Year XRP Has a $71 Billion | Will XRP ( Ripple ) Hit $20 Before the End of This Cycle ?",bullish,none,7,5.0,"Here How Much Profit $1 Million of Ripple ( XRP ) Would Have Made You Since 2013 | XRP Open Interest Hits $2 . 89 Billion : What the Derivatives Surge Means for XRP Price | Bitcoin , Ethereum , XRP , Dogecoin Flat Amid Trump Threat On Hormuz Strait To Iran : Analyst Says BTC Brea | Can XRP Hit $500 ? | Crypto News : Pepeto Bridge Goes Live as the XRP Price Builds Toward a Fresh All - Time High | XRP Has a $71 Billion Market Cap , but XRP Ledger Made Less Than $120 , 000 This Year XRP Has a $71 Billion | Will XRP ( Ripple ) Hit $20 Before the End of This Cycle ?","[1.33237183, 1.3543045, 1.34897598, 1.34704025, 1.32659915, 1.30056454, 1.31435411, 1.32891372, 1.3397927, 1.33150911, 1.29546604, 1.21022317, 1.19987198, 1.16766106, 1.0972844, 1.09297473, 1.15485175, 1.16775258, 1.13686842, 1.09688641, 1.1411231, 1.13172192, 1.15019457, 1.1857725, 1.23766006, 1.21644211, 1.18582477, 1.14570153, 1.1352079, 1.14913496]",1.2995073344634442,0.15608632495071673,1,45.39,50.39,Invest,N/A,N/A,N/A,N/A,N/A,N/A,N/A,N/A,N/A,N/A,N/A
ripple_2026-06-23,ripple,XRP,2026-06-23T00:00:00Z,1.1278455886946306,0.33701443356739524,1484508576.7450202,69987218487.22565,3,Layer 1 (L1),binance,-16.721417333648482,-16.721417333648482,"Ripple Beat Europe Crypto Deadline by 8 Days . Most Firms Wont Make It . | Ripple secures preliminary approval in EU through Luxembourg MiCA license | Ripple Gets MiCA Approval Across 30 EU Countries , But XRP Plunges To $1 . 10 | Ripple Joins 210 MiCA - Compliant Firms Days Before EU Hard Deadline | Here How Much Profit $1 Million of Ripple ( XRP ) Would Have Made You Since 2013 | XRP Open Interest Hits $2 . 89 Billion : What the Derivatives Surge Means for XRP Price",NULL,"Ripple Beat Europe Crypto Deadline by 8 Days . Most Firms Wont Make It . | Ripple secures preliminary approval in EU through Luxembourg MiCA license | Ripple Gets MiCA Approval Across 30 EU Countries , But XRP Plunges To $1 . 10 | Ripple Joins 210 MiCA - Compliant Firms Days Before EU Hard Deadline | Here How Much Profit $1 Million of Ripple ( XRP ) Would Have Made You Since 2013 | XRP Open Interest Hits $2 . 89 Billion : What the Derivatives Surge Means for XRP Price",bullish,none,6,5.0,"Ripple Beat Europe Crypto Deadline by 8 Days . Most Firms Wont Make It . | Ripple secures preliminary approval in EU through Luxembourg MiCA license | Ripple Gets MiCA Approval Across 30 EU Countries , But XRP Plunges To $1 . 10 | Ripple Joins 210 MiCA - Compliant Firms Days Before EU Hard Deadline | Here How Much Profit $1 Million of Ripple ( XRP ) Would Have Made You Since 2013 | XRP Open Interest Hits $2 . 89 Billion : What the Derivatives Surge Means for XRP Price","[1.3543045, 1.34897598, 1.34704025, 1.32659915, 1.30056454, 1.31435411, 1.32891372, 1.3397927, 1.33150911, 1.29546604, 1.21022317, 1.19987198, 1.16766106, 1.0972844, 1.09297473, 1.15485175, 1.16775258, 1.13686842, 1.09688641, 1.1411231, 1.13172192, 1.15019457, 1.1857725, 1.23766006, 1.21644211, 1.18582477, 1.14570153, 1.1352079, 1.14913496, 1.12405735]",1.2995073344634442,0.15220323374895228,1,47.74,52.74,Invest,N/A,N/A,N/A,N/A,N/A,N/A,N/A,N/A,N/A,N/A,N/A
ripple_2026-06-24,ripple,XRP,2026-06-24T00:00:00Z,1.1090597219669764,-1.665641725778877,1455232730.4323268,68821482173.39038,3,Layer 1 (L1),binance,-17.785065120575748,-17.785065120575748,"Down More Than 40 % in the Past Year , Is XRP Overdue for a Rally ? | The XRP Ledger Is Getting a Major Overhaul . Will Any of It Move XRP ? | Bitcoin , Ethereum , XRP , Dogecoin Drop Further Amid Global Chip Sell - Off : Analyst Flags The Most Importan | Ripple Beat Europe Crypto Deadline by 8 Days . Most Firms Wont Make It . | Ripple secures preliminary approval in EU through Luxembourg MiCA license",NULL,"Down More Than 40 % in the Past Year , Is XRP Overdue for a Rally ? | The XRP Ledger Is Getting a Major Overhaul . Will Any of It Move XRP ? | Bitcoin , Ethereum , XRP , Dogecoin Drop Further Amid Global Chip Sell - Off : Analyst Flags The Most Importan | Ripple Beat Europe Crypto Deadline by 8 Days . Most Firms Wont Make It . | Ripple secures preliminary approval in EU through Luxembourg MiCA license",bullish,none,5,5.0,"Down More Than 40 % in the Past Year , Is XRP Overdue for a Rally ? | The XRP Ledger Is Getting a Major Overhaul . Will Any of It Move XRP ? | Bitcoin , Ethereum , XRP , Dogecoin Drop Further Amid Global Chip Sell - Off : Analyst Flags The Most Importan | Ripple Beat Europe Crypto Deadline by 8 Days . Most Firms Wont Make It . | Ripple secures preliminary approval in EU through Luxembourg MiCA license","[1.34897598, 1.34704025, 1.32659915, 1.30056454, 1.31435411, 1.32891372, 1.3397927, 1.33150911, 1.29546604, 1.21022317, 1.19987198, 1.16766106, 1.0972844, 1.09297473, 1.15485175, 1.16775258, 1.13686842, 1.09688641, 1.1411231, 1.13172192, 1.15019457, 1.1857725, 1.23766006, 1.21644211, 1.18582477, 1.14570153, 1.1352079, 1.14913496, 1.12405735, 1.12784559]",1.2995073344634442,0.17171988913157787,1,52.22,57.22,Invest,N/A,N/A,N/A,N/A,N/A,N/A,N/A,N/A,N/A,N/A,N/A
ripple_2026-06-25,ripple,XRP,2026-06-25T00:00:00Z,1.072805994012306,-3.268870669144175,2113909082.8017957,66571796928.55414,3,Layer 1 (L1),binance,-20.35828241259895,-20.35828241259895,"Down More Than 40 % in the Past Year , Is XRP Overdue for a Rally ?",NULL,"Down More Than 40 % in the Past Year , Is XRP Overdue for a Rally ?",bullish,none,1,5.0,"Down More Than 40 % in the Past Year , Is XRP Overdue for a Rally ?","[1.34704025, 1.32659915, 1.30056454, 1.31435411, 1.32891372, 1.3397927, 1.33150911, 1.29546604, 1.21022317, 1.19987198, 1.16766106, 1.0972844, 1.09297473, 1.15485175, 1.16775258, 1.13686842, 1.09688641, 1.1411231, 1.13172192, 1.15019457, 1.1857725, 1.23766006, 1.21644211, 1.18582477, 1.14570153, 1.1352079, 1.14913496, 1.12405735, 1.12784559, 1.10905972]",1.2995073344634442,0.21131625076335814,1,65.59,70.59,Invest,N/A,N/A,N/A,N/A,N/A,N/A,N/A,N/A,N/A,N/A,N/A
ripple_2026-06-26,ripple,XRP,2026-06-26T00:00:00Z,1.0424278885912308,-2.8316494865451625,2204766060.374263,64882284606.32865,3,Layer 1 (L1),binance,-21.421034309649666,-22.194837296644078,"Could the Cryptocurrency XRP Turn $1 , 000 Into $10 , 000 ? | Is XRP Finally a Buy ? | The Motley Fool | Painful Bitcoin Sell - Off Drags Ethereum , XRP and Dogecoin Lower as Crypto Stocks Dive | Bitcoin , Solana or XRP ? The best performing crypto asset of 2026 so far | XRP Is Down 50 %, and a $785 Million Stablecoin May Be Part of the Problem | What Will XRP Be Worth in 3 Years ?",NULL,"Could the Cryptocurrency XRP Turn $1 , 000 Into $10 , 000 ? | Is XRP Finally a Buy ? | The Motley Fool | Painful Bitcoin Sell - Off Drags Ethereum , XRP and Dogecoin Lower as Crypto Stocks Dive | Bitcoin , Solana or XRP ? The best performing crypto asset of 2026 so far | XRP Is Down 50 %, and a $785 Million Stablecoin May Be Part of the Problem | What Will XRP Be Worth in 3 Years ?",neutral,none,6,0.0,"Could the Cryptocurrency XRP Turn $1 , 000 Into $10 , 000 ? | Is XRP Finally a Buy ? | The Motley Fool | Painful Bitcoin Sell - Off Drags Ethereum , XRP and Dogecoin Lower as Crypto Stocks Dive | Bitcoin , Solana or XRP ? The best performing crypto asset of 2026 so far | XRP Is Down 50 %, and a $785 Million Stablecoin May Be Part of the Problem | What Will XRP Be Worth in 3 Years ?","[1.32659915, 1.30056454, 1.31435411, 1.32891372, 1.3397927, 1.33150911, 1.29546604, 1.21022317, 1.19987198, 1.16766106, 1.0972844, 1.09297473, 1.15485175, 1.16775258, 1.13686842, 1.09688641, 1.1411231, 1.13172192, 1.15019457, 1.1857725, 1.23766006, 1.21644211, 1.18582477, 1.14570153, 1.1352079, 1.14913496, 1.12405735, 1.12784559, 1.10905972, 1.07280599]",1.2995073344634442,0.24661604767658174,1,72.32,72.32,Invest,N/A,N/A,N/A,N/A,N/A,N/A,N/A,N/A,N/A,N/A,N/A
ripple_2026-09-26,ripple,XRP,2026-09-26T00:00:00Z,1.2995073344634442,24.661604767658176,3385942812.732301,81711994384.04153,3,Layer 1 (L1),binance,-8.64539342327948,-10.601139986792996,NULL,"Evernorth Is One Vote Away From Bringing XRP Treasury Stock XRPN to Nasdaq | Who Can Freeze the XRP Stolen in Bitget’s $351.6 Million Hack? | XRP ETFs Attract $38 Million in Just Two Days, but Price Struggles Continue | Morehead Casts Ripple as a SWIFT Rival, Not a Replacement | Bitcoin, XRP and Solana All Gained Over 10% Last Week, Then Fell Together in a Day. Was That their Peak? | XRP could rally 50x by repeating its 2016 pattern, analyst says | IBM's New Swift Connection Is One More Headache for XRP Investors | XRP Ledger eyes an October upgrade that banks have been waiting for | The Average XRP Holder of the Past Year Is Down 12% and Bitcoin’s Is in Profit. Which One Rallies Next? | XRP Price Under Pressure: Spot Selling Overwhelms ETF Demand | XRP Rises 16% in a Week but Remains Below $1.60. What Will It Take to Reclaim That Level? | XRP Gained 16% Last Week and Lost 7% in a Day. Is the Rally Already Over?","Evernorth Is One Vote Away From Bringing XRP Treasury Stock XRPN to Nasdaq | Who Can Freeze the XRP Stolen in Bitget’s $351.6 Million Hack? | XRP ETFs Attract $38 Million in Just Two Days, but Price Struggles Continue | Morehead Casts Ripple as a SWIFT Rival, Not a Replacement | Bitcoin, XRP and Solana All Gained Over 10% Last Week, Then Fell Together in a Day. Was That their Peak? | XRP could rally 50x by repeating its 2016 pattern, analyst says | IBM's New Swift Connection Is One More Headache for XRP Investors | XRP Ledger eyes an October upgrade that banks have been waiting for | The Average XRP Holder of the Past Year Is Down 12% and Bitcoin’s Is in Profit. Which One Rallies Next? | XRP Price Under Pressure: Spot Selling Overwhelms ETF Demand | XRP Rises 16% in a Week but Remains Below $1.60. What Will It Take to Reclaim That Level? | XRP Gained 16% Last Week and Lost 7% in a Day. Is the Rally Already Over?",neutral,none,12,0.0,"Evernorth Is One Vote Away From Bringing XRP Treasury Stock XRPN to Nasdaq | Who Can Freeze the XRP Stolen in Bitget’s $351.6 Million Hack? | XRP ETFs Attract $38 Million in Just Two Days, but Price Struggles Continue | Morehead Casts Ripple as a SWIFT Rival, Not a Replacement | Bitcoin, XRP and Solana All Gained Over 10% Last Week, Then Fell Together in a Day. Was That their Peak? | XRP could rally 50x by repeating its 2016 pattern, analyst says | IBM's New Swift Connection Is One More Headache for XRP Investors | XRP Ledger eyes an October upgrade that banks have been waiting for | The Average XRP Holder of the Past Year Is Down 12% and Bitcoin’s Is in Profit. Which One Rallies Next? | XRP Price Under Pressure: Spot Selling Overwhelms ETF Demand | XRP Rises 16% in a Week but Remains Below $1.60. What Will It Take to Reclaim That Level? | XRP Gained 16% Last Week and Lost 7% in a Day. Is the Rally Already Over?","[1.42248693, 1.45360616, 1.3834327, 1.39629197, 1.35792669, 1.37928047, 1.35146518, 1.35037085, 1.45129124, 1.39869372, 1.41227083, 1.42264866, 1.39609355, 1.41728416, 1.39474066, 1.33401021, 1.3557714, 1.36623231, 1.34158772, 1.42317848, 1.28328017, 1.29830436, 1.29950733]",1.2995073344634442,0.0,0,28.37,28.37,Skip,0,0,-999,0,-999,0,0,-999,0.0,0.0,N/A
avalanche-2_2026-05-24,avalanche-2,AVAX,2026-05-24T00:00:00Z,9.385538758544717,2.62784885943832,262074155.94394007,4052412476.481587,9,Layer 1 (L1),kucoin,0.01816527599920459,-8.234502189993764,NULL,NULL,NULL,none,none,0,0.0,NULL,"[9.38383416, 9.39646456, 9.36439377, 9.46401466, 9.26631492, 9.17274411, 9.11942908, 9.08991405, 9.0861717, 9.18177181, 9.07749969, 9.17327275, 9.40415092, 9.61208372, 9.50211086, 9.9078733, 9.96418235, 10.22774243, 10.12376483, 9.83333396, 9.75098127, 9.89762076, 9.53503002, 9.29048977, 9.19230827, 9.23780362, 9.09749221, 9.28725891, 9.44040006, 9.1452163]",7.836507914480645,-0.16504442461055469,0,11.84,11.84,Skip,N/A,N/A,N/A,N/A,N/A,N/A,N/A,N/A,N/A,N/A,N/A
avalanche-2_2026-05-25,avalanche-2,AVAX,2026-05-25T00:00:00Z,9.20326342439848,-1.9420870643178656,123681870.5683033,3973711097.9830346,9,Layer 1 (L1),kucoin,-2.056104551565552,-10.016668052468791,NULL,NULL,NULL,none,none,0,0.0,NULL,"[9.39646456, 9.36439377, 9.46401466, 9.26631492, 9.17274411, 9.11942908, 9.08991405, 9.0861717, 9.18177181, 9.07749969, 9.17327275, 9.40415092, 9.61208372, 9.50211086, 9.9078733, 9.96418235, 10.22774243, 10.12376483, 9.83333396, 9.75098127, 9.89762076, 9.53503002, 9.29048977, 9.19230827, 9.23780362, 9.09749221, 9.28725891, 9.44040006, 9.1452163, 9.38553876]",7.493330820923078,-0.18579633382461425,0,13.1,13.1,Skip,N/A,N/A,N/A,N/A,N/A,N/A,N/A,N/A,N/A,N/A,N/A
avalanche-2_2026-05-26,avalanche-2,AVAX,2026-05-26T00:00:00Z,9.298821180752354,1.038302957845838,130615760.96208356,4014970257.849641,9,Layer 1 (L1),kucoin,-0.70023315779697,-9.082368455289336,NULL,NULL,NULL,none,none,0,0.0,NULL,"[9.36439377, 9.46401466, 9.26631492, 9.17274411, 9.11942908, 9.08991405, 9.0861717, 9.18177181, 9.07749969, 9.17327275, 9.40415092, 9.61208372, 9.50211086, 9.9078733, 9.96418235, 10.22774243, 10.12376483, 9.83333396, 9.75098127, 9.89762076, 9.53503002, 9.29048977, 9.19230827, 9.23780362, 9.09749221, 9.28725891, 9.44040006, 9.1452163, 9.38553876, 9.20326342]",7.606611092652933,-0.18198114096463425,0,11.39,11.39,Skip,N/A,N/A,N/A,N/A,N/A,N/A,N/A,N/A,N/A,N/A,N/A
avalanche-2_2026-05-27,avalanche-2,AVAX,2026-05-27T00:00:00Z,9.131080622562365,-1.8038905677334127,170587196.0006691,3942544588.070989,9,Layer 1 (L1),kucoin,-3.517894374053465,-10.72242303513099,NULL,NULL,NULL,none,none,0,0.0,NULL,"[9.46401466, 9.26631492, 9.17274411, 9.11942908, 9.08991405, 9.0861717, 9.18177181, 9.07749969, 9.17327275, 9.40415092, 9.61208372, 9.50211086, 9.9078733, 9.96418235, 10.22774243, 10.12376483, 9.83333396, 9.75098127, 9.89762076, 9.53503002, 9.29048977, 9.19230827, 9.23780362, 9.09749221, 9.28725891, 9.44040006, 9.1452163, 9.38553876, 9.20326342, 9.29882118]",7.541445503601845,-0.17409057970998798,0,15.94,15.94,Skip,N/A,N/A,N/A,N/A,N/A,N/A,N/A,N/A,N/A,N/A,N/A
avalanche-2_2026-05-28,avalanche-2,AVAX,2026-05-28T00:00:00Z,9.029727358063328,-1.1099810492155693,156874343.1960656,3898783090.286527,9,Layer 1 (L1),kucoin,-2.55320011305179,-11.71338722063988,NULL,NULL,NULL,none,none,0,0.0,NULL,"[9.26631492, 9.17274411, 9.11942908, 9.08991405, 9.0861717, 9.18177181, 9.07749969, 9.17327275, 9.40415092, 9.61208372, 9.50211086, 9.9078733, 9.96418235, 10.22774243, 10.12376483, 9.83333396, 9.75098127, 9.89762076, 9.53503002, 9.29048977, 9.19230827, 9.23780362, 9.09749221, 9.28725891, 9.44040006, 9.1452163, 9.38553876, 9.20326342, 9.29882118, 9.13108062]",7.325904702797946,-0.1886903765420901,0,17.42,17.42,Skip,N/A,N/A,N/A,N/A,N/A,N/A,N/A,N/A,N/A,N/A,N/A
avalanche-2_2026-05-29,avalanche-2,AVAX,2026-05-29T00:00:00Z,8.919778368670212,-1.21763354565666,206995533.0334248,3851310199.5068088,9,Layer 1 (L1),kucoin,-2.7577978817465154,-12.788394634165368,NULL,NULL,NULL,none,none,0,0.0,NULL,"[9.17274411, 9.11942908, 9.08991405, 9.0861717, 9.18177181, 9.07749969, 9.17327275, 9.40415092, 9.61208372, 9.50211086, 9.9078733, 9.96418235, 10.22774243, 10.12376483, 9.83333396, 9.75098127, 9.89762076, 9.53503002, 9.29048977, 9.19230827, 9.23780362, 9.09749221, 9.28725891, 9.44040006, 9.1452163, 9.38553876, 9.20326342, 9.29882118, 9.13108062, 9.02972736]",7.44032536914454,-0.16586208069049058,0,21.23,21.23,Skip,N/A,N/A,N/A,N/A,N/A,N/A,N/A,N/A,N/A,N/A,N/A
avalanche-2_2026-05-30,avalanche-2,AVAX,2026-05-30T00:00:00Z,8.820044757812111,-1.1181175892038375,155095092.18981642,3808248022.751322,9,Layer 1 (L1),kucoin,-3.282928343035807,-13.7635229335878,NULL,NULL,NULL,none,none,0,0.0,NULL,"[9.11942908, 9.08991405, 9.0861717, 9.18177181, 9.07749969, 9.17327275, 9.40415092, 9.61208372, 9.50211086, 9.9078733, 9.96418235, 10.22774243, 10.12376483, 9.83333396, 9.75098127, 9.89762076, 9.53503002, 9.29048977, 9.19230827, 9.23780362, 9.09749221, 9.28725891, 9.44040006, 9.1452163, 9.38553876, 9.20326342, 9.29882118, 9.13108062, 9.02972736, 8.91977837]",7.528985122036468,-0.1463779007053363,0,22.63,22.63,Skip,N/A,N/A,N/A,N/A,N/A,N/A,N/A,N/A,N/A,N/A,N/A
avalanche-2_2026-05-31,avalanche-2,AVAX,2026-05-31T00:00:00Z,8.945149220921909,1.4184107512491995,153543048.8547925,3862264622.1402617,9,Layer 1 (L1),kucoin,-1.5925874384721594,-12.540335471379272,NULL,NULL,NULL,none,none,0,0.0,NULL,"[9.08991405, 9.0861717, 9.18177181, 9.07749969, 9.17327275, 9.40415092, 9.61208372, 9.50211086, 9.9078733, 9.96418235, 10.22774243, 10.12376483, 9.83333396, 9.75098127, 9.89762076, 9.53503002, 9.29048977, 9.19230827, 9.23780362, 9.09749221, 9.28725891, 9.44040006, 9.1452163, 9.38553876, 9.20326342, 9.29882118, 9.13108062, 9.02972736, 8.91977837, 8.82004476]",7.306445627990587,-0.18319466254386685,0,18.88,18.88,Skip,N/A,N/A,N/A,N/A,N/A,N/A,N/A,N/A,N/A,N/A,N/A
avalanche-2_2026-06-01,avalanche-2,AVAX,2026-06-01T00:00:00Z,8.970110196964207,0.27904482559011345,147571801.1041972,3873042071.7189417,9,Layer 1 (L1),kucoin,-1.2773421865992285,-12.29628380303367,NULL,NULL,NULL,none,none,0,0.0,NULL,"[9.0861717, 9.18177181, 9.07749969, 9.17327275, 9.40415092, 9.61208372, 9.50211086, 9.9078733, 9.96418235, 10.22774243, 10.12376483, 9.83333396, 9.75098127, 9.89762076, 9.53503002, 9.29048977, 9.19230827, 9.23780362, 9.09749221, 9.28725891, 9.44040006, 9.1452163, 9.38553876, 9.20326342, 9.29882118, 9.13108062, 9.02972736, 8.91977837, 8.82004476, 8.94514922]",7.331229082662345,-0.18270468013386454,0,18.05,18.05,Skip,N/A,N/A,N/A,N/A,N/A,N/A,N/A,N/A,N/A,N/A,N/A
avalanche-2_2026-06-02,avalanche-2,AVAX,2026-06-02T00:00:00Z,8.923083345477542,-0.5242616919308385,198561396.42718804,3852737195.824555,9,Layer 1 (L1),kucoin,-2.817413329786944,-12.756080789454105,NULL,NULL,NULL,none,none,0,0.0,NULL,"[9.18177181, 9.07749969, 9.17327275, 9.40415092, 9.61208372, 9.50211086, 9.9078733, 9.96418235, 10.22774243, 10.12376483, 9.83333396, 9.75098127, 9.89762076, 9.53503002, 9.29048977, 9.19230827, 9.23780362, 9.09749221, 9.28725891, 9.44040006, 9.1452163, 9.38553876, 9.20326342, 9.29882118, 9.13108062, 9.02972736, 8.91977837, 8.82004476, 8.94514922, 8.9701102]",7.110247807837202,-0.20316245712970216,0,20.98,20.98,Skip,N/A,N/A,N/A,N/A,N/A,N/A,N/A,N/A,N/A,N/A,N/A
avalanche-2_2026-06-03,avalanche-2,AVAX,2026-06-03T00:00:00Z,8.169560535784047,-8.444646099550335,234233141.87044552,3527387174.4914317,9,Layer 1 (L1),kucoin,-10.00208408228187,-20.123521010162314,NULL,NULL,NULL,none,none,0,0.0,NULL,"[9.07749969, 9.17327275, 9.40415092, 9.61208372, 9.50211086, 9.9078733, 9.96418235, 10.22774243, 10.12376483, 9.83333396, 9.75098127, 9.89762076, 9.53503002, 9.29048977, 9.19230827, 9.23780362, 9.09749221, 9.28725891, 9.44040006, 9.1452163, 9.38553876, 9.20326342, 9.29882118, 9.13108062, 9.02972736, 8.91977837, 8.82004476, 8.94514922, 8.9701102, 8.92308335]",7.228102615370432,-0.11523972633409985,0,50.14,50.14,Invest,N/A,N/A,N/A,N/A,N/A,N/A,N/A,N/A,N/A,N/A,N/A
avalanche-2_2026-06-04,avalanche-2,AVAX,2026-06-04T00:00:00Z,8.046953587749265,-1.5007777651899756,266830993.4857631,3474448932.0845013,10,Layer 1 (L1),kucoin,-12.278269626195781,-21.32228944645844,NULL,NULL,NULL,none,none,0,0.0,NULL,"[9.17327275, 9.40415092, 9.61208372, 9.50211086, 9.9078733, 9.96418235, 10.22774243, 10.12376483, 9.83333396, 9.75098127, 9.89762076, 9.53503002, 9.29048977, 9.19230827, 9.23780362, 9.09749221, 9.28725891, 9.44040006, 9.1452163, 9.38553876, 9.20326342, 9.29882118, 9.13108062, 9.02972736, 8.91977837, 8.82004476, 8.94514922, 8.9701102, 8.92308335, 8.16956054]",7.2163657050821834,-0.10321768028233358,0,62.43,62.43,Invest,N/A,N/A,N/A,N/A,N/A,N/A,N/A,N/A,N/A,N/A,N/A
avalanche-2_2026-06-05,avalanche-2,AVAX,2026-06-05T00:00:00Z,7.6984920654852305,-4.330353325195446,329653878.44155014,3323993017.2217627,9,Layer 1 (L1),kucoin,-18.137297761793324,-24.729312301601382,NULL,NULL,NULL,none,none,0,0.0,NULL,"[9.40415092, 9.61208372, 9.50211086, 9.9078733, 9.96418235, 10.22774243, 10.12376483, 9.83333396, 9.75098127, 9.89762076, 9.53503002, 9.29048977, 9.19230827, 9.23780362, 9.09749221, 9.28725891, 9.44040006, 9.1452163, 9.38553876, 9.20326342, 9.29882118, 9.13108062, 9.02972736, 8.91977837, 8.82004476, 8.94514922, 8.9701102, 8.92308335, 8.16956054, 8.04695359]",7.189285084891333,-0.0661437300009482,0,72.77,72.77,Invest,N/A,N/A,N/A,N/A,N/A,N/A,N/A,N/A,N/A,N/A,N/A
avalanche-2_2026-06-06,avalanche-2,AVAX,2026-06-06T00:00:00Z,6.720922851275264,-12.698190839121825,449146899.3319374,2901906040.4158597,9,Layer 1 (L1),kucoin,-30.07839870615614,-34.287327871463425,NULL,NULL,NULL,none,none,0,0.0,NULL,"[9.61208372, 9.50211086, 9.9078733, 9.96418235, 10.22774243, 10.12376483, 9.83333396, 9.75098127, 9.89762076, 9.53503002, 9.29048977, 9.19230827, 9.23780362, 9.09749221, 9.28725891, 9.44040006, 9.1452163, 9.38553876, 9.20326342, 9.29882118, 9.13108062, 9.02972736, 8.91977837, 8.82004476, 8.94514922, 8.9701102, 8.92308335, 8.16956054, 8.04695359, 7.69849207]",7.518011737174653,0.11859813057490243,1,94.14,94.14,Invest,N/A,N/A,N/A,N/A,N/A,N/A,N/A,N/A,N/A,N/A,N/A
avalanche-2_2026-06-07,avalanche-2,AVAX,2026-06-07T00:00:00Z,6.661121686392539,-0.8897760948316513,241873589.28271782,2876085574.1737633,9,Layer 1 (L1),kucoin,-29.898505842422708,-34.872023519338256,NULL,NULL,NULL,none,none,0,0.0,NULL,"[9.50211086, 9.9078733, 9.96418235, 10.22774243, 10.12376483, 9.83333396, 9.75098127, 9.89762076, 9.53503002, 9.29048977, 9.19230827, 9.23780362, 9.09749221, 9.28725891, 9.44040006, 9.1452163, 9.38553876, 9.20326342, 9.29882118, 9.13108062, 9.02972736, 8.91977837, 8.82004476, 8.94514922, 8.9701102, 8.92308335, 8.16956054, 8.04695359, 7.69849207, 6.72092285]",7.385540136414686,0.10875322267449383,1,93.64,93.64,Invest,N/A,N/A,N/A,N/A,N/A,N/A,N/A,N/A,N/A,N/A,N/A
avalanche-2_2026-06-08,avalanche-2,AVAX,2026-06-08T00:00:00Z,6.807537953548277,2.198072247424032,229731245.91197276,2939304012.9918427,9,Layer 1 (L1),kucoin,-31.29163297040679,-33.44046354300798,NULL,NULL,NULL,none,none,0,0.0,NULL,"[9.9078733, 9.96418235, 10.22774243, 10.12376483, 9.83333396, 9.75098127, 9.89762076, 9.53503002, 9.29048977, 9.19230827, 9.23780362, 9.09749221, 9.28725891, 9.44040006, 9.1452163, 9.38553876, 9.20326342, 9.29882118, 9.13108062, 9.02972736, 8.91977837, 8.82004476, 8.94514922, 8.9701102, 8.92308335, 8.16956054, 8.04695359, 7.69849207, 6.72092285, 6.66112169]",7.591598287876626,0.11517531590399366,1,92.37,92.37,Invest,N/A,N/A,N/A,N/A,N/A,N/A,N/A,N/A,N/A,N/A,N/A
avalanche-2_2026-06-09,avalanche-2,AVAX,2026-06-09T00:00:00Z,6.7634161212731865,-0.6481320056701656,223200931.5590713,2920253442.9396954,9,Layer 1 (L1),kucoin,-32.12271830677946,-33.87185720161144,NULL,NULL,NULL,none,none,0,0.0,NULL,"[9.96418235, 10.22774243, 10.12376483, 9.83333396, 9.75098127, 9.89762076, 9.53503002, 9.29048977, 9.19230827, 9.23780362, 9.09749221, 9.28725891, 9.44040006, 9.1452163, 9.38553876, 9.20326342, 9.29882118, 9.13108062, 9.02972736, 8.91977837, 8.82004476, 8.94514922, 8.9701102, 8.92308335, 8.16956054, 8.04695359, 7.69849207, 6.72092285, 6.66112169, 6.80753795]",7.9019838410484935,0.16834210691164397,1,92.89,92.89,Invest,N/A,N/A,N/A,N/A,N/A,N/A,N/A,N/A,N/A,N/A,N/A
avalanche-2_2026-06-10,avalanche-2,AVAX,2026-06-10T00:00:00Z,6.635275055262608,-1.8946204656480115,180059260.85618624,2864925723.5609694,9,Layer 1 (L1),kucoin,-35.12473452862266,-35.12473452862266,NULL,NULL,NULL,none,none,0,0.0,NULL,"[10.22774243, 10.12376483, 9.83333396, 9.75098127, 9.89762076, 9.53503002, 9.29048977, 9.19230827, 9.23780362, 9.09749221, 9.28725891, 9.44040006, 9.1452163, 9.38553876, 9.20326342, 9.29882118, 9.13108062, 9.02972736, 8.91977837, 8.82004476, 8.94514922, 8.9701102, 8.92308335, 8.16956054, 8.04695359, 7.69849207, 6.72092285, 6.66112169, 6.80753795, 6.76341612]",8.074275746115342,0.21687129453833642,1,94.09,94.09,Invest,N/A,N/A,N/A,N/A,N/A,N/A,N/A,N/A,N/A,N/A,N/A
avalanche-2_2026-06-11,avalanche-2,AVAX,2026-06-11T00:00:00Z,6.380602123474471,-3.8381669134597396,207308656.86259583,2754965092.344055,9,Layer 1 (L1),kucoin,-36.974018725417565,-36.974018725417565,NULL,NULL,NULL,none,none,0,0.0,NULL,"[10.12376483, 9.83333396, 9.75098127, 9.89762076, 9.53503002, 9.29048977, 9.19230827, 9.23780362, 9.09749221, 9.28725891, 9.44040006, 9.1452163, 9.38553876, 9.20326342, 9.29882118, 9.13108062, 9.02972736, 8.91977837, 8.82004476, 8.94514922, 8.9701102, 8.92308335, 8.16956054, 8.04695359, 7.69849207, 6.72092285, 6.66112169, 6.80753795, 6.76341612, 6.63527506]",8.008609352586902,0.2551494667130132,1,95.74,95.74,Invest,N/A,N/A,N/A,N/A,N/A,N/A,N/A,N/A,N/A,N/A,N/A
avalanche-2_2026-06-12,avalanche-2,AVAX,2026-06-12T00:00:00Z,6.636949138508204,4.017599124236604,193556144.0695207,2865648545.767094,9,Layer 1 (L1),kucoin,-32.50560624924519,-32.94399432381005,NULL,NULL,NULL,none,none,0,0.0,NULL,"[9.83333396, 9.75098127, 9.89762076, 9.53503002, 9.29048977, 9.19230827, 9.23780362, 9.09749221, 9.28725891, 9.44040006, 9.1452163, 9.38553876, 9.20326342, 9.29882118, 9.13108062, 9.02972736, 8.91977837, 8.82004476, 8.94514922, 8.9701102, 8.92308335, 8.16956054, 8.04695359, 7.69849207, 6.72092285, 6.66112169, 6.80753795, 6.76341612, 6.63527506, 6.38060212]",7.7960849230633045,0.17464888766883657,1,91.43,91.43,Invest,N/A,N/A,N/A,N/A,N/A,N/A,N/A,N/A,N/A,N/A,N/A
avalanche-2_2026-06-13,avalanche-2,AVAX,2026-06-13T00:00:00Z,6.5675503908597195,-1.045642300403149,141826532.76226297,2835684112.3916655,9,Layer 1 (L1),kucoin,-32.647287407134996,-33.64516028412103,NULL,NULL,NULL,none,none,0,0.0,NULL,"[9.75098127, 9.89762076, 9.53503002, 9.29048977, 9.19230827, 9.23780362, 9.09749221, 9.28725891, 9.44040006, 9.1452163, 9.38553876, 9.20326342, 9.29882118, 9.13108062, 9.02972736, 8.91977837, 8.82004476, 8.94514922, 8.9701102, 8.92308335, 8.16956054, 8.04695359, 7.69849207, 6.72092285, 6.66112169, 6.80753795, 6.76341612, 6.63527506, 6.38060212, 6.63694914]",7.424925698916045,0.13054719903627432,1,91.61,91.61,Invest,N/A,N/A,N/A,N/A,N/A,N/A,N/A,N/A,N/A,N/A,N/A
avalanche-2_2026-06-14,avalanche-2,AVAX,2026-06-14T00:00:00Z,6.715002444613529,2.2451605998946578,116186442.66172658,2899349774.8205557,9,Layer 1 (L1),kucoin,-32.15538756669687,-32.15538756669687,NULL,NULL,NULL,none,none,0,0.0,NULL,"[9.89762076, 9.53503002, 9.29048977, 9.19230827, 9.23780362, 9.09749221, 9.28725891, 9.44040006, 9.1452163, 9.38553876, 9.20326342, 9.29882118, 9.13108062, 9.02972736, 8.91977837, 8.82004476, 8.94514922, 8.9701102, 8.92308335, 8.16956054, 8.04695359, 7.69849207, 6.72092285, 6.66112169, 6.80753795, 6.76341612, 6.63527506, 6.38060212, 6.63694914, 6.56755039]",7.4595901367185835,0.1108842026859318,1,89.11,89.11,Invest,N/A,N/A,N/A,N/A,N/A,N/A,N/A,N/A,N/A,N/A,N/A
avalanche-2_2026-06-15,avalanche-2,AVAX,2026-06-15T00:00:00Z,6.784080934775212,1.0287187641621065,154268467.79285666,2929175929.992826,9,Layer 1 (L1),kucoin,-28.850974543779706,-28.850974543779706,NULL,NULL,NULL,none,none,0,0.0,NULL,"[9.53503002, 9.29048977, 9.19230827, 9.23780362, 9.09749221, 9.28725891, 9.44040006, 9.1452163, 9.38553876, 9.20326342, 9.29882118, 9.13108062, 9.02972736, 8.91977837, 8.82004476, 8.94514922, 8.9701102, 8.92308335, 8.16956054, 8.04695359, 7.69849207, 6.72092285, 6.66112169, 6.80753795, 6.76341612, 6.63527506, 6.38060212, 6.63694914, 6.56755039, 6.71500244]",7.399125933471284,0.09066003259827715,1,82.78,82.78,Invest,N/A,N/A,N/A,N/A,N/A,N/A,N/A,N/A,N/A,N/A,N/A
avalanche-2_2026-06-16,avalanche-2,AVAX,2026-06-16T00:00:00Z,6.836932707427896,0.7790557506730966,238943464.74891502,2951995843.5227675,10,Layer 1 (L1),kucoin,-26.409340366636023,-27.57793458835811,NULL,NULL,NULL,none,none,0,0.0,NULL,"[9.29048977, 9.19230827, 9.23780362, 9.09749221, 9.28725891, 9.44040006, 9.1452163, 9.38553876, 9.20326342, 9.29882118, 9.13108062, 9.02972736, 8.91977837, 8.82004476, 8.94514922, 8.9701102, 8.92308335, 8.16956054, 8.04695359, 7.69849207, 6.72092285, 6.66112169, 6.80753795, 6.76341612, 6.63527506, 6.38060212, 6.63694914, 6.56755039, 6.71500244, 6.78408093]",7.295614046828764,0.06708876027147959,1,84.09,84.09,Invest,N/A,N/A,N/A,N/A,N/A,N/A,N/A,N/A,N/A,N/A,N/A
avalanche-2_2026-06-17,avalanche-2,AVAX,2026-06-17T00:00:00Z,6.87199128043523,0.5127821862169979,199307904.77399647,2967133152.3462186,10,Layer 1 (L1),kucoin,-25.241940526025918,-27.206567138036785,NULL,NULL,NULL,none,none,0,0.0,NULL,"[9.19230827, 9.23780362, 9.09749221, 9.28725891, 9.44040006, 9.1452163, 9.38553876, 9.20326342, 9.29882118, 9.13108062, 9.02972736, 8.91977837, 8.82004476, 8.94514922, 8.9701102, 8.92308335, 8.16956054, 8.04695359, 7.69849207, 6.72092285, 6.66112169, 6.80753795, 6.76341612, 6.63527506, 6.38060212, 6.63694914, 6.56755039, 6.71500244, 6.78408093, 6.83693271]",7.5615222095247745,0.10033931955831488,1,82.24,82.24,Invest,N/A,N/A,N/A,N/A,N/A,N/A,N/A,N/A,N/A,N/A,N/A
avalanche-2_2026-06-18,avalanche-2,AVAX,2026-06-18T00:00:00Z,6.758944265254976,-1.6450401429073835,231574431.6585902,2918322620.8966103,9,Layer 1 (L1),kucoin,-26.833860725577463,-28.40404833001641,NULL,NULL,NULL,none,none,0,0.0,NULL,"[9.23780362, 9.09749221, 9.28725891, 9.44040006, 9.1452163, 9.38553876, 9.20326342, 9.29882118, 9.13108062, 9.02972736, 8.91977837, 8.82004476, 8.94514922, 8.9701102, 8.92308335, 8.16956054, 8.04695359, 7.69849207, 6.72092285, 6.66112169, 6.80753795, 6.76341612, 6.63527506, 6.38060212, 6.63694914, 6.56755039, 6.71500244, 6.78408093, 6.83693271, 6.87199128]",7.267590558654447,0.07525528742916521,1,82.6,82.6,Invest,N/A,N/A,N/A,N/A,N/A,N/A,N/A,N/A,N/A,N/A,N/A
avalanche-2_2026-06-19,avalanche-2,AVAX,2026-06-19T00:00:00Z,6.310631819488887,-6.63287679513328,231834778.0657141,2724753876.968034,10,Layer 1 (L1),kucoin,-30.633281446129534,-33.152919594589584,NULL,NULL,NULL,none,none,0,0.0,NULL,"[9.09749221, 9.28725891, 9.44040006, 9.1452163, 9.38553876, 9.20326342, 9.29882118, 9.13108062, 9.02972736, 8.91977837, 8.82004476, 8.94514922, 8.9701102, 8.92308335, 8.16956054, 8.04695359, 7.69849207, 6.72092285, 6.66112169, 6.80753795, 6.76341612, 6.63527506, 6.38060212, 6.63694914, 6.56755039, 6.71500244, 6.78408093, 6.83693271, 6.87199128, 6.75894427]",7.472855299911044,0.1841691154969467,1,93.02,93.02,Invest,N/A,N/A,N/A,N/A,N/A,N/A,N/A,N/A,N/A,N/A,N/A
avalanche-2_2026-06-20,avalanche-2,AVAX,2026-06-20T00:00:00Z,5.892211568003821,-6.630401890867321,421699380.66138136,2544091744.388065,10,Layer 1 (L1),kucoin,-36.555967396177856,-37.58514967777952,NULL,NULL,NULL,none,none,0,0.0,NULL,"[9.28725891, 9.44040006, 9.1452163, 9.38553876, 9.20326342, 9.29882118, 9.13108062, 9.02972736, 8.91977837, 8.82004476, 8.94514922, 8.9701102, 8.92308335, 8.16956054, 8.04695359, 7.69849207, 6.72092285, 6.66112169, 6.80753795, 6.76341612, 6.63527506, 6.38060212, 6.63694914, 6.56755039, 6.71500244, 6.78408093, 6.83693271, 6.87199128, 6.75894427, 6.31063182]",7.604226809498368,0.29055562953496383,1,97.21,97.21,Invest,N/A,N/A,N/A,N/A,N/A,N/A,N/A,N/A,N/A,N/A,N/A
avalanche-2_2026-06-21,avalanche-2,AVAX,2026-06-21T00:00:00Z,6.236328543309797,5.840200599289691,372444065.69767255,2692671805.6902957,10,Layer 1 (L1),kucoin,-33.939997215215435,-33.939997215215435,NULL,NULL,NULL,none,none,0,0.0,NULL,"[9.44040006, 9.1452163, 9.38553876, 9.20326342, 9.29882118, 9.13108062, 9.02972736, 8.91977837, 8.82004476, 8.94514922, 8.9701102, 8.92308335, 8.16956054, 8.04695359, 7.69849207, 6.72092285, 6.66112169, 6.80753795, 6.76341612, 6.63527506, 6.38060212, 6.63694914, 6.56755039, 6.71500244, 6.78408093, 6.83693271, 6.87199128, 6.75894427, 6.31063182, 5.89221157]",7.604226809498368,0.21934352186368122,1,94.85,94.85,Invest,N/A,N/A,N/A,N/A,N/A,N/A,N/A,N/A,N/A,N/A,N/A
avalanche-2_2026-06-22,avalanche-2,AVAX,2026-06-22T00:00:00Z,6.107829838604557,-2.0604864514889965,174604305.1578635,2637189667.950983,10,Layer 1 (L1),kucoin,-33.21284439161272,-34.922970372436964,NULL,NULL,NULL,none,none,0,0.0,NULL,"[9.1452163, 9.38553876, 9.20326342, 9.29882118, 9.13108062, 9.02972736, 8.91977837, 8.82004476, 8.94514922, 8.9701102, 8.92308335, 8.16956054, 8.04695359, 7.69849207, 6.72092285, 6.66112169, 6.80753795, 6.76341612, 6.63527506, 6.38060212, 6.63694914, 6.56755039, 6.71500244, 6.78408093, 6.83693271, 6.87199128, 6.75894427, 6.31063182, 5.89221157, 6.23632854]",7.604226809498368,0.24499650619534763,1,94.43,94.43,Invest,N/A,N/A,N/A,N/A,N/A,N/A,N/A,N/A,N/A,N/A,N/A
avalanche-2_2026-06-23,avalanche-2,AVAX,2026-06-23T00:00:00Z,6.229837400760385,1.997559941579885,205940543.65603563,2689869112.3414555,9,Layer 1 (L1),kucoin,-33.623017697426704,-33.623017697426704,NULL,NULL,NULL,none,none,0,0.0,NULL,"[9.38553876, 9.20326342, 9.29882118, 9.13108062, 9.02972736, 8.91977837, 8.82004476, 8.94514922, 8.9701102, 8.92308335, 8.16956054, 8.04695359, 7.69849207, 6.72092285, 6.66112169, 6.80753795, 6.76341612, 6.63527506, 6.38060212, 6.63694914, 6.56755039, 6.71500244, 6.78408093, 6.83693271, 6.87199128, 6.75894427, 6.31063182, 5.89221157, 6.23632854, 6.10782984]",7.604226809498368,0.2206140096963416,1,92.11,92.11,Invest,N/A,N/A,N/A,N/A,N/A,N/A,N/A,N/A,N/A,N/A,N/A
avalanche-2_2026-06-24,avalanche-2,AVAX,2026-06-24T00:00:00Z,6.480393707111181,4.021875535952413,288294161.09841275,2798052300.119857,9,Layer 1 (L1),kucoin,-29.585915253373997,-30.30951363464265,NULL,NULL,NULL,none,none,0,0.0,NULL,"[9.20326342, 9.29882118, 9.13108062, 9.02972736, 8.91977837, 8.82004476, 8.94514922, 8.9701102, 8.92308335, 8.16956054, 8.04695359, 7.69849207, 6.72092285, 6.66112169, 6.80753795, 6.76341612, 6.63527506, 6.38060212, 6.63694914, 6.56755039, 6.71500244, 6.78408093, 6.83693271, 6.87199128, 6.75894427, 6.31063182, 5.89221157, 6.23632854, 6.10782984, 6.2298374]",7.604226809498368,0.17342049776296187,1,87.56,87.56,Invest,N/A,N/A,N/A,N/A,N/A,N/A,N/A,N/A,N/A,N/A,N/A
avalanche-2_2026-06-25,avalanche-2,AVAX,2026-06-25T00:00:00Z,6.452869838309249,-0.4247252566110027,264489902.95257127,2786168265.3080626,9,Layer 1 (L1),kucoin,-30.605506731691367,-30.605506731691367,NULL,NULL,NULL,none,none,0,0.0,NULL,"[9.29882118, 9.13108062, 9.02972736, 8.91977837, 8.82004476, 8.94514922, 8.9701102, 8.92308335, 8.16956054, 8.04695359, 7.69849207, 6.72092285, 6.66112169, 6.80753795, 6.76341612, 6.63527506, 6.38060212, 6.63694914, 6.56755039, 6.71500244, 6.78408093, 6.83693271, 6.87199128, 6.75894427, 6.31063182, 5.89221157, 6.23632854, 6.10782984, 6.2298374, 6.48039371]",7.604226809498368,0.17842556878394933,1,88.03,88.03,Invest,N/A,N/A,N/A,N/A,N/A,N/A,N/A,N/A,N/A,N/A,N/A
avalanche-2_2026-06-26,avalanche-2,AVAX,2026-06-26T00:00:00Z,6.227892989993185,-3.4864618991758856,276957011.49339366,2689029570.2911673,9,Layer 1 (L1),kucoin,-31.794567944078533,-31.794567944078533,NULL,NULL,NULL,none,none,0,0.0,NULL,"[9.13108062, 9.02972736, 8.91977837, 8.82004476, 8.94514922, 8.9701102, 8.92308335, 8.16956054, 8.04695359, 7.69849207, 6.72092285, 6.66112169, 6.80753795, 6.76341612, 6.63527506, 6.38060212, 6.63694914, 6.56755039, 6.71500244, 6.78408093, 6.83693271, 6.87199128, 6.75894427, 6.31063182, 5.89221157, 6.23632854, 6.10782984, 6.2298374, 6.48039371, 6.45286984]",7.604226809498368,0.2209950976544779,1,89.98,89.98,Invest,N/A,N/A,N/A,N/A,N/A,N/A,N/A,N/A,N/A,N/A,N/A
avalanche-2_2026-09-26,avalanche-2,AVAX,2026-09-26T00:00:00Z,7.604226809498368,22.099509765447788,329311110.23682535,3367573687.8038526,11,Layer 1 (L1),kucoin,2.2028800115857283,-5.821561603752789,Will XRP or Avalanche Keep Their Gains in October ?,Will XRP or Avalanche Keep Their Gains in October? | AVAX Eyes 90% Price Rally As Wall Street Tests Avalanche for 24/7 Tokenized Trading,Will XRP or Avalanche Keep Their Gains in October ? | Will XRP or Avalanche Keep Their Gains in October? | AVAX Eyes 90% Price Rally As Wall Street Tests Avalanche for 24/7 Tokenized Trading,bullish,agree,3,5.0,Will XRP or Avalanche Keep Their Gains in October ? | Will XRP or Avalanche Keep Their Gains in October? | AVAX Eyes 90% Price Rally As Wall Street Tests Avalanche for 24/7 Tokenized Trading,"[7.44032537, 7.52898512, 7.30644563, 7.33122908, 7.11024781, 7.22810262, 7.21636571, 7.18928508, 7.51801174, 7.38554014, 7.59159829, 7.90198384, 8.07427575, 8.00860935, 7.79608492, 7.4249257, 7.45959014, 7.39912593, 7.29561405, 7.56152221, 7.26759056, 7.4728553, 7.60422681]",7.604226809498368,0.0,0,10.63,15.63,Skip,0,0,-999,0,-999,0,0,-999,0.0,0.0,N/A
chainlink_2026-05-24,chainlink,LINK,2026-05-24T00:00:00Z,9.551471638935041,1.489696809919594,341128915.33593637,6944874746.190126,7,Decentralized Finance (DeFi),coinbase_international,2.158286302250856,-10.815590153333343,NULL,NULL,NULL,none,none,0,0.0,NULL,"[9.3496788, 9.374277, 9.34509646, 9.48810183, 9.32362482, 9.24156592, 9.11184091, 9.10124166, 9.09444643, 9.17330405, 9.12232243, 9.35316461, 9.76586886, 9.99635024, 9.85284685, 10.34801841, 10.37381507, 10.70979968, 10.5813918, 10.28082565, 10.21293415, 10.47485773, 10.06731099, 9.71445284, 9.56198086, 9.60027545, 9.43963981, 9.62447849, 9.73938907, 9.41127222]",11.992351770358374,0.25555016270722897,1,15.69,15.69,Skip,N/A,N/A,N/A,N/A,N/A,N/A,N/A,N/A,N/A,N/A,N/A
chainlink_2026-05-25,chainlink,LINK,2026-05-25T00:00:00Z,9.425019404408062,-1.3239031565724146,226960217.34449565,6852931330.205315,7,Decentralized Finance (DeFi),coinbase_international,0.541294009076676,-11.996305370463833,NULL,NULL,NULL,none,none,0,0.0,NULL,"[9.374277, 9.34509646, 9.48810183, 9.32362482, 9.24156592, 9.11184091, 9.10124166, 9.09444643, 9.17330405, 9.12232243, 9.35316461, 9.76586886, 9.99635024, 9.85284685, 10.34801841, 10.37381507, 10.70979968, 10.5813918, 10.28082565, 10.21293415, 10.47485773, 10.06731099, 9.71445284, 9.56198086, 9.60027545, 9.43963981, 9.62447849, 9.73938907, 9.41127222, 9.55147164]",11.6487287426664,0.23593684456695274,1,17.15,17.15,Skip,N/A,N/A,N/A,N/A,N/A,N/A,N/A,N/A,N/A,N/A,N/A
chainlink_2026-05-26,chainlink,LINK,2026-05-26T00:00:00Z,9.492603854943535,0.7170749219239214,190802597.5762535,6902071982.190885,7,Decentralized Finance (DeFi),coinbase_international,1.5784470404395012,-11.36525294590892,NULL,NULL,NULL,none,none,0,0.0,NULL,"[9.34509646, 9.48810183, 9.32362482, 9.24156592, 9.11184091, 9.10124166, 9.09444643, 9.17330405, 9.12232243, 9.35316461, 9.76586886, 9.99635024, 9.85284685, 10.34801841, 10.37381507, 10.70979968, 10.5813918, 10.28082565, 10.21293415, 10.47485773, 10.06731099, 9.71445284, 9.56198086, 9.60027545, 9.43963981, 9.62447849, 9.73938907, 9.41127222, 9.55147164, 9.4250194]",11.539971413729232,0.2156802906843598,1,14.9,14.9,Skip,N/A,N/A,N/A,N/A,N/A,N/A,N/A,N/A,N/A,N/A,N/A
chainlink_2026-05-27,chainlink,LINK,2026-05-27T00:00:00Z,9.376687433174428,-1.2211235561962352,289490302.6897813,6817789155.350732,7,Decentralized Finance (DeFi),coinbase_international,-1.1742538423346827,-12.44759272116137,NULL,NULL,NULL,none,none,0,0.0,NULL,"[9.48810183, 9.32362482, 9.24156592, 9.11184091, 9.10124166, 9.09444643, 9.17330405, 9.12232243, 9.35316461, 9.76586886, 9.99635024, 9.85284685, 10.34801841, 10.37381507, 10.70979968, 10.5813918, 10.28082565, 10.21293415, 10.47485773, 10.06731099, 9.71445284, 9.56198086, 9.60027545, 9.43963981, 9.62447849, 9.73938907, 9.41127222, 9.55147164, 9.4250194, 9.49260385]",11.622243243631315,0.23948284790982588,1,19.78,19.78,Skip,N/A,N/A,N/A,N/A,N/A,N/A,N/A,N/A,N/A,N/A,N/A
chainlink_2026-05-28,chainlink,LINK,2026-05-28T00:00:00Z,9.124279445098834,-2.691867355870081,268980922.7531607,6634263314.685795,7,Decentralized Finance (DeFi),coinbase_international,-2.138067357434792,-14.804387391978846,NULL,NULL,NULL,none,none,0,0.0,NULL,"[9.32362482, 9.24156592, 9.11184091, 9.10124166, 9.09444643, 9.17330405, 9.12232243, 9.35316461, 9.76586886, 9.99635024, 9.85284685, 10.34801841, 10.37381507, 10.70979968, 10.5813918, 10.28082565, 10.21293415, 10.47485773, 10.06731099, 9.71445284, 9.56198086, 9.60027545, 9.43963981, 9.62447849, 9.73938907, 9.41127222, 9.55147164, 9.4250194, 9.49260385, 9.37668743]",11.289692886366849,0.23732432290104621,1,26.14,26.14,Skip,N/A,N/A,N/A,N/A,N/A,N/A,N/A,N/A,N/A,N/A,N/A
chainlink_2026-05-29,chainlink,LINK,2026-05-29T00:00:00Z,8.994821419929538,-1.418830121855097,331066007.74781543,6540134388.413851,7,Decentralized Finance (DeFi),coinbase_international,-2.6699425130063625,-16.01316840616044,NULL,NULL,NULL,none,none,0,0.0,NULL,"[9.24156592, 9.11184091, 9.10124166, 9.09444643, 9.17330405, 9.12232243, 9.35316461, 9.76586886, 9.99635024, 9.85284685, 10.34801841, 10.37381507, 10.70979968, 10.5813918, 10.28082565, 10.21293415, 10.47485773, 10.06731099, 9.71445284, 9.56198086, 9.60027545, 9.43963981, 9.62447849, 9.73938907, 9.41127222, 9.55147164, 9.4250194, 9.49260385, 9.37668743, 9.12427945]",11.620156171374404,0.2918718036611594,1,31.32,31.32,Skip,N/A,N/A,N/A,N/A,N/A,N/A,N/A,N/A,N/A,N/A,N/A
chainlink_2026-05-30,chainlink,LINK,2026-05-30T00:00:00Z,9.013663214513427,0.20947380391722614,249290797.6005616,6553834256.69856,7,Decentralized Finance (DeFi),coinbase_international,-1.0774737651499389,-15.837237995231257,NULL,NULL,NULL,none,none,0,0.0,NULL,"[9.11184091, 9.10124166, 9.09444643, 9.17330405, 9.12232243, 9.35316461, 9.76586886, 9.99635024, 9.85284685, 10.34801841, 10.37381507, 10.70979968, 10.5813918, 10.28082565, 10.21293415, 10.47485773, 10.06731099, 9.71445284, 9.56198086, 9.60027545, 9.43963981, 9.62447849, 9.73938907, 9.41127222, 9.55147164, 9.4250194, 9.49260385, 9.37668743, 9.12427945, 8.99482142]",11.922977316780116,0.32276711843218564,1,28.37,28.37,Skip,N/A,N/A,N/A,N/A,N/A,N/A,N/A,N/A,N/A,N/A,N/A
chainlink_2026-05-31,chainlink,LINK,2026-05-31T00:00:00Z,9.189567233694111,1.9515264215491435,239901763.16310328,6681734063.842571,7,Decentralized Finance (DeFi),coinbase_international,0.970478269887276,-14.19477945760268,NULL,NULL,NULL,none,none,0,0.0,NULL,"[9.10124166, 9.09444643, 9.17330405, 9.12232243, 9.35316461, 9.76586886, 9.99635024, 9.85284685, 10.34801841, 10.37381507, 10.70979968, 10.5813918, 10.28082565, 10.21293415, 10.47485773, 10.06731099, 9.71445284, 9.56198086, 9.60027545, 9.43963981, 9.62447849, 9.73938907, 9.41127222, 9.55147164, 9.4250194, 9.49260385, 9.37668743, 9.12427945, 8.99482142, 9.01366321]",11.431709761370778,0.24398782561334476,1,22.55,22.55,Skip,N/A,N/A,N/A,N/A,N/A,N/A,N/A,N/A,N/A,N/A,N/A
chainlink_2026-06-01,chainlink,LINK,2026-06-01T00:00:00Z,9.136118543478487,-0.5816235830959693,193588036.1895749,6642871522.767506,7,Decentralized Finance (DeFi),coinbase_international,0.45821494476288027,-14.693842855804762,NULL,NULL,NULL,none,none,0,0.0,NULL,"[9.09444643, 9.17330405, 9.12232243, 9.35316461, 9.76586886, 9.99635024, 9.85284685, 10.34801841, 10.37381507, 10.70979968, 10.5813918, 10.28082565, 10.21293415, 10.47485773, 10.06731099, 9.71445284, 9.56198086, 9.60027545, 9.43963981, 9.62447849, 9.73938907, 9.41127222, 9.55147164, 9.4250194, 9.49260385, 9.37668743, 9.12427945, 8.99482142, 9.01366321, 9.18956723]",11.455810210166169,0.25390341156896623,1,23.06,23.06,Skip,N/A,N/A,N/A,N/A,N/A,N/A,N/A,N/A,N/A,N/A,N/A
chainlink_2026-06-02,chainlink,LINK,2026-06-02T00:00:00Z,9.044415074705169,-1.0037464853034028,274838932.8028628,6576193933.334506,7,Decentralized Finance (DeFi),coinbase_international,-1.4050441771002453,-15.550100409887024,NULL,NULL,NULL,none,none,0,0.0,NULL,"[9.17330405, 9.12232243, 9.35316461, 9.76586886, 9.99635024, 9.85284685, 10.34801841, 10.37381507, 10.70979968, 10.5813918, 10.28082565, 10.21293415, 10.47485773, 10.06731099, 9.71445284, 9.56198086, 9.60027545, 9.43963981, 9.62447849, 9.73938907, 9.41127222, 9.55147164, 9.4250194, 9.49260385, 9.37668743, 9.12427945, 8.99482142, 9.01366321, 9.18956723, 9.13611854]",11.141848097151453,0.23190366708315358,1,28.18,28.18,Skip,N/A,N/A,N/A,N/A,N/A,N/A,N/A,N/A,N/A,N/A,N/A
chainlink_2026-06-03,chainlink,LINK,2026-06-03T00:00:00Z,8.364582826128089,-7.516597181374285,368159226.9077716,6081887925.499778,7,Decentralized Finance (DeFi),coinbase_international,-8.306433084815135,-21.89785918215087,NULL,NULL,NULL,none,none,0,0.0,NULL,"[9.12232243, 9.35316461, 9.76586886, 9.99635024, 9.85284685, 10.34801841, 10.37381507, 10.70979968, 10.5813918, 10.28082565, 10.21293415, 10.47485773, 10.06731099, 9.71445284, 9.56198086, 9.60027545, 9.43963981, 9.62447849, 9.73938907, 9.41127222, 9.55147164, 9.4250194, 9.49260385, 9.37668743, 9.12427945, 8.99482142, 9.01366321, 9.18956723, 9.13611854, 9.04441507]",11.31926701206514,0.35323748324992743,1,56.63,56.63,Invest,N/A,N/A,N/A,N/A,N/A,N/A,N/A,N/A,N/A,N/A,N/A
chainlink_2026-06-04,chainlink,LINK,2026-06-04T00:00:00Z,8.327863303674874,-0.43898809081686085,386442104.47508866,6055189161.810005,7,Decentralized Finance (DeFi),coinbase_international,-10.962079172667938,-22.24071827901425,NULL,NULL,NULL,none,none,0,0.0,NULL,"[9.35316461, 9.76586886, 9.99635024, 9.85284685, 10.34801841, 10.37381507, 10.70979968, 10.5813918, 10.28082565, 10.21293415, 10.47485773, 10.06731099, 9.71445284, 9.56198086, 9.60027545, 9.43963981, 9.62447849, 9.73938907, 9.41127222, 9.55147164, 9.4250194, 9.49260385, 9.37668743, 9.12427945, 8.99482142, 9.01366321, 9.18956723, 9.13611854, 9.04441507, 8.36458283]",11.229814037883376,0.34846282034047604,1,59.7,59.7,Invest,N/A,N/A,N/A,N/A,N/A,N/A,N/A,N/A,N/A,N/A,N/A
chainlink_2026-06-05,chainlink,LINK,2026-06-05T00:00:00Z,8.006323258190282,-3.8610149297564123,553351492.1820678,5821397404.247529,7,Decentralized Finance (DeFi),coinbase_international,-18.01729706283336,-25.24301575553286,NULL,NULL,NULL,none,none,0,0.0,NULL,"[9.76586886, 9.99635024, 9.85284685, 10.34801841, 10.37381507, 10.70979968, 10.5813918, 10.28082565, 10.21293415, 10.47485773, 10.06731099, 9.71445284, 9.56198086, 9.60027545, 9.43963981, 9.62447849, 9.73938907, 9.41127222, 9.55147164, 9.4250194, 9.49260385, 9.37668743, 9.12427945, 8.99482142, 9.01366321, 9.18956723, 9.13611854, 9.04441507, 8.36458283, 8.3278633]",11.109744202352955,0.3876212393732599,1,75.15,75.15,Invest,N/A,N/A,N/A,N/A,N/A,N/A,N/A,N/A,N/A,N/A,N/A
chainlink_2026-06-06,chainlink,LINK,2026-06-06T00:00:00Z,7.361053837853775,-8.059497468783949,644730872.9780854,5352222027.804344,7,Decentralized Finance (DeFi),coinbase_international,-26.362585767256242,-31.26805300845491,NULL,NULL,NULL,none,none,0,0.0,NULL,"[9.99635024, 9.85284685, 10.34801841, 10.37381507, 10.70979968, 10.5813918, 10.28082565, 10.21293415, 10.47485773, 10.06731099, 9.71445284, 9.56198086, 9.60027545, 9.43963981, 9.62447849, 9.73938907, 9.41127222, 9.55147164, 9.4250194, 9.49260385, 9.37668743, 9.12427945, 8.99482142, 9.01366321, 9.18956723, 9.13611854, 9.04441507, 8.36458283, 8.3278633, 8.00632326]",11.832704231146355,0.607474213854732,1,90.43,90.43,Invest,N/A,N/A,N/A,N/A,N/A,N/A,N/A,N/A,N/A,N/A,N/A
chainlink_2026-06-07,chainlink,LINK,2026-06-07T00:00:00Z,7.391559293757676,0.4144169649599405,349267556.6400847,5374402543.889889,7,Decentralized Finance (DeFi),coinbase_international,-24.98047102655314,-30.983216159774663,NULL,NULL,NULL,none,none,0,0.0,NULL,"[9.85284685, 10.34801841, 10.37381507, 10.70979968, 10.5813918, 10.28082565, 10.21293415, 10.47485773, 10.06731099, 9.71445284, 9.56198086, 9.60027545, 9.43963981, 9.62447849, 9.73938907, 9.41127222, 9.55147164, 9.4250194, 9.49260385, 9.37668743, 9.12427945, 8.99482142, 9.01366321, 9.18956723, 9.13611854, 9.04441507, 8.36458283, 8.3278633, 8.00632326, 7.36105384]",11.631341842390773,0.5735978540026976,1,88.12,88.12,Invest,N/A,N/A,N/A,N/A,N/A,N/A,N/A,N/A,N/A,N/A,N/A
chainlink_2026-06-08,chainlink,LINK,2026-06-08T00:00:00Z,7.9085060154893645,6.993743825721066,314050879.3674348,5750274489.972583,7,Decentralized Finance (DeFi),coinbase_international,-23.57468164490878,-26.15635910123766,NULL,NULL,NULL,none,none,0,0.0,NULL,"[10.34801841, 10.37381507, 10.70979968, 10.5813918, 10.28082565, 10.21293415, 10.47485773, 10.06731099, 9.71445284, 9.56198086, 9.60027545, 9.43963981, 9.62447849, 9.73938907, 9.41127222, 9.55147164, 9.4250194, 9.49260385, 9.37668743, 9.12427945, 8.99482142, 9.01366321, 9.18956723, 9.13611854, 9.04441507, 8.36458283, 8.3278633, 8.00632326, 7.36105384, 7.39155929]",12.047500928730749,0.5233598994721471,1,77.16,77.16,Invest,N/A,N/A,N/A,N/A,N/A,N/A,N/A,N/A,N/A,N/A,N/A
chainlink_2026-06-09,chainlink,LINK,2026-06-09T00:00:00Z,7.993169530721201,1.070537407014882,292413819.7240444,5811833329.393775,7,Decentralized Finance (DeFi),coinbase_international,-22.94860209157331,-25.365835302714657,NULL,NULL,NULL,none,none,0,0.0,NULL,"[10.37381507, 10.70979968, 10.5813918, 10.28082565, 10.21293415, 10.47485773, 10.06731099, 9.71445284, 9.56198086, 9.60027545, 9.43963981, 9.62447849, 9.73938907, 9.41127222, 9.55147164, 9.4250194, 9.49260385, 9.37668743, 9.12427945, 8.99482142, 9.01366321, 9.18956723, 9.13611854, 9.04441507, 8.36458283, 8.3278633, 8.00632326, 7.36105384, 7.39155929, 7.90850602]",13.237155745219605,0.656058425177084,1,74.35,74.35,Invest,N/A,N/A,N/A,N/A,N/A,N/A,N/A,N/A,N/A,N/A,N/A
chainlink_2026-06-10,chainlink,LINK,2026-06-10T00:00:00Z,7.833892151355486,-1.9926685997781357,273298332.2350398,5696022751.567504,7,Decentralized Finance (DeFi),coinbase_international,-26.853046867344165,-26.853046867344165,NULL,NULL,NULL,none,none,0,0.0,NULL,"[10.70979968, 10.5813918, 10.28082565, 10.21293415, 10.47485773, 10.06731099, 9.71445284, 9.56198086, 9.60027545, 9.43963981, 9.62447849, 9.73938907, 9.41127222, 9.55147164, 9.4250194, 9.49260385, 9.37668743, 9.12427945, 8.99482142, 9.01366321, 9.18956723, 9.13611854, 9.04441507, 8.36458283, 8.3278633, 8.00632326, 7.36105384, 7.39155929, 7.90850602, 7.99316953]",12.742965020959987,0.6266454496383502,1,79.57,79.57,Invest,N/A,N/A,N/A,N/A,N/A,N/A,N/A,N/A,N/A,N/A,N/A
chainlink_2026-06-11,chainlink,LINK,2026-06-11T00:00:00Z,7.559228709098085,-3.5060916968313927,242239093.1177636,5496314970.825169,7,Decentralized Finance (DeFi),coinbase_international,-28.561111342184564,-28.561111342184564,NULL,NULL,NULL,none,none,0,0.0,NULL,"[10.5813918, 10.28082565, 10.21293415, 10.47485773, 10.06731099, 9.71445284, 9.56198086, 9.60027545, 9.43963981, 9.62447849, 9.73938907, 9.41127222, 9.55147164, 9.4250194, 9.49260385, 9.37668743, 9.12427945, 8.99482142, 9.01366321, 9.18956723, 9.13611854, 9.04441507, 8.36458283, 8.3278633, 8.00632326, 7.36105384, 7.39155929, 7.90850602, 7.99316953, 7.83389215]",12.510020760613248,0.6549334915024494,1,83.35,83.35,Invest,N/A,N/A,N/A,N/A,N/A,N/A,N/A,N/A,N/A,N/A,N/A
chainlink_2026-06-12,chainlink,LINK,2026-06-12T00:00:00Z,7.877118759969324,4.205323890896895,273773667.2080871,5727452817.412223,7,Decentralized Finance (DeFi),coinbase_international,-23.380484922839862,-24.79975419545418,NULL,NULL,NULL,none,none,0,0.0,NULL,"[10.28082565, 10.21293415, 10.47485773, 10.06731099, 9.71445284, 9.56198086, 9.60027545, 9.43963981, 9.62447849, 9.73938907, 9.41127222, 9.55147164, 9.4250194, 9.49260385, 9.37668743, 9.12427945, 8.99482142, 9.01366321, 9.18956723, 9.13611854, 9.04441507, 8.36458283, 8.3278633, 8.00632326, 7.36105384, 7.39155929, 7.90850602, 7.99316953, 7.83389215, 7.55922871]",11.80498523618216,0.4986425361737383,1,72.07,72.07,Invest,N/A,N/A,N/A,N/A,N/A,N/A,N/A,N/A,N/A,N/A,N/A
chainlink_2026-06-13,chainlink,LINK,2026-06-13T00:00:00Z,7.860391513372228,-0.21235234743574027,188336199.0716425,5715290436.906174,7,Decentralized Finance (DeFi),coinbase_international,-23.034933981144825,-24.95944368269758,NULL,NULL,NULL,none,none,0,0.0,NULL,"[10.21293415, 10.47485773, 10.06731099, 9.71445284, 9.56198086, 9.60027545, 9.43963981, 9.62447849, 9.73938907, 9.41127222, 9.55147164, 9.4250194, 9.49260385, 9.37668743, 9.12427945, 8.99482142, 9.01366321, 9.18956723, 9.13611854, 9.04441507, 8.36458283, 8.3278633, 8.00632326, 7.36105384, 7.39155929, 7.90850602, 7.99316953, 7.83389215, 7.55922871, 7.87711876]",11.466747314481822,0.45880103999583244,1,70.31,70.31,Invest,N/A,N/A,N/A,N/A,N/A,N/A,N/A,N/A,N/A,N/A,N/A
chainlink_2026-06-14,chainlink,LINK,2026-06-14T00:00:00Z,7.979434363646255,1.5144646430334863,147653330.458321,5801846489.819791,7,Decentralized Finance (DeFi),coinbase_international,-23.822980989336408,-23.822980989336408,NULL,NULL,NULL,none,none,0,0.0,NULL,"[10.47485773, 10.06731099, 9.71445284, 9.56198086, 9.60027545, 9.43963981, 9.62447849, 9.73938907, 9.41127222, 9.55147164, 9.4250194, 9.49260385, 9.37668743, 9.12427945, 8.99482142, 9.01366321, 9.18956723, 9.13611854, 9.04441507, 8.36458283, 8.3278633, 8.00632326, 7.36105384, 7.39155929, 7.90850602, 7.99316953, 7.83389215, 7.55922871, 7.87711876, 7.86039151]",11.546360706163469,0.44701493614232635,1,65.52,65.52,Invest,N/A,N/A,N/A,N/A,N/A,N/A,N/A,N/A,N/A,N/A,N/A
chainlink_2026-06-15,chainlink,LINK,2026-06-15T00:00:00Z,8.171975411222267,2.4129661176638617,166274592.65872404,5941843079.818013,7,Decentralized Finance (DeFi),coinbase_international,-18.826631881376432,-18.826631881376432,NULL,NULL,NULL,none,none,0,0.0,NULL,"[10.06731099, 9.71445284, 9.56198086, 9.60027545, 9.43963981, 9.62447849, 9.73938907, 9.41127222, 9.55147164, 9.4250194, 9.49260385, 9.37668743, 9.12427945, 8.99482142, 9.01366321, 9.18956723, 9.13611854, 9.04441507, 8.36458283, 8.3278633, 8.00632326, 7.36105384, 7.39155929, 7.90850602, 7.99316953, 7.83389215, 7.55922871, 7.87711876, 7.86039151, 7.97943436]",11.502007742833564,0.4074941692847349,1,44.07,44.07,Skip,N/A,N/A,N/A,N/A,N/A,N/A,N/A,N/A,N/A,N/A,N/A
chainlink_2026-06-16,chainlink,LINK,2026-06-16T00:00:00Z,8.294379695689905,1.497854292360512,302034446.16422534,6030843231.434393,7,Decentralized Finance (DeFi),coinbase_international,-14.618148488833304,-14.836755779450705,NULL,NULL,NULL,none,none,0,0.0,NULL,"[9.71445284, 9.56198086, 9.60027545, 9.43963981, 9.62447849, 9.73938907, 9.41127222, 9.55147164, 9.4250194, 9.49260385, 9.37668743, 9.12427945, 8.99482142, 9.01366321, 9.18956723, 9.13611854, 9.04441507, 8.36458283, 8.3278633, 8.00632326, 7.36105384, 7.39155929, 7.90850602, 7.99316953, 7.83389215, 7.55922871, 7.87711876, 7.86039151, 7.97943436, 8.17197541]",11.208686939570802,0.351359275895615,1,30.71,30.71,Skip,N/A,N/A,N/A,N/A,N/A,N/A,N/A,N/A,N/A,N/A,N/A
chainlink_2026-06-17,chainlink,LINK,2026-06-17T00:00:00Z,8.2695328960501,-0.29956187866244655,209418971.88586318,6012777124.151121,7,Decentralized Finance (DeFi),coinbase_international,-13.516529486918449,-15.09187239376767,NULL,NULL,NULL,none,none,0,0.0,NULL,"[9.56198086, 9.60027545, 9.43963981, 9.62447849, 9.73938907, 9.41127222, 9.55147164, 9.4250194, 9.49260385, 9.37668743, 9.12427945, 8.99482142, 9.01366321, 9.18956723, 9.13611854, 9.04441507, 8.36458283, 8.3278633, 8.00632326, 7.36105384, 7.39155929, 7.90850602, 7.99316953, 7.83389215, 7.55922871, 7.87711876, 7.86039151, 7.97943436, 8.17197541, 8.2943797]",11.514639932652168,0.3924172111525279,1,28.91,28.91,Skip,N/A,N/A,N/A,N/A,N/A,N/A,N/A,N/A,N/A,N/A,N/A
chainlink_2026-06-18,chainlink,LINK,2026-06-18T00:00:00Z,8.084479104837147,-2.2377780406598657,226385438.07448345,5878224518.033048,7,Decentralized Finance (DeFi),coinbase_international,-15.789092203220434,-16.991927828075394,NULL,NULL,NULL,none,none,0,0.0,NULL,"[9.60027545, 9.43963981, 9.62447849, 9.73938907, 9.41127222, 9.55147164, 9.4250194, 9.49260385, 9.37668743, 9.12427945, 8.99482142, 9.01366321, 9.18956723, 9.13611854, 9.04441507, 8.36458283, 8.3278633, 8.00632326, 7.36105384, 7.39155929, 7.90850602, 7.99316953, 7.83389215, 7.55922871, 7.87711876, 7.86039151, 7.97943436, 8.17197541, 8.2943797, 8.2695329]",10.88182146485707,0.34601392665437203,1,36.89,36.89,Skip,N/A,N/A,N/A,N/A,N/A,N/A,N/A,N/A,N/A,N/A,N/A
chainlink_2026-06-19,chainlink,LINK,2026-06-19T00:00:00Z,8.004935138286445,-0.983909606533695,227705946.2631439,5820388102.306502,7,Decentralized Finance (DeFi),coinbase_international,-15.198722593683723,-17.80865222437338,NULL,NULL,NULL,none,none,0,0.0,NULL,"[9.43963981, 9.62447849, 9.73938907, 9.41127222, 9.55147164, 9.4250194, 9.49260385, 9.37668743, 9.12427945, 8.99482142, 9.01366321, 9.18956723, 9.13611854, 9.04441507, 8.36458283, 8.3278633, 8.00632326, 7.36105384, 7.39155929, 7.90850602, 7.99316953, 7.83389215, 7.55922871, 7.87711876, 7.86039151, 7.97943436, 8.17197541, 8.2943797, 8.2695329, 8.0844791]",11.048076054907668,0.38015809797962263,1,39.54,39.54,Skip,N/A,N/A,N/A,N/A,N/A,N/A,N/A,N/A,N/A,N/A,N/A
chainlink_2026-06-20,chainlink,LINK,2026-06-20T00:00:00Z,7.9355479262250155,-0.8668054251877777,216172822.9285638,5936583168.91707,7,Decentralized Finance (DeFi),coinbase_international,-17.548281325845373,-18.521091285927472,NULL,NULL,NULL,none,none,0,0.0,NULL,"[9.62447849, 9.73938907, 9.41127222, 9.55147164, 9.4250194, 9.49260385, 9.37668743, 9.12427945, 8.99482142, 9.01366321, 9.18956723, 9.13611854, 9.04441507, 8.36458283, 8.3278633, 8.00632326, 7.36105384, 7.39155929, 7.90850602, 7.99316953, 7.83389215, 7.55922871, 7.87711876, 7.86039151, 7.97943436, 8.17197541, 8.2943797, 8.2695329, 8.0844791, 8.00493514]",11.347991553686633,0.4300199128259736,1,43.57,43.57,Skip,N/A,N/A,N/A,N/A,N/A,N/A,N/A,N/A,N/A,N/A,N/A
chainlink_2026-06-21,chainlink,LINK,2026-06-21T00:00:00Z,7.981914375220622,0.5842879335701268,160051302.95238364,5971269908.037731,7,Decentralized Finance (DeFi),coinbase_international,-18.04501985390653,-18.04501985390653,NULL,NULL,NULL,none,none,0,0.0,NULL,"[9.73938907, 9.41127222, 9.55147164, 9.4250194, 9.49260385, 9.37668743, 9.12427945, 8.99482142, 9.01366321, 9.18956723, 9.13611854, 9.04441507, 8.36458283, 8.3278633, 8.00632326, 7.36105384, 7.39155929, 7.90850602, 7.99316953, 7.83389215, 7.55922871, 7.87711876, 7.86039151, 7.97943436, 8.17197541, 8.2943797, 8.2695329, 8.0844791, 8.00493514, 7.93554793]",11.347991553686633,0.4217130152280004,1,40.09,40.09,Skip,N/A,N/A,N/A,N/A,N/A,N/A,N/A,N/A,N/A,N/A,N/A
chainlink_2026-06-22,chainlink,LINK,2026-06-22T00:00:00Z,7.776101516327973,-2.5784899363438862,132018056.11890295,5817301314.387048,7,Decentralized Finance (DeFi),coinbase_international,-17.3745978537738,-18.587398777064436,NULL,NULL,NULL,none,none,0,0.0,NULL,"[9.41127222, 9.55147164, 9.4250194, 9.49260385, 9.37668743, 9.12427945, 8.99482142, 9.01366321, 9.18956723, 9.13611854, 9.04441507, 8.36458283, 8.3278633, 8.00632326, 7.36105384, 7.39155929, 7.90850602, 7.99316953, 7.83389215, 7.55922871, 7.87711876, 7.86039151, 7.97943436, 8.17197541, 8.2943797, 8.2695329, 8.0844791, 8.00493514, 7.93554793, 7.98191438]",11.347991553686633,0.45934200188340335,1,39.95,39.95,Skip,N/A,N/A,N/A,N/A,N/A,N/A,N/A,N/A,N/A,N/A,N/A
chainlink_2026-06-23,chainlink,LINK,2026-06-23T00:00:00Z,7.859446728523044,1.0718122959180176,212841013.9380379,5879651865.165249,7,Decentralized Finance (DeFi),coinbase_international,-17.714808506730307,-17.714808506730307,NULL,NULL,NULL,none,none,0,0.0,NULL,"[9.55147164, 9.4250194, 9.49260385, 9.37668743, 9.12427945, 8.99482142, 9.01366321, 9.18956723, 9.13611854, 9.04441507, 8.36458283, 8.3278633, 8.00632326, 7.36105384, 7.39155929, 7.90850602, 7.99316953, 7.83389215, 7.55922871, 7.87711876, 7.86039151, 7.97943436, 8.17197541, 8.2943797, 8.2695329, 8.0844791, 8.00493514, 7.93554793, 7.98191438, 7.77610152]",11.347991553686633,0.4438664635900089,1,40.09,40.09,Skip,N/A,N/A,N/A,N/A,N/A,N/A,N/A,N/A,N/A,N/A,N/A
chainlink_2026-06-24,chainlink,LINK,2026-06-24T00:00:00Z,7.625715857125374,-2.9738845426539706,233027267.18859917,5704797807.185233,6,Decentralized Finance (DeFi),coinbase_international,-19.09071451291822,-19.6667640022282,NULL,NULL,NULL,none,none,0,0.0,NULL,"[9.4250194, 9.49260385, 9.37668743, 9.12427945, 8.99482142, 9.01366321, 9.18956723, 9.13611854, 9.04441507, 8.36458283, 8.3278633, 8.00632326, 7.36105384, 7.39155929, 7.90850602, 7.99316953, 7.83389215, 7.55922871, 7.87711876, 7.86039151, 7.97943436, 8.17197541, 8.2943797, 8.2695329, 8.0844791, 8.00493514, 7.93554793, 7.98191438, 7.77610152, 7.85944673]",11.347991553686633,0.4881214782062999,1,42.85,42.85,Skip,N/A,N/A,N/A,N/A,N/A,N/A,N/A,N/A,N/A,N/A,N/A
chainlink_2026-06-25,chainlink,LINK,2026-06-25T00:00:00Z,7.415107503753354,-2.761817478095918,309145930.4698659,5547241704.256359,6,Decentralized Finance (DeFi),coinbase_international,-21.885421354734703,-21.885421354734703,NULL,NULL,NULL,none,none,0,0.0,NULL,"[9.49260385, 9.37668743, 9.12427945, 8.99482142, 9.01366321, 9.18956723, 9.13611854, 9.04441507, 8.36458283, 8.3278633, 8.00632326, 7.36105384, 7.39155929, 7.90850602, 7.99316953, 7.83389215, 7.55922871, 7.87711876, 7.86039151, 7.97943436, 8.17197541, 8.2943797, 8.2695329, 8.0844791, 8.00493514, 7.93554793, 7.98191438, 7.77610152, 7.85944673, 7.62571586]",11.347991553686633,0.530388001514819,1,54.73,54.73,Invest,N/A,N/A,N/A,N/A,N/A,N/A,N/A,N/A,N/A,N/A,N/A
chainlink_2026-06-26,chainlink,LINK,2026-06-26T00:00:00Z,7.239585951322604,-2.3670803470065005,259950108.79145974,5415934036.073958,6,Decentralized Finance (DeFi),coinbase_international,-22.791646805788,-22.791646805788,NULL,NULL,NULL,none,none,0,0.0,NULL,"[9.37668743, 9.12427945, 8.99482142, 9.01366321, 9.18956723, 9.13611854, 9.04441507, 8.36458283, 8.3278633, 8.00632326, 7.36105384, 7.39155929, 7.90850602, 7.99316953, 7.83389215, 7.55922871, 7.87711876, 7.86039151, 7.97943436, 8.17197541, 8.2943797, 8.2695329, 8.0844791, 8.00493514, 7.93554793, 7.98191438, 7.77610152, 7.85944673, 7.62571586, 7.4151075]",11.347991553686633,0.5674917916560493,1,57.15,57.15,Invest,N/A,N/A,N/A,N/A,N/A,N/A,N/A,N/A,N/A,N/A,N/A
chainlink_2026-09-26,chainlink,LINK,2026-09-26T00:00:00Z,11.347991553686633,56.749179165604936,419418125.07329607,8489432145.694803,6,Decentralized Finance (DeFi),coinbase_international,-2.342176935265583,-14.271677601249156,Ethereum vs . Chainlink : Which Will Benefit More From Tokenization ?,"Chainlink’s Infosys Deal: 1.7 Billion Bank Accounts, But Why Did LINK Drop 4%? | Ethereum vs. Chainlink: Which Will Benefit More From Tokenization? | Ripple vs Chainlink: Which Bet on Swift Pays Off? | Global Pay Connect Enters XRP Territory as Chainlink Powers 600 Bank Onchain Payments Push","Ethereum vs . Chainlink : Which Will Benefit More From Tokenization ? | Chainlink’s Infosys Deal: 1.7 Billion Bank Accounts, But Why Did LINK Drop 4%? | Ethereum vs. Chainlink: Which Will Benefit More From Tokenization? | Ripple vs Chainlink: Which Bet on Swift Pays Off? | Global Pay Connect Enters XRP Territory as Chainlink Powers 600 Bank Onchain Payments Push",bearish,agree,5,-5.0,"Ethereum vs . Chainlink : Which Will Benefit More From Tokenization ? | Chainlink’s Infosys Deal: 1.7 Billion Bank Accounts, But Why Did LINK Drop 4%? | Ethereum vs. Chainlink: Which Will Benefit More From Tokenization? | Ripple vs Chainlink: Which Bet on Swift Pays Off? | Global Pay Connect Enters XRP Territory as Chainlink Powers 600 Bank Onchain Payments Push","[11.62015617, 11.92297732, 11.43170976, 11.45581021, 11.1418481, 11.31926701, 11.22981404, 11.1097442, 11.83270423, 11.63134184, 12.04750093, 13.23715575, 12.74296502, 12.51002076, 11.80498524, 11.46674731, 11.54636071, 11.50200774, 11.20868694, 11.51463993, 10.88182146, 11.04807605, 11.34799155]",11.347991553686633,0.0,0,27.12,22.12,Skip,0,0,-999,0,-999,0,0,-999,0.0,0.0,N/A
polkadot_2026-05-24,polkadot,DOT,2026-05-24T00:00:00Z,1.2936224436095742,2.853578273026214,174630585.38295978,2179965912.2709584,11,Smart Contract Platform,kucoin,4.2271839494358865,-6.332902845224808,NULL,NULL,NULL,none,none,0,0.0,NULL,"[1.24115648, 1.25433952, 1.24679552, 1.26166486, 1.23356727, 1.22925463, 1.21151022, 1.20445646, 1.2037351, 1.22692677, 1.20943928, 1.22864223, 1.27920538, 1.31931241, 1.31020116, 1.37493364, 1.3466062, 1.38108523, 1.36160954, 1.33511297, 1.32806721, 1.36323651, 1.31630775, 1.26797224, 1.24967224, 1.25057653, 1.22382474, 1.24786851, 1.28922501, 1.25773207]",0.9394118398868826,-0.27381297029320506,0,4.16,4.16,Skip,N/A,N/A,N/A,N/A,N/A,N/A,N/A,N/A,N/A,N/A,N/A
polkadot_2026-05-25,polkadot,DOT,2026-05-25T00:00:00Z,1.245464756669118,-3.722700327159034,99818703.72861715,2098973921.9999762,11,Smart Contract Platform,kucoin,-0.7075249708956899,-9.819848177445989,NULL,NULL,NULL,none,none,0,0.0,NULL,"[1.25433952, 1.24679552, 1.26166486, 1.23356727, 1.22925463, 1.21151022, 1.20445646, 1.2037351, 1.22692677, 1.20943928, 1.22864223, 1.27920538, 1.31931241, 1.31020116, 1.37493364, 1.3466062, 1.38108523, 1.36160954, 1.33511297, 1.32806721, 1.36323651, 1.31630775, 1.26797224, 1.24967224, 1.25057653, 1.22382474, 1.24786851, 1.28922501, 1.25773207, 1.29362244]",0.9203743305889122,-0.2610193699496006,0,6.68,6.68,Skip,N/A,N/A,N/A,N/A,N/A,N/A,N/A,N/A,N/A,N/A,N/A
polkadot_2026-05-26,polkadot,DOT,2026-05-26T00:00:00Z,1.2606346154503736,1.2180078721637955,99865188.34978412,2124709779.4593747,11,Smart Contract Platform,kucoin,1.1099731865064522,-8.721446829118007,NULL,NULL,NULL,none,none,0,0.0,NULL,"[1.24679552, 1.26166486, 1.23356727, 1.22925463, 1.21151022, 1.20445646, 1.2037351, 1.22692677, 1.20943928, 1.22864223, 1.27920538, 1.31931241, 1.31020116, 1.37493364, 1.3466062, 1.38108523, 1.36160954, 1.33511297, 1.32806721, 1.36323651, 1.31630775, 1.26797224, 1.24967224, 1.25057653, 1.22382474, 1.24786851, 1.28922501, 1.25773207, 1.29362244, 1.24546476]",0.928071391974611,-0.26380619681536455,0,5.48,5.48,Skip,N/A,N/A,N/A,N/A,N/A,N/A,N/A,N/A,N/A,N/A,N/A
polkadot_2026-05-27,polkadot,DOT,2026-05-27T00:00:00Z,1.2493655651403683,-0.8939188383288443,163521981.8694764,2105960396.6577232,11,Smart Contract Platform,kucoin,-0.9748465826672437,-9.537403011266532,NULL,NULL,NULL,none,none,0,0.0,NULL,"[1.26166486, 1.23356727, 1.22925463, 1.21151022, 1.20445646, 1.2037351, 1.22692677, 1.20943928, 1.22864223, 1.27920538, 1.31931241, 1.31020116, 1.37493364, 1.3466062, 1.38108523, 1.36160954, 1.33511297, 1.32806721, 1.36323651, 1.31630775, 1.26797224, 1.24967224, 1.25057653, 1.22382474, 1.24786851, 1.28922501, 1.25773207, 1.29362244, 1.24546476, 1.26063462]",0.8992703387352181,-0.2802184053838689,0,7.31,7.31,Skip,N/A,N/A,N/A,N/A,N/A,N/A,N/A,N/A,N/A,N/A,N/A
polkadot_2026-05-28,polkadot,DOT,2026-05-28T00:00:00Z,1.228957512079137,-1.6334733108270494,175851444.87179834,2071784707.467223,11,Smart Contract Platform,kucoin,-0.3736934374654055,-11.015085389358525,NULL,NULL,NULL,none,none,0,0.0,NULL,"[1.23356727, 1.22925463, 1.21151022, 1.20445646, 1.2037351, 1.22692677, 1.20943928, 1.22864223, 1.27920538, 1.31931241, 1.31020116, 1.37493364, 1.3466062, 1.38108523, 1.36160954, 1.33511297, 1.32806721, 1.36323651, 1.31630775, 1.26797224, 1.24967224, 1.25057653, 1.22382474, 1.24786851, 1.28922501, 1.25773207, 1.29362244, 1.24546476, 1.26063462, 1.24936557]",0.8514735038785033,-0.3071578996754821,0,9.07,9.07,Skip,N/A,N/A,N/A,N/A,N/A,N/A,N/A,N/A,N/A,N/A,N/A
polkadot_2026-05-29,polkadot,DOT,2026-05-29T00:00:00Z,1.212576333606478,-1.332932856640856,169570572.27691692,2044345978.7495422,11,Smart Contract Platform,kucoin,-1.3567814437834502,-12.20119455365758,NULL,NULL,NULL,none,none,0,0.0,NULL,"[1.22925463, 1.21151022, 1.20445646, 1.2037351, 1.22692677, 1.20943928, 1.22864223, 1.27920538, 1.31931241, 1.31020116, 1.37493364, 1.3466062, 1.38108523, 1.36160954, 1.33511297, 1.32806721, 1.36323651, 1.31630775, 1.26797224, 1.24967224, 1.25057653, 1.22382474, 1.24786851, 1.28922501, 1.25773207, 1.29362244, 1.24546476, 1.26063462, 1.24936557, 1.22895751]",0.875737078686963,-0.2777880827656255,0,10.83,10.83,Skip,N/A,N/A,N/A,N/A,N/A,N/A,N/A,N/A,N/A,N/A,N/A
polkadot_2026-05-30,polkadot,DOT,2026-05-30T00:00:00Z,1.193498007887163,-1.573371109971422,157729953.96006617,2012358130.8539388,11,Smart Contract Platform,kucoin,-1.486756843174819,-13.582595593450343,NULL,NULL,NULL,none,none,0,0.0,NULL,"[1.21151022, 1.20445646, 1.2037351, 1.22692677, 1.20943928, 1.22864223, 1.27920538, 1.31931241, 1.31020116, 1.37493364, 1.3466062, 1.38108523, 1.36160954, 1.33511297, 1.32806721, 1.36323651, 1.31630775, 1.26797224, 1.24967224, 1.25057653, 1.22382474, 1.24786851, 1.28922501, 1.25773207, 1.29362244, 1.24546476, 1.26063462, 1.24936557, 1.22895751, 1.21257633]",0.8816038369554218,-0.26132776835035043,0,12.88,12.88,Skip,N/A,N/A,N/A,N/A,N/A,N/A,N/A,N/A,N/A,N/A,N/A
polkadot_2026-05-31,polkadot,DOT,2026-05-31T00:00:00Z,1.1894666917438874,-0.337773177385714,306401783.38225013,2005710599.6676176,11,Smart Contract Platform,kucoin,-1.2445258125597602,-13.874490406128604,Polkadot Price Prediction : DOT Caps Supply at 2 . 1 Billion,NULL,Polkadot Price Prediction : DOT Caps Supply at 2 . 1 Billion,neutral,none,1,0.0,Polkadot Price Prediction : DOT Caps Supply at 2 . 1 Billion,"[1.20445646, 1.2037351, 1.22692677, 1.20943928, 1.22864223, 1.27920538, 1.31931241, 1.31020116, 1.37493364, 1.3466062, 1.38108523, 1.36160954, 1.33511297, 1.32806721, 1.36323651, 1.31630775, 1.26797224, 1.24967224, 1.25057653, 1.22382474, 1.24786851, 1.28922501, 1.25773207, 1.29362244, 1.24546476, 1.26063462, 1.24936557, 1.22895751, 1.21257633, 1.19349801]",0.8486932705112726,-0.28649261353674726,0,15.57,15.57,Skip,N/A,N/A,N/A,N/A,N/A,N/A,N/A,N/A,N/A,N/A,N/A
polkadot_2026-06-01,polkadot,DOT,2026-06-01T00:00:00Z,1.186488339347342,-0.2503939300880109,226000581.31402284,2000873288.4427388,11,Smart Contract Platform,kucoin,-1.4327705309413297,-14.090143454409032,Polkadot Price Prediction : DOT Caps Supply at 2 . 1 Billion,NULL,Polkadot Price Prediction : DOT Caps Supply at 2 . 1 Billion,neutral,none,1,0.0,Polkadot Price Prediction : DOT Caps Supply at 2 . 1 Billion,"[1.2037351, 1.22692677, 1.20943928, 1.22864223, 1.27920538, 1.31931241, 1.31020116, 1.37493364, 1.3466062, 1.38108523, 1.36160954, 1.33511297, 1.32806721, 1.36323651, 1.31630775, 1.26797224, 1.24967224, 1.25057653, 1.22382474, 1.24786851, 1.28922501, 1.25773207, 1.29362244, 1.24546476, 1.26063462, 1.24936557, 1.22895751, 1.21257633, 1.19349801, 1.18946669]",0.8454716996364715,-0.28741676458316934,0,14.98,14.98,Skip,N/A,N/A,N/A,N/A,N/A,N/A,N/A,N/A,N/A,N/A,N/A
polkadot_2026-06-02,polkadot,DOT,2026-06-02T00:00:00Z,1.157918646967915,-2.407920198789515,215358653.80620933,1952868704.7737222,11,Smart Contract Platform,kucoin,-5.624469777463304,-16.15878424292142,Polkadot Price Prediction : DOT Caps Supply at 2 . 1 Billion,NULL,Polkadot Price Prediction : DOT Caps Supply at 2 . 1 Billion,neutral,none,1,0.0,Polkadot Price Prediction : DOT Caps Supply at 2 . 1 Billion,"[1.22692677, 1.20943928, 1.22864223, 1.27920538, 1.31931241, 1.31020116, 1.37493364, 1.3466062, 1.38108523, 1.36160954, 1.33511297, 1.32806721, 1.36323651, 1.31630775, 1.26797224, 1.24967224, 1.25057653, 1.22382474, 1.24786851, 1.28922501, 1.25773207, 1.29362244, 1.24546476, 1.26063462, 1.24936557, 1.22895751, 1.21257633, 1.19349801, 1.18946669, 1.18648834]",0.8194698348247896,-0.2922906656951898,0,20.86,20.86,Skip,N/A,N/A,N/A,N/A,N/A,N/A,N/A,N/A,N/A,N/A,N/A
polkadot_2026-06-03,polkadot,DOT,2026-06-03T00:00:00Z,1.077371791349629,-6.9561757062297165,198055405.1145667,1817177009.7912996,11,Smart Contract Platform,kucoin,-10.919728515978555,-21.990926525222964,Polkadot Price Prediction : DOT Caps Supply at 2 . 1 Billion,NULL,Polkadot Price Prediction : DOT Caps Supply at 2 . 1 Billion,neutral,none,1,0.0,Polkadot Price Prediction : DOT Caps Supply at 2 . 1 Billion,"[1.20943928, 1.22864223, 1.27920538, 1.31931241, 1.31020116, 1.37493364, 1.3466062, 1.38108523, 1.36160954, 1.33511297, 1.32806721, 1.36323651, 1.31630775, 1.26797224, 1.24967224, 1.25057653, 1.22382474, 1.24786851, 1.28922501, 1.25773207, 1.29362244, 1.24546476, 1.26063462, 1.24936557, 1.22895751, 1.21257633, 1.19349801, 1.18946669, 1.18648834, 1.15791865]",0.839708073786757,-0.22059582353195772,0,41.65,41.65,Skip,N/A,N/A,N/A,N/A,N/A,N/A,N/A,N/A,N/A,N/A,N/A
polkadot_2026-06-04,polkadot,DOT,2026-06-04T00:00:00Z,1.1037988168837847,2.452916044984832,187801607.0119412,1861931369.1857076,11,Smart Contract Platform,kucoin,-10.161087801280654,-20.07742944541614,Polkadot Price Prediction : DOT Caps Supply at 2 . 1 Billion,NULL,Polkadot Price Prediction : DOT Caps Supply at 2 . 1 Billion,neutral,none,1,0.0,Polkadot Price Prediction : DOT Caps Supply at 2 . 1 Billion,"[1.22864223, 1.27920538, 1.31931241, 1.31020116, 1.37493364, 1.3466062, 1.38108523, 1.36160954, 1.33511297, 1.32806721, 1.36323651, 1.31630775, 1.26797224, 1.24967224, 1.25057653, 1.22382474, 1.24786851, 1.28922501, 1.25773207, 1.29362244, 1.24546476, 1.26063462, 1.24936557, 1.22895751, 1.21257633, 1.19349801, 1.18946669, 1.18648834, 1.15791865, 1.07737179]",0.8716644433458661,-0.21030496679936128,0,34.01,34.01,Skip,N/A,N/A,N/A,N/A,N/A,N/A,N/A,N/A,N/A,N/A,N/A
polkadot_2026-06-05,polkadot,DOT,2026-06-05T00:00:00Z,1.0373180996449667,-6.022901657614077,166732248.7238003,1749962618.644517,11,Smart Contract Platform,kucoin,-18.90918222832447,-24.891087272155954,Polkadot Price Prediction : DOT Caps Supply at 2 . 1 Billion,NULL,Polkadot Price Prediction : DOT Caps Supply at 2 . 1 Billion,neutral,none,1,0.0,Polkadot Price Prediction : DOT Caps Supply at 2 . 1 Billion,"[1.27920538, 1.31931241, 1.31020116, 1.37493364, 1.3466062, 1.38108523, 1.36160954, 1.33511297, 1.32806721, 1.36323651, 1.31630775, 1.26797224, 1.24967224, 1.25057653, 1.22382474, 1.24786851, 1.28922501, 1.25773207, 1.29362244, 1.24546476, 1.26063462, 1.24936557, 1.22895751, 1.21257633, 1.19349801, 1.18946669, 1.18648834, 1.15791865, 1.07737179, 1.10379882]",0.8671502850133361,-0.16404593218789143,0,56.08,56.08,Invest,N/A,N/A,N/A,N/A,N/A,N/A,N/A,N/A,N/A,N/A,N/A
polkadot_2026-06-06,polkadot,DOT,2026-06-06T00:00:00Z,0.9448901663204529,-8.91027866535331,194084124.4463845,1594166849.8955743,11,Smart Contract Platform,kucoin,-28.38010454834864,-31.583500698723878,Polkadot Price Prediction : DOT Caps Supply at 2 . 1 Billion,NULL,Polkadot Price Prediction : DOT Caps Supply at 2 . 1 Billion,neutral,none,1,0.0,Polkadot Price Prediction : DOT Caps Supply at 2 . 1 Billion,"[1.31931241, 1.31020116, 1.37493364, 1.3466062, 1.38108523, 1.36160954, 1.33511297, 1.32806721, 1.36323651, 1.31630775, 1.26797224, 1.24967224, 1.25057653, 1.22382474, 1.24786851, 1.28922501, 1.25773207, 1.29362244, 1.24546476, 1.26063462, 1.24936557, 1.22895751, 1.21257633, 1.19349801, 1.18946669, 1.18648834, 1.15791865, 1.07737179, 1.10379882, 1.0373181]",0.8884313807320097,-0.05975169136144398,0,82.14,82.14,Invest,N/A,N/A,N/A,N/A,N/A,N/A,N/A,N/A,N/A,N/A,N/A
polkadot_2026-06-07,polkadot,DOT,2026-06-07T00:00:00Z,0.9423639687822892,-0.26735356427731727,130970991.23321655,1590042070.1752906,11,Smart Contract Platform,kucoin,-28.074863869491228,-31.766414648159603,Polkadot Price Prediction : DOT Caps Supply at 2 . 1 Billion,NULL,Polkadot Price Prediction : DOT Caps Supply at 2 . 1 Billion,neutral,none,1,0.0,Polkadot Price Prediction : DOT Caps Supply at 2 . 1 Billion,"[1.31020116, 1.37493364, 1.3466062, 1.38108523, 1.36160954, 1.33511297, 1.32806721, 1.36323651, 1.31630775, 1.26797224, 1.24967224, 1.25057653, 1.22382474, 1.24786851, 1.28922501, 1.25773207, 1.29362244, 1.24546476, 1.26063462, 1.24936557, 1.22895751, 1.21257633, 1.19349801, 1.18946669, 1.18648834, 1.15791865, 1.07737179, 1.10379882, 1.0373181, 0.94489017]",0.89972554469329,-0.045246237654964716,0,80.83,80.83,Invest,N/A,N/A,N/A,N/A,N/A,N/A,N/A,N/A,N/A,N/A,N/A
polkadot_2026-06-08,polkadot,DOT,2026-06-08T00:00:00Z,0.9722849631078336,3.17509957052029,111393896.97076644,1640692238.1203973,11,Smart Contract Platform,kucoin,-29.284953250374635,-29.599930372702723,Polkadot Price Prediction : DOT Caps Supply at 2 . 1 Billion,NULL,Polkadot Price Prediction : DOT Caps Supply at 2 . 1 Billion,neutral,none,1,0.0,Polkadot Price Prediction : DOT Caps Supply at 2 . 1 Billion,"[1.37493364, 1.3466062, 1.38108523, 1.36160954, 1.33511297, 1.32806721, 1.36323651, 1.31630775, 1.26797224, 1.24967224, 1.25057653, 1.22382474, 1.24786851, 1.28922501, 1.25773207, 1.29362244, 1.24546476, 1.26063462, 1.24936557, 1.22895751, 1.21257633, 1.19349801, 1.18946669, 1.18648834, 1.15791865, 1.07737179, 1.10379882, 1.0373181, 0.94489017, 0.94236397]",0.9153334527770048,-0.05857491629695444,0,74.89,74.89,Invest,N/A,N/A,N/A,N/A,N/A,N/A,N/A,N/A,N/A,N/A,N/A
polkadot_2026-06-09,polkadot,DOT,2026-06-09T00:00:00Z,0.973876377648633,0.16367779007016026,94115946.1558021,1643532385.0855048,11,Smart Contract Platform,kucoin,-27.679199863398296,-29.48470109452891,Polkadot Price Prediction : DOT Caps Supply at 2 . 1 Billion,NULL,Polkadot Price Prediction : DOT Caps Supply at 2 . 1 Billion,neutral,none,1,0.0,Polkadot Price Prediction : DOT Caps Supply at 2 . 1 Billion,"[1.3466062, 1.38108523, 1.36160954, 1.33511297, 1.32806721, 1.36323651, 1.31630775, 1.26797224, 1.24967224, 1.25057653, 1.22382474, 1.24786851, 1.28922501, 1.25773207, 1.29362244, 1.24546476, 1.26063462, 1.24936557, 1.22895751, 1.21257633, 1.19349801, 1.18946669, 1.18648834, 1.15791865, 1.07737179, 1.10379882, 1.0373181, 0.94489017, 0.94236397, 0.97228496]",0.9791951924771212,0.005461488696676398,1,72.95,72.95,Invest,N/A,N/A,N/A,N/A,N/A,N/A,N/A,N/A,N/A,N/A,N/A
polkadot_2026-06-10,polkadot,DOT,2026-06-10T00:00:00Z,0.9564279119103225,-1.7916509876170106,86297871.99513298,1614213403.0625107,11,Smart Contract Platform,kucoin,-30.74808914378987,-30.74808914378987,Polkadot Price Prediction : DOT Caps Supply at 2 . 1 Billion,NULL,Polkadot Price Prediction : DOT Caps Supply at 2 . 1 Billion,neutral,none,1,0.0,Polkadot Price Prediction : DOT Caps Supply at 2 . 1 Billion,"[1.38108523, 1.36160954, 1.33511297, 1.32806721, 1.36323651, 1.31630775, 1.26797224, 1.24967224, 1.25057653, 1.22382474, 1.24786851, 1.28922501, 1.25773207, 1.29362244, 1.24546476, 1.26063462, 1.24936557, 1.22895751, 1.21257633, 1.19349801, 1.18946669, 1.18648834, 1.15791865, 1.07737179, 1.10379882, 1.0373181, 0.94489017, 0.94236397, 0.97228496, 0.97387638]",1.0619412356645181,0.11032020546477828,1,77.41,77.41,Invest,N/A,N/A,N/A,N/A,N/A,N/A,N/A,N/A,N/A,N/A,N/A
polkadot_2026-06-11,polkadot,DOT,2026-06-11T00:00:00Z,0.9163365017562038,-4.191785878984023,88392385.95390059,1546679781.4884458,11,Smart Contract Platform,kucoin,-32.70196208057814,-32.78228011433853,NULL,NULL,NULL,none,none,0,0.0,NULL,"[1.36160954, 1.33511297, 1.32806721, 1.36323651, 1.31630775, 1.26797224, 1.24967224, 1.25057653, 1.22382474, 1.24786851, 1.28922501, 1.25773207, 1.29362244, 1.24546476, 1.26063462, 1.24936557, 1.22895751, 1.21257633, 1.19349801, 1.18946669, 1.18648834, 1.15791865, 1.07737179, 1.10379882, 1.0373181, 0.94489017, 0.94236397, 0.97228496, 0.97387638, 0.95642791]",1.2475304252917225,0.36143264281273235,1,82.95,82.95,Invest,N/A,N/A,N/A,N/A,N/A,N/A,N/A,N/A,N/A,N/A,N/A
polkadot_2026-06-12,polkadot,DOT,2026-06-12T00:00:00Z,0.9501145264697093,3.686203119571063,93881240.40850247,1603866762.3621807,11,Smart Contract Platform,kucoin,-28.83639476610067,-30.304498427008753,NULL,NULL,NULL,none,none,0,0.0,NULL,"[1.33511297, 1.32806721, 1.36323651, 1.31630775, 1.26797224, 1.24967224, 1.25057653, 1.22382474, 1.24786851, 1.28922501, 1.25773207, 1.29362244, 1.24546476, 1.26063462, 1.24936557, 1.22895751, 1.21257633, 1.19349801, 1.18946669, 1.18648834, 1.15791865, 1.07737179, 1.10379882, 1.0373181, 0.94489017, 0.94236397, 0.97228496, 0.97387638, 0.95642791, 0.9163365]",1.1223693443563063,0.18129900458067438,1,75.63,75.63,Invest,N/A,N/A,N/A,N/A,N/A,N/A,N/A,N/A,N/A,N/A,N/A
polkadot_2026-06-13,polkadot,DOT,2026-06-13T00:00:00Z,0.9569701494764419,0.7215575402478747,98386784.34454243,1615573182.4340441,11,Smart Contract Platform,kucoin,-27.942641369976474,-29.801605280195254,NULL,NULL,NULL,none,none,0,0.0,NULL,"[1.32806721, 1.36323651, 1.31630775, 1.26797224, 1.24967224, 1.25057653, 1.22382474, 1.24786851, 1.28922501, 1.25773207, 1.29362244, 1.24546476, 1.26063462, 1.24936557, 1.22895751, 1.21257633, 1.19349801, 1.18946669, 1.18648834, 1.15791865, 1.07737179, 1.10379882, 1.0373181, 0.94489017, 0.94236397, 0.97228496, 0.97387638, 0.95642791, 0.9163365, 0.95011453]",1.0959952874874024,0.14527635797942184,1,74.04,74.04,Invest,N/A,N/A,N/A,N/A,N/A,N/A,N/A,N/A,N/A,N/A,N/A
polkadot_2026-06-14,polkadot,DOT,2026-06-14T00:00:00Z,0.9799796317335552,2.4044096119091973,92180594.82059892,1654651396.728743,11,Smart Contract Platform,kucoin,-28.113748330146315,-28.113748330146315,NULL,NULL,NULL,none,none,0,0.0,NULL,"[1.36323651, 1.31630775, 1.26797224, 1.24967224, 1.25057653, 1.22382474, 1.24786851, 1.28922501, 1.25773207, 1.29362244, 1.24546476, 1.26063462, 1.24936557, 1.22895751, 1.21257633, 1.19349801, 1.18946669, 1.18648834, 1.15791865, 1.07737179, 1.10379882, 1.0373181, 0.94489017, 0.94236397, 0.97228496, 0.97387638, 0.95642791, 0.9163365, 0.95011453, 0.95697015]",1.0404344053730286,0.061689826688061444,1,68.49,68.49,Invest,N/A,N/A,N/A,N/A,N/A,N/A,N/A,N/A,N/A,N/A,N/A
polkadot_2026-06-15,polkadot,DOT,2026-06-15T00:00:00Z,0.9967165947071553,1.707888861321849,82012846.41946843,1683087237.0028343,11,Smart Contract Platform,kucoin,-24.279364572997686,-24.279364572997686,NULL,NULL,NULL,none,none,0,0.0,NULL,"[1.31630775, 1.26797224, 1.24967224, 1.25057653, 1.22382474, 1.24786851, 1.28922501, 1.25773207, 1.29362244, 1.24546476, 1.26063462, 1.24936557, 1.22895751, 1.21257633, 1.19349801, 1.18946669, 1.18648834, 1.15791865, 1.07737179, 1.10379882, 1.0373181, 0.94489017, 0.94236397, 0.97228496, 0.97387638, 0.95642791, 0.9163365, 0.95011453, 0.95697015, 0.97997963]",1.0185189947162405,0.021874221945196837,1,50.99,50.99,Invest,N/A,N/A,N/A,N/A,N/A,N/A,N/A,N/A,N/A,N/A,N/A
polkadot_2026-06-16,polkadot,DOT,2026-06-16T00:00:00Z,1.0096991757646545,1.302534855588866,136325220.39251196,1705212884.4803636,12,Smart Contract Platform,kucoin,-20.368984318409765,-21.94792377385577,NULL,NULL,NULL,none,none,0,0.0,NULL,"[1.26797224, 1.24967224, 1.25057653, 1.22382474, 1.24786851, 1.28922501, 1.25773207, 1.29362244, 1.24546476, 1.26063462, 1.24936557, 1.22895751, 1.21257633, 1.19349801, 1.18946669, 1.18648834, 1.15791865, 1.07737179, 1.10379882, 1.0373181, 0.94489017, 0.94236397, 0.97228496, 0.97387638, 0.95642791, 0.9163365, 0.95011453, 0.95697015, 0.97997963, 0.99671659]",0.999808250523993,-0.009795912959095987,0,48.72,48.72,Skip,N/A,N/A,N/A,N/A,N/A,N/A,N/A,N/A,N/A,N/A,N/A
polkadot_2026-06-17,polkadot,DOT,2026-06-17T00:00:00Z,1.0124316701609157,0.27062460402544897,90890030.0369419,1709918569.7566943,12,Smart Contract Platform,kucoin,-18.984223104469212,-21.73669565163514,NULL,NULL,NULL,none,none,0,0.0,NULL,"[1.24967224, 1.25057653, 1.22382474, 1.24786851, 1.28922501, 1.25773207, 1.29362244, 1.24546476, 1.26063462, 1.24936557, 1.22895751, 1.21257633, 1.19349801, 1.18946669, 1.18648834, 1.15791865, 1.07737179, 1.10379882, 1.0373181, 0.94489017, 0.94236397, 0.97228496, 0.97387638, 0.95642791, 0.9163365, 0.95011453, 0.95697015, 0.97997963, 0.99671659, 1.00969918]",1.003482573549288,-0.008839210462672775,0,44.37,44.37,Skip,N/A,N/A,N/A,N/A,N/A,N/A,N/A,N/A,N/A,N/A,N/A
polkadot_2026-06-18,polkadot,DOT,2026-06-18T00:00:00Z,1.0028906907484714,-0.9423825521902018,114375884.48835537,1693970376.0325692,12,Smart Contract Platform,kucoin,-19.805732374280538,-22.474235376581642,NULL,NULL,NULL,none,none,0,0.0,NULL,"[1.25057653, 1.22382474, 1.24786851, 1.28922501, 1.25773207, 1.29362244, 1.24546476, 1.26063462, 1.24936557, 1.22895751, 1.21257633, 1.19349801, 1.18946669, 1.18648834, 1.15791865, 1.07737179, 1.10379882, 1.0373181, 0.94489017, 0.94236397, 0.97228496, 0.97387638, 0.95642791, 0.9163365, 0.95011453, 0.95697015, 0.97997963, 0.99671659, 1.00969918, 1.01243167]",0.9441389981757788,-0.05858234911807314,0,49.22,49.22,Skip,N/A,N/A,N/A,N/A,N/A,N/A,N/A,N/A,N/A,N/A,N/A
polkadot_2026-06-19,polkadot,DOT,2026-06-19T00:00:00Z,0.9732750978566183,-2.95302301288195,101245905.17131992,1643947040.9969244,12,Smart Contract Platform,kucoin,-20.472673136585374,-24.763589046823885,NULL,DOT Is Repeating XRP’s June Sentiment Crash — Except for One Crucial Catch,DOT Is Repeating XRP’s June Sentiment Crash — Except for One Crucial Catch,bearish,none,1,-5.0,DOT Is Repeating XRP’s June Sentiment Crash — Except for One Crucial Catch,"[1.22382474, 1.24786851, 1.28922501, 1.25773207, 1.29362244, 1.24546476, 1.26063462, 1.24936557, 1.22895751, 1.21257633, 1.19349801, 1.18946669, 1.18648834, 1.15791865, 1.07737179, 1.10379882, 1.0373181, 0.94489017, 0.94236397, 0.97228496, 0.97387638, 0.95642791, 0.9163365, 0.95011453, 0.95697015, 0.97997963, 0.99671659, 1.00969918, 1.01243167, 1.00289069]",1.0186017172989736,0.046571231034447935,1,57.5,52.5,Invest,N/A,N/A,N/A,N/A,N/A,N/A,N/A,N/A,N/A,N/A,N/A
polkadot_2026-06-20,polkadot,DOT,2026-06-20T00:00:00Z,0.9597445929653795,-1.3902035427636128,90189235.5043765,1621441889.2259023,12,Smart Contract Platform,kucoin,-23.08928479175907,-25.80952829734313,NULL,DOT Is Repeating XRP’s June Sentiment Crash — Except for One Crucial Catch,DOT Is Repeating XRP’s June Sentiment Crash — Except for One Crucial Catch,bearish,none,1,-5.0,DOT Is Repeating XRP’s June Sentiment Crash — Except for One Crucial Catch,"[1.24786851, 1.28922501, 1.25773207, 1.29362244, 1.24546476, 1.26063462, 1.24936557, 1.22895751, 1.21257633, 1.19349801, 1.18946669, 1.18648834, 1.15791865, 1.07737179, 1.10379882, 1.0373181, 0.94489017, 0.94236397, 0.97228496, 0.97387638, 0.95642791, 0.9163365, 0.95011453, 0.95697015, 0.97997963, 0.99671659, 1.00969918, 1.01243167, 1.00289069, 0.9732751]",1.0682354897336093,0.11304142535778094,1,62.04,57.04,Invest,N/A,N/A,N/A,N/A,N/A,N/A,N/A,N/A,N/A,N/A,N/A
polkadot_2026-06-21,polkadot,DOT,2026-06-21T00:00:00Z,0.9693750266498574,1.003437138908203,82328887.40622711,1637860445.541292,12,Smart Contract Platform,kucoin,-24.809476973919253,-25.065073550747496,NULL,DOT Is Repeating XRP’s June Sentiment Crash — Except for One Crucial Catch,DOT Is Repeating XRP’s June Sentiment Crash — Except for One Crucial Catch,bearish,none,1,-5.0,DOT Is Repeating XRP’s June Sentiment Crash — Except for One Crucial Catch,"[1.28922501, 1.25773207, 1.29362244, 1.24546476, 1.26063462, 1.24936557, 1.22895751, 1.21257633, 1.19349801, 1.18946669, 1.18648834, 1.15791865, 1.07737179, 1.10379882, 1.0373181, 0.94489017, 0.94236397, 0.97228496, 0.97387638, 0.95642791, 0.9163365, 0.95011453, 0.95697015, 0.97997963, 0.99671659, 1.00969918, 1.01243167, 1.00289069, 0.9732751, 0.95974459]",1.0682354897336093,0.10198371153155428,1,59.67,54.67,Invest,N/A,N/A,N/A,N/A,N/A,N/A,N/A,N/A,N/A,N/A,N/A
polkadot_2026-06-22,polkadot,DOT,2026-06-22T00:00:00Z,0.940765302913545,-2.951357622156525,62483662.444581576,1589643103.2500818,12,Smart Contract Platform,kucoin,-25.20145410451089,-27.276671214164892,NULL,DOT Is Repeating XRP’s June Sentiment Crash — Except for One Crucial Catch,DOT Is Repeating XRP’s June Sentiment Crash — Except for One Crucial Catch,bearish,none,1,-5.0,DOT Is Repeating XRP’s June Sentiment Crash — Except for One Crucial Catch,"[1.25773207, 1.29362244, 1.24546476, 1.26063462, 1.24936557, 1.22895751, 1.21257633, 1.19349801, 1.18946669, 1.18648834, 1.15791865, 1.07737179, 1.10379882, 1.0373181, 0.94489017, 0.94236397, 0.97228496, 0.97387638, 0.95642791, 0.9163365, 0.95011453, 0.95697015, 0.97997963, 0.99671659, 1.00969918, 1.01243167, 1.00289069, 0.9732751, 0.95974459, 0.96937503]",1.0682354897336093,0.13549626716173502,1,66.02,61.02,Invest,N/A,N/A,N/A,N/A,N/A,N/A,N/A,N/A,N/A,N/A,N/A
polkadot_2026-06-23,polkadot,DOT,2026-06-23T00:00:00Z,0.9348137796512085,-0.6326257190719775,83112883.16374151,1579764003.5260718,12,Smart Contract Platform,kucoin,-27.736737695829362,-27.736737695829362,NULL,DOT Is Repeating XRP’s June Sentiment Crash — Except for One Crucial Catch,DOT Is Repeating XRP’s June Sentiment Crash — Except for One Crucial Catch,bearish,none,1,-5.0,DOT Is Repeating XRP’s June Sentiment Crash — Except for One Crucial Catch,"[1.29362244, 1.24546476, 1.26063462, 1.24936557, 1.22895751, 1.21257633, 1.19349801, 1.18946669, 1.18648834, 1.15791865, 1.07737179, 1.10379882, 1.0373181, 0.94489017, 0.94236397, 0.97228496, 0.97387638, 0.95642791, 0.9163365, 0.95011453, 0.95697015, 0.97997963, 0.99671659, 1.00969918, 1.01243167, 1.00289069, 0.9732751, 0.95974459, 0.96937503, 0.9407653]",1.0682354897336093,0.14272544220751882,1,70.49,65.49,Invest,N/A,N/A,N/A,N/A,N/A,N/A,N/A,N/A,N/A,N/A,N/A
polkadot_2026-06-24,polkadot,DOT,2026-06-24T00:00:00Z,0.9092353003997339,-2.7362111907484166,86973875.03948289,1536682783.132092,12,Smart Contract Platform,kucoin,-26.99630434895638,-27.874795023385822,NULL,DOT Is Repeating XRP’s June Sentiment Crash — Except for One Crucial Catch,DOT Is Repeating XRP’s June Sentiment Crash — Except for One Crucial Catch,bearish,none,1,-5.0,DOT Is Repeating XRP’s June Sentiment Crash — Except for One Crucial Catch,"[1.24546476, 1.26063462, 1.24936557, 1.22895751, 1.21257633, 1.19349801, 1.18946669, 1.18648834, 1.15791865, 1.07737179, 1.10379882, 1.0373181, 0.94489017, 0.94236397, 0.97228496, 0.97387638, 0.95642791, 0.9163365, 0.95011453, 0.95697015, 0.97997963, 0.99671659, 1.00969918, 1.01243167, 1.00289069, 0.9732751, 0.95974459, 0.96937503, 0.9407653, 0.93481378]",1.0682354897336093,0.1748724332018048,1,70.38,65.38,Invest,N/A,N/A,N/A,N/A,N/A,N/A,N/A,N/A,N/A,N/A,N/A
polkadot_2026-06-25,polkadot,DOT,2026-06-25T00:00:00Z,0.8865043738109598,-2.500004847895887,103586006.64226934,1498403319.110363,12,Smart Contract Platform,kucoin,-29.677928644356022,-29.677928644356022,NULL,DOT Is Repeating XRP’s June Sentiment Crash — Except for One Crucial Catch,DOT Is Repeating XRP’s June Sentiment Crash — Except for One Crucial Catch,bearish,none,1,-5.0,DOT Is Repeating XRP’s June Sentiment Crash — Except for One Crucial Catch,"[1.26063462, 1.24936557, 1.22895751, 1.21257633, 1.19349801, 1.18946669, 1.18648834, 1.15791865, 1.07737179, 1.10379882, 1.0373181, 0.94489017, 0.94236397, 0.97228496, 0.97387638, 0.95642791, 0.9163365, 0.95011453, 0.95697015, 0.97997963, 0.99671659, 1.00969918, 1.01243167, 1.00289069, 0.9732751, 0.95974459, 0.96937503, 0.9407653, 0.93481378, 0.9092353]",1.0682354897336093,0.2049974273013595,1,77.74,72.74,Invest,N/A,N/A,N/A,N/A,N/A,N/A,N/A,N/A,N/A,N/A,N/A
polkadot_2026-06-26,polkadot,DOT,2026-06-26T00:00:00Z,0.8428751530380085,-4.921489623947972,89044920.95178244,1424787555.295228,12,Smart Contract Platform,kucoin,-32.53574641755793,-32.53574641755793,NULL,DOT Is Repeating XRP’s June Sentiment Crash — Except for One Crucial Catch,DOT Is Repeating XRP’s June Sentiment Crash — Except for One Crucial Catch,bearish,none,1,-5.0,DOT Is Repeating XRP’s June Sentiment Crash — Except for One Crucial Catch,"[1.24936557, 1.22895751, 1.21257633, 1.19349801, 1.18946669, 1.18648834, 1.15791865, 1.07737179, 1.10379882, 1.0373181, 0.94489017, 0.94236397, 0.97228496, 0.97387638, 0.95642791, 0.9163365, 0.95011453, 0.95697015, 0.97997963, 0.99671659, 1.00969918, 1.01243167, 1.00289069, 0.9732751, 0.95974459, 0.96937503, 0.9407653, 0.93481378, 0.9092353, 0.88650437]",1.0682354897336093,0.2673709574701846,1,84.59,79.59,Invest,N/A,N/A,N/A,N/A,N/A,N/A,N/A,N/A,N/A,N/A,N/A
polkadot_2026-09-26,polkadot,DOT,2026-09-26T00:00:00Z,1.0682354897336093,26.737095747018458,273151643.3028815,1819426887.0145087,13,Smart Contract Platform,kucoin,21.981301892032356,-14.371989005092756,NULL,NULL,NULL,none,none,0,0.0,NULL,"[0.87573708, 0.88160384, 0.84869327, 0.8454717, 0.81946983, 0.83970807, 0.87166444, 0.86715029, 0.88843138, 0.89972554, 0.91533345, 0.97919519, 1.06194124, 1.24753043, 1.12236934, 1.09599529, 1.04043441, 1.01851899, 0.99980825, 1.00348257, 0.944139, 1.01860172, 1.06823549]",1.0682354897336093,0.0,0,14.25,14.25,Skip,0,0,-999,0,-999,0,0,-999,0.0,0.0,N/A
litecoin_2026-05-24,litecoin,LTC,2026-05-24T00:00:00Z,53.44590735800898,1.5337891751558308,247474107.63097015,4124408751.4968233,8,Layer 1 (L1),binance,-4.945136776136705,-11.478835848080527,NULL,NULL,NULL,none,none,0,0.0,NULL,"[56.22637869, 56.52879992, 56.05727028, 56.28142997, 55.56215187, 55.69887826, 55.30424652, 55.16034063, 55.385569, 55.36395334, 55.23477623, 54.9584287, 56.36661926, 56.73804201, 56.43467554, 58.31874909, 57.99236693, 60.37641718, 58.49464725, 58.04104269, 56.97910804, 58.17945445, 57.49115879, 56.14506029, 54.58666899, 54.3328344, 54.4214537, 53.91769469, 54.12004941, 52.63854308]",53.12964707139583,-0.005917390165998571,0,30.1,30.1,Skip,N/A,N/A,N/A,N/A,N/A,N/A,N/A,N/A,N/A,N/A,N/A
litecoin_2026-05-25,litecoin,LTC,2026-05-25T00:00:00Z,52.738373418841206,-1.323831840721379,194979752.7137099,4071529104.635799,8,Layer 1 (L1),binance,-6.705301564740651,-12.650707204900868,NULL,NULL,NULL,none,none,0,0.0,NULL,"[56.52879992, 56.05727028, 56.28142997, 55.56215187, 55.69887826, 55.30424652, 55.16034063, 55.385569, 55.36395334, 55.23477623, 54.9584287, 56.36661926, 56.73804201, 56.43467554, 58.31874909, 57.99236693, 60.37641718, 58.49464725, 58.04104269, 56.97910804, 58.17945445, 57.49115879, 56.14506029, 54.58666899, 54.3328344, 54.4214537, 53.91769469, 54.12004941, 52.63854308, 53.44590736]",52.4803403945817,-0.00489269970862094,0,33.44,33.44,Skip,N/A,N/A,N/A,N/A,N/A,N/A,N/A,N/A,N/A,N/A,N/A
litecoin_2026-05-26,litecoin,LTC,2026-05-26T00:00:00Z,52.67078823839385,-0.12815181065711778,208146973.53182068,4066311366.3667765,8,Layer 1 (L1),binance,-6.041111217236372,-12.76264690521398,NULL,NULL,NULL,none,none,0,0.0,NULL,"[56.05727028, 56.28142997, 55.56215187, 55.69887826, 55.30424652, 55.16034063, 55.385569, 55.36395334, 55.23477623, 54.9584287, 56.36661926, 56.73804201, 56.43467554, 58.31874909, 57.99236693, 60.37641718, 58.49464725, 58.04104269, 56.97910804, 58.17945445, 57.49115879, 56.14506029, 54.58666899, 54.3328344, 54.4214537, 53.91769469, 54.12004941, 52.63854308, 53.44590736, 52.73837342]",52.303800152014205,-0.006967582955444196,0,33.88,33.88,Skip,N/A,N/A,N/A,N/A,N/A,N/A,N/A,N/A,N/A,N/A,N/A
litecoin_2026-05-27,litecoin,LTC,2026-05-27T00:00:00Z,51.9050480228278,-1.4538233453052274,211240628.20066372,4007194382.4297366,8,Layer 1 (L1),binance,-7.77588976322956,-14.030923910332337,NULL,NULL,NULL,none,none,0,0.0,NULL,"[56.28142997, 55.56215187, 55.69887826, 55.30424652, 55.16034063, 55.385569, 55.36395334, 55.23477623, 54.9584287, 56.36661926, 56.73804201, 56.43467554, 58.31874909, 57.99236693, 60.37641718, 58.49464725, 58.04104269, 56.97910804, 58.17945445, 57.49115879, 56.14506029, 54.58666899, 54.3328344, 54.4214537, 53.91769469, 54.12004941, 52.63854308, 53.44590736, 52.73837342, 52.67078824]",51.64145592639332,-0.005078351845827278,0,39.38,39.38,Skip,N/A,N/A,N/A,N/A,N/A,N/A,N/A,N/A,N/A,N/A,N/A
litecoin_2026-05-28,litecoin,LTC,2026-05-28T00:00:00Z,51.90542240363062,0.0007212801395706236,238831571.40579978,4007223285.5269704,8,Layer 1 (L1),binance,-6.581331618542496,-14.030303832460334,NULL,NULL,NULL,none,none,0,0.0,NULL,"[55.56215187, 55.69887826, 55.30424652, 55.16034063, 55.385569, 55.36395334, 55.23477623, 54.9584287, 56.36661926, 56.73804201, 56.43467554, 58.31874909, 57.99236693, 60.37641718, 58.49464725, 58.04104269, 56.97910804, 58.17945445, 57.49115879, 56.14506029, 54.58666899, 54.3328344, 54.4214537, 53.91769469, 54.12004941, 52.63854308, 53.44590736, 52.73837342, 52.67078824, 51.90504802]",49.929059383530074,-0.03807623420789852,0,39.52,39.52,Skip,N/A,N/A,N/A,N/A,N/A,N/A,N/A,N/A,N/A,N/A,N/A
litecoin_2026-05-29,litecoin,LTC,2026-05-29T00:00:00Z,51.608194484860775,-0.5726336575368141,284652588.4529644,3984276576.2613907,8,Layer 1 (L1),binance,-7.344283955097075,-14.522595247997804,NULL,NULL,NULL,none,none,0,0.0,NULL,"[55.69887826, 55.30424652, 55.16034063, 55.385569, 55.36395334, 55.23477623, 54.9584287, 56.36661926, 56.73804201, 56.43467554, 58.31874909, 57.99236693, 60.37641718, 58.49464725, 58.04104269, 56.97910804, 58.17945445, 57.49115879, 56.14506029, 54.58666899, 54.3328344, 54.4214537, 53.91769469, 54.12004941, 52.63854308, 53.44590736, 52.73837342, 52.67078824, 51.90504802, 51.9054224]",50.50348285814233,-0.021405740653114957,0,42.92,42.92,Skip,N/A,N/A,N/A,N/A,N/A,N/A,N/A,N/A,N/A,N/A,N/A
litecoin_2026-05-30,litecoin,LTC,2026-05-30T00:00:00Z,51.84778981290569,0.46425830323360007,239652256.21637028,4002773911.0904756,8,Layer 1 (L1),binance,-6.249893865361733,-14.125759299048035,NULL,NULL,NULL,none,none,0,0.0,NULL,"[55.30424652, 55.16034063, 55.385569, 55.36395334, 55.23477623, 54.9584287, 56.36661926, 56.73804201, 56.43467554, 58.31874909, 57.99236693, 60.37641718, 58.49464725, 58.04104269, 56.97910804, 58.17945445, 57.49115879, 56.14506029, 54.58666899, 54.3328344, 54.4214537, 53.91769469, 54.12004941, 52.63854308, 53.44590736, 52.73837342, 52.67078824, 51.90504802, 51.9054224, 51.60819448]",49.923503836310026,-0.03711413704498312,0,39.71,39.71,Skip,N/A,N/A,N/A,N/A,N/A,N/A,N/A,N/A,N/A,N/A,N/A
litecoin_2026-05-31,litecoin,LTC,2026-05-31T00:00:00Z,52.39718404629932,1.0596290321653878,256205099.37691006,4045188465.544332,8,Layer 1 (L1),binance,-5.009317484860976,-13.215810913429172,NULL,NULL,NULL,none,none,0,0.0,NULL,"[55.16034063, 55.385569, 55.36395334, 55.23477623, 54.9584287, 56.36661926, 56.73804201, 56.43467554, 58.31874909, 57.99236693, 60.37641718, 58.49464725, 58.04104269, 56.97910804, 58.17945445, 57.49115879, 56.14506029, 54.58666899, 54.3328344, 54.4214537, 53.91769469, 54.12004941, 52.63854308, 53.44590736, 52.73837342, 52.67078824, 51.90504802, 51.9054224, 51.60819448, 51.84778981]",49.31264092011042,-0.05886849040328834,0,36.21,36.21,Skip,N/A,N/A,N/A,N/A,N/A,N/A,N/A,N/A,N/A,N/A,N/A
litecoin_2026-06-01,litecoin,LTC,2026-06-01T00:00:00Z,52.01915632772571,-0.7214657151032755,246543148.4568065,4016003817.6541176,8,Layer 1 (L1),binance,-6.078140450940306,-13.84192908381917,NULL,NULL,NULL,none,none,0,0.0,NULL,"[55.385569, 55.36395334, 55.23477623, 54.9584287, 56.36661926, 56.73804201, 56.43467554, 58.31874909, 57.99236693, 60.37641718, 58.49464725, 58.04104269, 56.97910804, 58.17945445, 57.49115879, 56.14506029, 54.58666899, 54.3328344, 54.4214537, 53.91769469, 54.12004941, 52.63854308, 53.44590736, 52.73837342, 52.67078824, 51.90504802, 51.9054224, 51.60819448, 51.84778981, 52.39718405]",49.008418352184435,-0.05787748568187712,0,38.77,38.77,Skip,N/A,N/A,N/A,N/A,N/A,N/A,N/A,N/A,N/A,N/A,N/A
litecoin_2026-06-02,litecoin,LTC,2026-06-02T00:00:00Z,50.72063343440835,-2.4962398181480383,301910466.9241214,3915754731.2594905,8,Layer 1 (L1),binance,-8.386900909286366,-15.992641156577104,NULL,NULL,NULL,none,none,0,0.0,NULL,"[55.36395334, 55.23477623, 54.9584287, 56.36661926, 56.73804201, 56.43467554, 58.31874909, 57.99236693, 60.37641718, 58.49464725, 58.04104269, 56.97910804, 58.17945445, 57.49115879, 56.14506029, 54.58666899, 54.3328344, 54.4214537, 53.91769469, 54.12004941, 52.63854308, 53.44590736, 52.73837342, 52.67078824, 51.90504802, 51.9054224, 51.60819448, 51.84778981, 52.39718405, 52.01915633]",47.88468407932796,-0.0559131296880947,0,49.46,49.46,Skip,N/A,N/A,N/A,N/A,N/A,N/A,N/A,N/A,N/A,N/A,N/A
litecoin_2026-06-03,litecoin,LTC,2026-06-03T00:00:00Z,46.874045356659906,-7.583872316426865,399829061.889892,3618788892.2163267,8,Layer 1 (L1),binance,-15.136715387365406,-22.363651987664824,NULL,NULL,NULL,none,none,0,0.0,NULL,"[55.23477623, 54.9584287, 56.36661926, 56.73804201, 56.43467554, 58.31874909, 57.99236693, 60.37641718, 58.49464725, 58.04104269, 56.97910804, 58.17945445, 57.49115879, 56.14506029, 54.58666899, 54.3328344, 54.4214537, 53.91769469, 54.12004941, 52.63854308, 53.44590736, 52.73837342, 52.67078824, 51.90504802, 51.9054224, 51.60819448, 51.84778981, 52.39718405, 52.01915633, 50.72063343]",48.52601430846274,0.03524272204869816,1,76.39,76.39,Invest,N/A,N/A,N/A,N/A,N/A,N/A,N/A,N/A,N/A,N/A,N/A
litecoin_2026-06-04,litecoin,LTC,2026-06-04T00:00:00Z,47.08313569803821,0.4460684794481917,359217817.5424276,3634931168.802276,9,Layer 1 (L1),binance,-14.329545421432277,-22.017340710587096,NULL,NULL,NULL,none,none,0,0.0,NULL,"[54.9584287, 56.36661926, 56.73804201, 56.43467554, 58.31874909, 57.99236693, 60.37641718, 58.49464725, 58.04104269, 56.97910804, 58.17945445, 57.49115879, 56.14506029, 54.58666899, 54.3328344, 54.4214537, 53.91769469, 54.12004941, 52.63854308, 53.44590736, 52.73837342, 52.67078824, 51.90504802, 51.9054224, 51.60819448, 51.84778981, 52.39718405, 52.01915633, 50.72063343, 46.87404536]",49.539966843004926,0.0521807035266999,1,78.7,78.7,Invest,N/A,N/A,N/A,N/A,N/A,N/A,N/A,N/A,N/A,N/A,N/A
litecoin_2026-06-05,litecoin,LTC,2026-06-05T00:00:00Z,45.58053978784529,-3.191367541511325,423406334.4051763,3518927155.324842,8,Layer 1 (L1),binance,-19.1355799142939,-24.506053987156783,NULL,NULL,NULL,none,none,0,0.0,NULL,"[56.36661926, 56.73804201, 56.43467554, 58.31874909, 57.99236693, 60.37641718, 58.49464725, 58.04104269, 56.97910804, 58.17945445, 57.49115879, 56.14506029, 54.58666899, 54.3328344, 54.4214537, 53.91769469, 54.12004941, 52.63854308, 53.44590736, 52.73837342, 52.67078824, 51.90504802, 51.9054224, 51.60819448, 51.84778981, 52.39718405, 52.01915633, 50.72063343, 46.87404536, 47.0831357]",49.658758294159206,0.08947279969250022,1,83.26,83.26,Invest,N/A,N/A,N/A,N/A,N/A,N/A,N/A,N/A,N/A,N/A,N/A
litecoin_2026-06-06,litecoin,LTC,2026-06-06T00:00:00Z,43.28299791902842,-5.040620140767937,514172946.8765725,3341551404.3945856,8,Layer 1 (L1),binance,-23.714325725882812,-28.311417034940632,NULL,NULL,NULL,none,none,0,0.0,NULL,"[56.73804201, 56.43467554, 58.31874909, 57.99236693, 60.37641718, 58.49464725, 58.04104269, 56.97910804, 58.17945445, 57.49115879, 56.14506029, 54.58666899, 54.3328344, 54.4214537, 53.91769469, 54.12004941, 52.63854308, 53.44590736, 52.73837342, 52.67078824, 51.90504802, 51.9054224, 51.60819448, 51.84778981, 52.39718405, 52.01915633, 50.72063343, 46.87404536, 47.0831357, 45.58053979]",51.47841744219547,0.18934500651961805,1,91.16,91.16,Invest,N/A,N/A,N/A,N/A,N/A,N/A,N/A,N/A,N/A,N/A,N/A
litecoin_2026-06-07,litecoin,LTC,2026-06-07T00:00:00Z,41.342372320527424,-4.483574825688863,366696229.436108,3191730446.8396974,8,Layer 1 (L1),binance,-26.742960909474046,-31.525628293655107,NULL,NULL,NULL,none,none,0,0.0,NULL,"[56.43467554, 58.31874909, 57.99236693, 60.37641718, 58.49464725, 58.04104269, 56.97910804, 58.17945445, 57.49115879, 56.14506029, 54.58666899, 54.3328344, 54.4214537, 53.91769469, 54.12004941, 52.63854308, 53.44590736, 52.73837342, 52.67078824, 51.90504802, 51.9054224, 51.60819448, 51.84778981, 52.39718405, 52.01915633, 50.72063343, 46.87404536, 47.0831357, 45.58053979, 43.28299792]",50.75737057648126,0.22773241416722168,1,94.22,94.22,Invest,N/A,N/A,N/A,N/A,N/A,N/A,N/A,N/A,N/A,N/A,N/A
litecoin_2026-06-08,litecoin,LTC,2026-06-08T00:00:00Z,42.81144390742129,3.553428370061007,363743933.6110387,3305146302.033574,8,Layer 1 (L1),binance,-26.590599808962867,-29.09244054322083,NULL,NULL,NULL,none,none,0,0.0,NULL,"[58.31874909, 57.99236693, 60.37641718, 58.49464725, 58.04104269, 56.97910804, 58.17945445, 57.49115879, 56.14506029, 54.58666899, 54.3328344, 54.4214537, 53.91769469, 54.12004941, 52.63854308, 53.44590736, 52.73837342, 52.67078824, 51.90504802, 51.9054224, 51.60819448, 51.84778981, 52.39718405, 52.01915633, 50.72063343, 46.87404536, 47.0831357, 45.58053979, 43.28299792, 41.34237232]",54.68767041943571,0.277407754284029,1,91.85,91.85,Invest,N/A,N/A,N/A,N/A,N/A,N/A,N/A,N/A,N/A,N/A,N/A
litecoin_2026-06-09,litecoin,LTC,2026-06-09T00:00:00Z,43.003871565866774,0.44947715115986053,307861445.328875,3320002179.4736204,8,Layer 1 (L1),binance,-25.845634791831394,-28.773727265017513,NULL,NULL,NULL,none,none,0,0.0,NULL,"[57.99236693, 60.37641718, 58.49464725, 58.04104269, 56.97910804, 58.17945445, 57.49115879, 56.14506029, 54.58666899, 54.3328344, 54.4214537, 53.91769469, 54.12004941, 52.63854308, 53.44590736, 52.73837342, 52.67078824, 51.90504802, 51.9054224, 51.60819448, 51.84778981, 52.39718405, 52.01915633, 50.72063343, 46.87404536, 47.0831357, 45.58053979, 43.28299792, 41.34237232, 42.81144391]",54.95056554836963,0.27780508004272897,1,90.99,90.99,Invest,N/A,N/A,N/A,N/A,N/A,N/A,N/A,N/A,N/A,N/A,N/A
litecoin_2026-06-10,litecoin,LTC,2026-06-10T00:00:00Z,42.99523723491262,-0.02007803167425326,259058878.50302026,3319335588.3844395,8,Layer 1 (L1),binance,-28.788028098617634,-28.788028098617634,NULL,NULL,NULL,none,none,0,0.0,NULL,"[60.37641718, 58.49464725, 58.04104269, 56.97910804, 58.17945445, 57.49115879, 56.14506029, 54.58666899, 54.3328344, 54.4214537, 53.91769469, 54.12004941, 52.63854308, 53.44590736, 52.73837342, 52.67078824, 51.90504802, 51.9054224, 51.60819448, 51.84778981, 52.39718405, 52.01915633, 50.72063343, 46.87404536, 47.0831357, 45.58053979, 43.28299792, 41.34237232, 42.81144391, 43.00387157]",55.20228907963863,0.28391637376089984,1,91.17,91.17,Invest,N/A,N/A,N/A,N/A,N/A,N/A,N/A,N/A,N/A,N/A,N/A
litecoin_2026-06-11,litecoin,LTC,2026-06-11T00:00:00Z,41.71589889414663,-2.9755350197885444,240589183.79828465,3220567595.527756,8,Layer 1 (L1),binance,-28.68424573360092,-28.68424573360092,NULL,NULL,NULL,none,none,0,0.0,NULL,"[58.49464725, 58.04104269, 56.97910804, 58.17945445, 57.49115879, 56.14506029, 54.58666899, 54.3328344, 54.4214537, 53.91769469, 54.12004941, 52.63854308, 53.44590736, 52.73837342, 52.67078824, 51.90504802, 51.9054224, 51.60819448, 51.84778981, 52.39718405, 52.01915633, 50.72063343, 46.87404536, 47.0831357, 45.58053979, 43.28299792, 41.34237232, 42.81144391, 43.00387157, 42.99523723]",54.29394224661684,0.3015167762388813,1,90.57,90.57,Invest,N/A,N/A,N/A,N/A,N/A,N/A,N/A,N/A,N/A,N/A,N/A
litecoin_2026-06-12,litecoin,LTC,2026-06-12T00:00:00Z,42.43092478503164,1.7140368776407566,210640872.7557198,3278489399.256451,8,Layer 1 (L1),binance,-26.894964639824202,-27.06888507702887,NULL,NULL,NULL,none,none,0,0.0,NULL,"[58.04104269, 56.97910804, 58.17945445, 57.49115879, 56.14506029, 54.58666899, 54.3328344, 54.4214537, 53.91769469, 54.12004941, 52.63854308, 53.44590736, 52.73837342, 52.67078824, 51.90504802, 51.9054224, 51.60819448, 51.84778981, 52.39718405, 52.01915633, 50.72063343, 46.87404536, 47.0831357, 45.58053979, 43.28299792, 41.34237232, 42.81144391, 43.00387157, 42.99523723, 41.71589889]",53.18605113306241,0.25347376712903635,1,87.41,87.41,Invest,N/A,N/A,N/A,N/A,N/A,N/A,N/A,N/A,N/A,N/A,N/A
litecoin_2026-06-13,litecoin,LTC,2026-06-13T00:00:00Z,43.05617241437527,1.4735658779800875,223462080.14406878,3326800100.3570886,8,Layer 1 (L1),binance,-24.43515896179065,-25.994197053093515,NULL,NULL,NULL,none,none,0,0.0,NULL,"[56.97910804, 58.17945445, 57.49115879, 56.14506029, 54.58666899, 54.3328344, 54.4214537, 53.91769469, 54.12004941, 52.63854308, 53.44590736, 52.73837342, 52.67078824, 51.90504802, 51.9054224, 51.60819448, 51.84778981, 52.39718405, 52.01915633, 50.72063343, 46.87404536, 47.0831357, 45.58053979, 43.28299792, 41.34237232, 42.81144391, 43.00387157, 42.99523723, 41.71589889, 42.43092479]",52.10780988571986,0.21022856802576584,1,85.02,85.02,Invest,N/A,N/A,N/A,N/A,N/A,N/A,N/A,N/A,N/A,N/A,N/A
litecoin_2026-06-14,litecoin,LTC,2026-06-14T00:00:00Z,44.31554881439211,2.9249613456034274,179037999.66999814,3424107717.3380294,8,Layer 1 (L1),binance,-23.829555923393052,-23.829555923393052,NULL,NULL,NULL,none,none,0,0.0,NULL,"[58.17945445, 57.49115879, 56.14506029, 54.58666899, 54.3328344, 54.4214537, 53.91769469, 54.12004941, 52.63854308, 53.44590736, 52.73837342, 52.67078824, 51.90504802, 51.9054224, 51.60819448, 51.84778981, 52.39718405, 52.01915633, 50.72063343, 46.87404536, 47.0831357, 45.58053979, 43.28299792, 41.34237232, 42.81144391, 43.00387157, 42.99523723, 41.71589889, 42.43092479, 43.05617241]",53.27593823801227,0.20219515865975568,1,79.19,79.19,Invest,N/A,N/A,N/A,N/A,N/A,N/A,N/A,N/A,N/A,N/A,N/A
litecoin_2026-06-15,litecoin,LTC,2026-06-15T00:00:00Z,45.37772317190122,2.396843514130542,211544014.9508939,3506178221.0778894,8,Layer 1 (L1),binance,-21.0700842901523,-21.0700842901523,NULL,NULL,NULL,none,none,0,0.0,NULL,"[57.49115879, 56.14506029, 54.58666899, 54.3328344, 54.4214537, 53.91769469, 54.12004941, 52.63854308, 53.44590736, 52.73837342, 52.67078824, 51.90504802, 51.9054224, 51.60819448, 51.84778981, 52.39718405, 52.01915633, 50.72063343, 46.87404536, 47.0831357, 45.58053979, 43.28299792, 41.34237232, 42.81144391, 43.00387157, 42.99523723, 41.71589889, 42.43092479, 43.05617241, 44.31554881]",53.65584712276986,0.1824270450835359,1,70.88,70.88,Invest,N/A,N/A,N/A,N/A,N/A,N/A,N/A,N/A,N/A,N/A,N/A
litecoin_2026-06-16,litecoin,LTC,2026-06-16T00:00:00Z,45.74040988185491,0.7992615860865193,290392108.74560523,3534201756.7386966,8,Layer 1 (L1),binance,-18.531728982387197,-18.531728982387197,NULL,NULL,NULL,none,none,0,0.0,NULL,"[56.14506029, 54.58666899, 54.3328344, 54.4214537, 53.91769469, 54.12004941, 52.63854308, 53.44590736, 52.73837342, 52.67078824, 51.90504802, 51.9054224, 51.60819448, 51.84778981, 52.39718405, 52.01915633, 50.72063343, 46.87404536, 47.0831357, 45.58053979, 43.28299792, 41.34237232, 42.81144391, 43.00387157, 42.99523723, 41.71589889, 42.43092479, 43.05617241, 44.31554881, 45.37772317]",53.763873271867766,0.17541301905114204,1,62.44,62.44,Invest,N/A,N/A,N/A,N/A,N/A,N/A,N/A,N/A,N/A,N/A,N/A
litecoin_2026-06-17,litecoin,LTC,2026-06-17T00:00:00Z,45.650263086920475,-0.19708348737424997,235991457.66067594,3528112343.0886545,8,Layer 1 (L1),binance,-16.371040898575995,-16.371040898575995,NULL,NULL,NULL,none,none,0,0.0,NULL,"[54.58666899, 54.3328344, 54.4214537, 53.91769469, 54.12004941, 52.63854308, 53.44590736, 52.73837342, 52.67078824, 51.90504802, 51.9054224, 51.60819448, 51.84778981, 52.39718405, 52.01915633, 50.72063343, 46.87404536, 47.0831357, 45.58053979, 43.28299792, 41.34237232, 42.81144391, 43.00387157, 42.99523723, 41.71589889, 42.43092479, 43.05617241, 44.31554881, 45.37772317, 45.74040988]",53.13126064300498,0.16387632951512887,1,51.11,51.11,Invest,N/A,N/A,N/A,N/A,N/A,N/A,N/A,N/A,N/A,N/A,N/A
litecoin_2026-06-18,litecoin,LTC,2026-06-18T00:00:00Z,44.87319417830693,-1.7022221912148972,205398294.3644198,3468056031.853607,8,Layer 1 (L1),binance,-17.410540660881257,-17.545028428312815,NULL,Exclusive: Lite Strategy leads $1m investment in Litecoin Layer 2 platform LitVM,Exclusive: Lite Strategy leads $1m investment in Litecoin Layer 2 platform LitVM,neutral,none,1,0.0,Exclusive: Lite Strategy leads $1m investment in Litecoin Layer 2 platform LitVM,"[54.3328344, 54.4214537, 53.91769469, 54.12004941, 52.63854308, 53.44590736, 52.73837342, 52.67078824, 51.90504802, 51.9054224, 51.60819448, 51.84778981, 52.39718405, 52.01915633, 50.72063343, 46.87404536, 47.0831357, 45.58053979, 43.28299792, 41.34237232, 42.81144391, 43.00387157, 42.99523723, 41.71589889, 42.43092479, 43.05617241, 44.31554881, 45.37772317, 45.74040988, 45.65026309]",51.234578026091576,0.14176356206128804,1,55.11,55.11,Invest,N/A,N/A,N/A,N/A,N/A,N/A,N/A,N/A,N/A,N/A,N/A
litecoin_2026-06-19,litecoin,LTC,2026-06-19T00:00:00Z,43.798720637266605,-2.394466363974057,199691074.1117005,3385014596.687099,8,Layer 1 (L1),binance,-19.519384988021237,-19.519384988021237,NULL,Exclusive: Lite Strategy leads $1m investment in Litecoin Layer 2 platform LitVM,Exclusive: Lite Strategy leads $1m investment in Litecoin Layer 2 platform LitVM,neutral,none,1,0.0,Exclusive: Lite Strategy leads $1m investment in Litecoin Layer 2 platform LitVM,"[54.4214537, 53.91769469, 54.12004941, 52.63854308, 53.44590736, 52.73837342, 52.67078824, 51.90504802, 51.9054224, 51.60819448, 51.84778981, 52.39718405, 52.01915633, 50.72063343, 46.87404536, 47.0831357, 45.58053979, 43.28299792, 41.34237232, 42.81144391, 43.00387157, 42.99523723, 41.71589889, 42.43092479, 43.05617241, 44.31554881, 45.37772317, 45.74040988, 45.65026309, 44.87319418]",51.65523757667336,0.17937777234346775,1,63.3,63.3,Invest,N/A,N/A,N/A,N/A,N/A,N/A,N/A,N/A,N/A,N/A,N/A
litecoin_2026-06-20,litecoin,LTC,2026-06-20T00:00:00Z,44.01646374843501,0.49714491199803756,189603778.61625823,3401843024.52492,8,Layer 1 (L1),binance,-18.363602151750534,-18.66884042522161,NULL,Exclusive: Lite Strategy leads $1m investment in Litecoin Layer 2 platform LitVM,Exclusive: Lite Strategy leads $1m investment in Litecoin Layer 2 platform LitVM,neutral,none,1,0.0,Exclusive: Lite Strategy leads $1m investment in Litecoin Layer 2 platform LitVM,"[53.91769469, 54.12004941, 52.63854308, 53.44590736, 52.73837342, 52.67078824, 51.90504802, 51.9054224, 51.60819448, 51.84778981, 52.39718405, 52.01915633, 50.72063343, 46.87404536, 47.0831357, 45.58053979, 43.28299792, 41.34237232, 42.81144391, 43.00387157, 42.99523723, 41.71589889, 42.43092479, 43.05617241, 44.31554881, 45.37772317, 45.74040988, 45.65026309, 44.87319418, 43.79872064]",53.74135445786196,0.22093757383616985,1,59.14,59.14,Invest,N/A,N/A,N/A,N/A,N/A,N/A,N/A,N/A,N/A,N/A,N/A
litecoin_2026-06-21,litecoin,LTC,2026-06-21T00:00:00Z,44.512361868251894,1.1266196272628148,172655203.3091115,3440168855.727888,8,Layer 1 (L1),binance,-17.75254761837173,-17.75254761837173,NULL,Exclusive: Lite Strategy leads $1m investment in Litecoin Layer 2 platform LitVM,Exclusive: Lite Strategy leads $1m investment in Litecoin Layer 2 platform LitVM,neutral,none,1,0.0,Exclusive: Lite Strategy leads $1m investment in Litecoin Layer 2 platform LitVM,"[54.12004941, 52.63854308, 53.44590736, 52.73837342, 52.67078824, 51.90504802, 51.9054224, 51.60819448, 51.84778981, 52.39718405, 52.01915633, 50.72063343, 46.87404536, 47.0831357, 45.58053979, 43.28299792, 41.34237232, 42.81144391, 43.00387157, 42.99523723, 41.71589889, 42.43092479, 43.05617241, 44.31554881, 45.37772317, 45.74040988, 45.65026309, 44.87319418, 43.79872064, 44.01646375]",53.74135445786196,0.20733549518055505,1,54.77,54.77,Invest,N/A,N/A,N/A,N/A,N/A,N/A,N/A,N/A,N/A,N/A,N/A
litecoin_2026-06-22,litecoin,LTC,2026-06-22T00:00:00Z,44.42898826254271,-0.18730438514126257,193362589.79306355,3433725268.6048455,8,Layer 1 (L1),binance,-15.596090505169524,-16.871112384838327,NULL,Exclusive: Lite Strategy leads $1m investment in Litecoin Layer 2 platform LitVM,Exclusive: Lite Strategy leads $1m investment in Litecoin Layer 2 platform LitVM,neutral,none,1,0.0,Exclusive: Lite Strategy leads $1m investment in Litecoin Layer 2 platform LitVM,"[52.63854308, 53.44590736, 52.73837342, 52.67078824, 51.90504802, 51.9054224, 51.60819448, 51.84778981, 52.39718405, 52.01915633, 50.72063343, 46.87404536, 47.0831357, 45.58053979, 43.28299792, 41.34237232, 42.81144391, 43.00387157, 42.99523723, 41.71589889, 42.43092479, 43.05617241, 44.31554881, 45.37772317, 45.74040988, 45.65026309, 44.87319418, 43.79872064, 44.01646375, 44.51236187]",53.74135445786196,0.20960113114190215,1,50.64,50.64,Invest,N/A,N/A,N/A,N/A,N/A,N/A,N/A,N/A,N/A,N/A,N/A
litecoin_2026-06-23,litecoin,LTC,2026-06-23T00:00:00Z,44.49900187736994,0.15758543591744,193168475.11011368,3440137268.961063,8,Layer 1 (L1),binance,-16.740113364916663,-16.740113364916663,NULL,Can LitVM Bring Smart Contracts to Litecoin Without Changing Its Identity? | Exclusive: Lite Strategy leads $1m investment in Litecoin Layer 2 platform LitVM,Can LitVM Bring Smart Contracts to Litecoin Without Changing Its Identity? | Exclusive: Lite Strategy leads $1m investment in Litecoin Layer 2 platform LitVM,neutral,none,2,0.0,Can LitVM Bring Smart Contracts to Litecoin Without Changing Its Identity? | Exclusive: Lite Strategy leads $1m investment in Litecoin Layer 2 platform LitVM,"[53.44590736, 52.73837342, 52.67078824, 51.90504802, 51.9054224, 51.60819448, 51.84778981, 52.39718405, 52.01915633, 50.72063343, 46.87404536, 47.0831357, 45.58053979, 43.28299792, 41.34237232, 42.81144391, 43.00387157, 42.99523723, 41.71589889, 42.43092479, 43.05617241, 44.31554881, 45.37772317, 45.74040988, 45.65026309, 44.87319418, 43.79872064, 44.01646375, 44.51236187, 44.42898826]",53.74135445786196,0.2076979750233956,1,50.79,50.79,Invest,N/A,N/A,N/A,N/A,N/A,N/A,N/A,N/A,N/A,N/A,N/A
litecoin_2026-06-24,litecoin,LTC,2026-06-24T00:00:00Z,42.1221765443134,-5.34130032760417,223867254.19321615,3256389205.7440124,8,Layer 1 (L1),binance,-20.129928525127937,-20.129928525127937,NULL,Can LitVM Bring Smart Contracts to Litecoin Without Changing Its Identity? | Exclusive: Lite Strategy leads $1m investment in Litecoin Layer 2 platform LitVM,Can LitVM Bring Smart Contracts to Litecoin Without Changing Its Identity? | Exclusive: Lite Strategy leads $1m investment in Litecoin Layer 2 platform LitVM,neutral,none,2,0.0,Can LitVM Bring Smart Contracts to Litecoin Without Changing Its Identity? | Exclusive: Lite Strategy leads $1m investment in Litecoin Layer 2 platform LitVM,"[52.73837342, 52.67078824, 51.90504802, 51.9054224, 51.60819448, 51.84778981, 52.39718405, 52.01915633, 50.72063343, 46.87404536, 47.0831357, 45.58053979, 43.28299792, 41.34237232, 42.81144391, 43.00387157, 42.99523723, 41.71589889, 42.43092479, 43.05617241, 44.31554881, 45.37772317, 45.74040988, 45.65026309, 44.87319418, 43.79872064, 44.01646375, 44.51236187, 44.42898826, 44.49900188]",53.74135445786196,0.275844670593528,1,65.68,65.68,Invest,N/A,N/A,N/A,N/A,N/A,N/A,N/A,N/A,N/A,N/A,N/A
litecoin_2026-06-25,litecoin,LTC,2026-06-25T00:00:00Z,41.07414436964152,-2.4880769719231477,269389706.19341916,3175565918.546288,8,Layer 1 (L1),binance,-22.017221037711877,-22.017221037711877,NULL,Can LitVM Bring Smart Contracts to Litecoin Without Changing Its Identity? | Exclusive: Lite Strategy leads $1m investment in Litecoin Layer 2 platform LitVM,Can LitVM Bring Smart Contracts to Litecoin Without Changing Its Identity? | Exclusive: Lite Strategy leads $1m investment in Litecoin Layer 2 platform LitVM,neutral,none,2,0.0,Can LitVM Bring Smart Contracts to Litecoin Without Changing Its Identity? | Exclusive: Lite Strategy leads $1m investment in Litecoin Layer 2 platform LitVM,"[52.67078824, 51.90504802, 51.9054224, 51.60819448, 51.84778981, 52.39718405, 52.01915633, 50.72063343, 46.87404536, 47.0831357, 45.58053979, 43.28299792, 41.34237232, 42.81144391, 43.00387157, 42.99523723, 41.71589889, 42.43092479, 43.05617241, 44.31554881, 45.37772317, 45.74040988, 45.65026309, 44.87319418, 43.79872064, 44.01646375, 44.51236187, 44.42898826, 44.49900188, 42.12217654]",53.74135445786196,0.30839863575059523,1,73.63,73.63,Invest,N/A,N/A,N/A,N/A,N/A,N/A,N/A,N/A,N/A,N/A,N/A
litecoin_2026-06-26,litecoin,LTC,2026-06-26T00:00:00Z,40.86994843524531,-0.49713983706775045,256563732.9438031,3159778915.312848,8,Layer 1 (L1),binance,-21.260166415276714,-21.99972349824809,NULL,Can LitVM Bring Smart Contracts to Litecoin Without Changing Its Identity? | Exclusive: Lite Strategy leads $1m investment in Litecoin Layer 2 platform LitVM,Can LitVM Bring Smart Contracts to Litecoin Without Changing Its Identity? | Exclusive: Lite Strategy leads $1m investment in Litecoin Layer 2 platform LitVM,neutral,none,2,0.0,Can LitVM Bring Smart Contracts to Litecoin Without Changing Its Identity? | Exclusive: Lite Strategy leads $1m investment in Litecoin Layer 2 platform LitVM,"[51.90504802, 51.9054224, 51.60819448, 51.84778981, 52.39718405, 52.01915633, 50.72063343, 46.87404536, 47.0831357, 45.58053979, 43.28299792, 41.34237232, 42.81144391, 43.00387157, 42.99523723, 41.71589889, 42.43092479, 43.05617241, 44.31554881, 45.37772317, 45.74040988, 45.65026309, 44.87319418, 43.79872064, 44.01646375, 44.51236187, 44.42898826, 44.49900188, 42.12217654, 41.07414437]",53.74135445786196,0.314935704971838,1,72.87,72.87,Invest,N/A,N/A,N/A,N/A,N/A,N/A,N/A,N/A,N/A,N/A,N/A
litecoin_2026-09-26,litecoin,LTC,2026-09-26T00:00:00Z,53.74135445786196,31.493570497183796,244920805.73250982,4171277206.681046,9,Layer 1 (L1),binance,6.411184766829625,-2.6465109439013035,Litecoin ( LTC ) token has its moment as network activity booms : Crypto Daily,"What Would $1,000 in Bitcoin and Litecoin Be Worth in 2030?","Litecoin ( LTC ) token has its moment as network activity booms : Crypto Daily | What Would $1,000 in Bitcoin and Litecoin Be Worth in 2030?",neutral,agree,2,0.0,"Litecoin ( LTC ) token has its moment as network activity booms : Crypto Daily | What Would $1,000 in Bitcoin and Litecoin Be Worth in 2030?","[50.50348286, 49.92350384, 49.31264092, 49.00841835, 47.88468408, 48.52601431, 49.53996684, 49.65875829, 51.47841744, 50.75737058, 54.68767042, 54.95056555, 55.20228908, 54.29394225, 53.18605113, 52.10780989, 53.27593824, 53.65584712, 53.76387327, 53.13126064, 51.23457803, 51.65523758, 53.74135446]",53.74135445786196,0.0,0,8.97,8.97,Skip,0,0,-999,0,-999,0,0,-999,0.0,0.0,N/A
near_2026-05-24,near,NEAR,2026-05-24T00:00:00Z,2.452089791295446,16.684357039509212,1158176060.2296898,3178638665.6130805,10,Layer 1 (L1),binance,74.41681538670053,16.684357039509212,"NEAR Protocol Self Reported Market Capitalization Achieves $2 . 94 Billion ( NEAR ) | NEAR , ONDO , HYPE , WLD , Morpho Lead Crypto Gains as Trump Inks Iran Deal | Near Leads AI Token Rally With 50 % Surge as $5 Price Target Emerges | NEAR Protocol Surges 26 % Today : Why Is This AI Token Pumping ?",NULL,"NEAR Protocol Self Reported Market Capitalization Achieves $2 . 94 Billion ( NEAR ) | NEAR , ONDO , HYPE , WLD , Morpho Lead Crypto Gains as Trump Inks Iran Deal | Near Leads AI Token Rally With 50 % Surge as $5 Price Target Emerges | NEAR Protocol Surges 26 % Today : Why Is This AI Token Pumping ?",bullish,none,4,5.0,"NEAR Protocol Self Reported Market Capitalization Achieves $2 . 94 Billion ( NEAR ) | NEAR , ONDO , HYPE , WLD , Morpho Lead Crypto Gains as Trump Inks Iran Deal | Near Leads AI Token Rally With 50 % Surge as $5 Price Target Emerges | NEAR Protocol Surges 26 % Today : Why Is This AI Token Pumping ?","[1.40587924, 1.40849789, 1.40199569, 1.39473243, 1.36408952, 1.34727914, 1.32719601, 1.29651182, 1.28849293, 1.2982722, 1.2749394, 1.26233019, 1.29663516, 1.49133281, 1.46972656, 1.59718154, 1.56816792, 1.56462671, 1.5465996, 1.60636933, 1.57393082, 1.57220928, 1.54476535, 1.49706901, 1.50740932, 1.62401369, 1.60011235, 1.70106175, 1.92396005, 2.1014726]",1.9661216191688484,-0.19818530865048756,0,0.04,5.04,Skip,N/A,N/A,N/A,N/A,N/A,N/A,N/A,N/A,N/A,N/A,N/A
near_2026-05-25,near,NEAR,2026-05-25T00:00:00Z,2.394019658285933,-2.36818950169172,754260240.3149056,3103553652.87713,10,Layer 1 (L1),binance,69.96970170583148,-2.36818950169172,"NEAR Protocol Self Reported Market Capitalization Achieves $2 . 94 Billion ( NEAR ) | NEAR , ONDO , HYPE , WLD , Morpho Lead Crypto Gains as Trump Inks Iran Deal | Near Leads AI Token Rally With 50 % Surge as $5 Price Target Emerges",NULL,"NEAR Protocol Self Reported Market Capitalization Achieves $2 . 94 Billion ( NEAR ) | NEAR , ONDO , HYPE , WLD , Morpho Lead Crypto Gains as Trump Inks Iran Deal | Near Leads AI Token Rally With 50 % Surge as $5 Price Target Emerges",bullish,none,3,5.0,"NEAR Protocol Self Reported Market Capitalization Achieves $2 . 94 Billion ( NEAR ) | NEAR , ONDO , HYPE , WLD , Morpho Lead Crypto Gains as Trump Inks Iran Deal | Near Leads AI Token Rally With 50 % Surge as $5 Price Target Emerges","[1.40849789, 1.40199569, 1.39473243, 1.36408952, 1.34727914, 1.32719601, 1.29651182, 1.28849293, 1.2982722, 1.2749394, 1.26233019, 1.29663516, 1.49133281, 1.46972656, 1.59718154, 1.56816792, 1.56462671, 1.5465996, 1.60636933, 1.57393082, 1.57220928, 1.54476535, 1.49706901, 1.50740932, 1.62401369, 1.60011235, 1.70106175, 1.92396005, 2.1014726, 2.45208979]",1.8784572567196742,-0.215354289085241,0,0.87,5.87,Skip,N/A,N/A,N/A,N/A,N/A,N/A,N/A,N/A,N/A,N/A,N/A
near_2026-05-26,near,NEAR,2026-05-26T00:00:00Z,2.7599789485227064,15.286394536074631,1154081784.9432557,3578268420.1374807,10,Layer 1 (L1),binance,96.86072982736407,12.556194243792419,NEAR Protocol Self Reported Market Capitalization Achieves $2 . 94 Billion ( NEAR ),NULL,NEAR Protocol Self Reported Market Capitalization Achieves $2 . 94 Billion ( NEAR ),neutral,none,1,0.0,NEAR Protocol Self Reported Market Capitalization Achieves $2 . 94 Billion ( NEAR ),"[1.40199569, 1.39473243, 1.36408952, 1.34727914, 1.32719601, 1.29651182, 1.28849293, 1.2982722, 1.2749394, 1.26233019, 1.29663516, 1.49133281, 1.46972656, 1.59718154, 1.56816792, 1.56462671, 1.5465996, 1.60636933, 1.57393082, 1.57220928, 1.54476535, 1.49706901, 1.50740932, 1.62401369, 1.60011235, 1.70106175, 1.92396005, 2.1014726, 2.45208979, 2.39401966]",2.0141495518834596,-0.2702301033993234,0,0.05,0.05,Skip,N/A,N/A,N/A,N/A,N/A,N/A,N/A,N/A,N/A,N/A,N/A
near_2026-05-27,near,NEAR,2026-05-27T00:00:00Z,2.5506837206562967,-7.583218269778335,1167274841.5951073,3307123646.910053,10,Layer 1 (L1),binance,82.87978889944327,-7.583218269778335,NULL,NULL,NULL,none,none,0,0.0,NULL,"[1.39473243, 1.36408952, 1.34727914, 1.32719601, 1.29651182, 1.28849293, 1.2982722, 1.2749394, 1.26233019, 1.29663516, 1.49133281, 1.46972656, 1.59718154, 1.56816792, 1.56462671, 1.5465996, 1.60636933, 1.57393082, 1.57220928, 1.54476535, 1.49706901, 1.50740932, 1.62401369, 1.60011235, 1.70106175, 1.92396005, 2.1014726, 2.45208979, 2.39401966, 2.75997895]",1.9536374917234849,-0.2340730150499375,0,1.81,1.81,Skip,N/A,N/A,N/A,N/A,N/A,N/A,N/A,N/A,N/A,N/A,N/A
near_2026-05-28,near,NEAR,2026-05-28T00:00:00Z,2.4855067477145387,-2.555274588296963,859684330.4012676,3222814975.5869575,10,Layer 1 (L1),binance,82.20994423186707,-9.944720808652562,NULL,NULL,NULL,none,none,0,0.0,NULL,"[1.36408952, 1.34727914, 1.32719601, 1.29651182, 1.28849293, 1.2982722, 1.2749394, 1.26233019, 1.29663516, 1.49133281, 1.46972656, 1.59718154, 1.56816792, 1.56462671, 1.5465996, 1.60636933, 1.57393082, 1.57220928, 1.54476535, 1.49706901, 1.50740932, 1.62401369, 1.60011235, 1.70106175, 1.92396005, 2.1014726, 2.45208979, 2.39401966, 2.75997895, 2.55068372]",1.8603402087618055,-0.2515247804205655,0,2.42,2.42,Skip,N/A,N/A,N/A,N/A,N/A,N/A,N/A,N/A,N/A,N/A,N/A
near_2026-05-29,near,NEAR,2026-05-29T00:00:00Z,2.418086598306617,-2.712531336714963,676324248.2501999,3135653141.052637,10,Layer 1 (L1),binance,79.4792573755546,-12.387498477084014,NULL,NULL,NULL,none,none,0,0.0,NULL,"[1.34727914, 1.32719601, 1.29651182, 1.28849293, 1.2982722, 1.2749394, 1.26233019, 1.29663516, 1.49133281, 1.46972656, 1.59718154, 1.56816792, 1.56462671, 1.5465996, 1.60636933, 1.57393082, 1.57220928, 1.54476535, 1.49706901, 1.50740932, 1.62401369, 1.60011235, 1.70106175, 1.92396005, 2.1014726, 2.45208979, 2.39401966, 2.75997895, 2.55068372, 2.48550675]",1.900101186151192,-0.21421292873388798,0,3.48,3.48,Skip,N/A,N/A,N/A,N/A,N/A,N/A,N/A,N/A,N/A,N/A,N/A
near_2026-05-30,near,NEAR,2026-05-30T00:00:00Z,2.3778773918424463,-1.662852211013821,850655756.4798898,3083701149.640942,10,Layer 1 (L1),binance,79.16550164916858,-13.844364895782347,NULL,NULL,NULL,none,none,0,0.0,NULL,"[1.32719601, 1.29651182, 1.28849293, 1.2982722, 1.2749394, 1.26233019, 1.29663516, 1.49133281, 1.46972656, 1.59718154, 1.56816792, 1.56462671, 1.5465996, 1.60636933, 1.57393082, 1.57220928, 1.54476535, 1.49706901, 1.50740932, 1.62401369, 1.60011235, 1.70106175, 1.92396005, 2.1014726, 2.45208979, 2.39401966, 2.75997895, 2.55068372, 2.48550675, 2.4180866]",1.9277208295241706,-0.18931024949502617,0,4.61,4.61,Skip,N/A,N/A,N/A,N/A,N/A,N/A,N/A,N/A,N/A,N/A,N/A
near_2026-05-31,near,NEAR,2026-05-31T00:00:00Z,2.2522417088678686,-5.28352232985535,638073293.0075078,2920951828.445497,10,Layer 1 (L1),binance,73.71547858461633,-18.396417114942377,NULL,NULL,NULL,none,none,0,0.0,NULL,"[1.29651182, 1.28849293, 1.2982722, 1.2749394, 1.26233019, 1.29663516, 1.49133281, 1.46972656, 1.59718154, 1.56816792, 1.56462671, 1.5465996, 1.60636933, 1.57393082, 1.57220928, 1.54476535, 1.49706901, 1.50740932, 1.62401369, 1.60011235, 1.70106175, 1.92396005, 2.1014726, 2.45208979, 2.39401966, 2.75997895, 2.55068372, 2.48550675, 2.4180866, 2.37787739]",1.8238265545687031,-0.19021721896559507,0,9.24,9.24,Skip,N/A,N/A,N/A,N/A,N/A,N/A,N/A,N/A,N/A,N/A,N/A
near_2026-06-01,near,NEAR,2026-06-01T00:00:00Z,2.3211279138754355,3.058561820267225,668164397.7352628,3010537268.595205,10,Layer 1 (L1),binance,80.14285269626002,-15.900521084849883,"Top Crypto Coins to Invest in : How ZKP Offers Bigger Early Gains Than NEAR , Zcash and Hyperliquid | Toobit Boosts NEAR with 36 % APR Flash Earn Event",NULL,"Top Crypto Coins to Invest in : How ZKP Offers Bigger Early Gains Than NEAR , Zcash and Hyperliquid | Toobit Boosts NEAR with 36 % APR Flash Earn Event",neutral,none,2,0.0,"Top Crypto Coins to Invest in : How ZKP Offers Bigger Early Gains Than NEAR , Zcash and Hyperliquid | Toobit Boosts NEAR with 36 % APR Flash Earn Event","[1.28849293, 1.2982722, 1.2749394, 1.26233019, 1.29663516, 1.49133281, 1.46972656, 1.59718154, 1.56816792, 1.56462671, 1.5465996, 1.60636933, 1.57393082, 1.57220928, 1.54476535, 1.49706901, 1.50740932, 1.62401369, 1.60011235, 1.70106175, 1.92396005, 2.1014726, 2.45208979, 2.39401966, 2.75997895, 2.55068372, 2.48550675, 2.4180866, 2.37787739, 2.25224171]",1.8681154217385798,-0.19516911990450814,0,5.72,5.72,Skip,N/A,N/A,N/A,N/A,N/A,N/A,N/A,N/A,N/A,N/A,N/A
near_2026-06-02,near,NEAR,2026-06-02T00:00:00Z,2.635684840552501,13.55189969482855,1084877110.850425,3418732705.766752,10,Layer 1 (L1),binance,103.01481009663563,-4.503444058395257,"Top Crypto Coins to Invest in : How ZKP Offers Bigger Early Gains Than NEAR , Zcash and Hyperliquid | Toobit Boosts NEAR with 36 % APR Flash Earn Event",NULL,"Top Crypto Coins to Invest in : How ZKP Offers Bigger Early Gains Than NEAR , Zcash and Hyperliquid | Toobit Boosts NEAR with 36 % APR Flash Earn Event",neutral,none,2,0.0,"Top Crypto Coins to Invest in : How ZKP Offers Bigger Early Gains Than NEAR , Zcash and Hyperliquid | Toobit Boosts NEAR with 36 % APR Flash Earn Event","[1.2982722, 1.2749394, 1.26233019, 1.29663516, 1.49133281, 1.46972656, 1.59718154, 1.56816792, 1.56462671, 1.5465996, 1.60636933, 1.57393082, 1.57220928, 1.54476535, 1.49706901, 1.50740932, 1.62401369, 1.60011235, 1.70106175, 1.92396005, 2.1014726, 2.45208979, 2.39401966, 2.75997895, 2.55068372, 2.48550675, 2.4180866, 2.37787739, 2.25224171, 2.32112791]",1.818123276059755,-0.3101894247422108,0,0.7,0.7,Skip,N/A,N/A,N/A,N/A,N/A,N/A,N/A,N/A,N/A,N/A,N/A
near_2026-06-03,near,NEAR,2026-06-03T00:00:00Z,2.6231349266747634,-0.4761538134091414,1124963520.7731738,3402663005.0872283,10,Layer 1 (L1),binance,105.74585207085877,-4.958154551185601,"Top Crypto Coins to Invest in : How ZKP Offers Bigger Early Gains Than NEAR , Zcash and Hyperliquid",NULL,"Top Crypto Coins to Invest in : How ZKP Offers Bigger Early Gains Than NEAR , Zcash and Hyperliquid",neutral,none,1,0.0,"Top Crypto Coins to Invest in : How ZKP Offers Bigger Early Gains Than NEAR , Zcash and Hyperliquid","[1.2749394, 1.26233019, 1.29663516, 1.49133281, 1.46972656, 1.59718154, 1.56816792, 1.56462671, 1.5465996, 1.60636933, 1.57393082, 1.57220928, 1.54476535, 1.49706901, 1.50740932, 1.62401369, 1.60011235, 1.70106175, 1.92396005, 2.1014726, 2.45208979, 2.39401966, 2.75997895, 2.55068372, 2.48550675, 2.4180866, 2.37787739, 2.25224171, 2.32112791, 2.63568484]",1.91972951071275,-0.2681544928585471,0,0.72,0.72,Skip,N/A,N/A,N/A,N/A,N/A,N/A,N/A,N/A,N/A,N/A,N/A
near_2026-06-04,near,NEAR,2026-06-04T00:00:00Z,2.81868251817404,7.454728672579725,1305865611.4743228,3656545077.150235,8,Layer 1 (L1),binance,123.2920155748011,2.126957152436071,"Cryptos Extend Crash , Bitcoin Drops To Near $61k | Arthur Hayes Dumps HYPE , NEAR Holdings Ahead of Mega AI IPOs",NULL,"Cryptos Extend Crash , Bitcoin Drops To Near $61k | Arthur Hayes Dumps HYPE , NEAR Holdings Ahead of Mega AI IPOs",bearish,none,2,-5.0,"Cryptos Extend Crash , Bitcoin Drops To Near $61k | Arthur Hayes Dumps HYPE , NEAR Holdings Ahead of Mega AI IPOs","[1.26233019, 1.29663516, 1.49133281, 1.46972656, 1.59718154, 1.56816792, 1.56462671, 1.5465996, 1.60636933, 1.57393082, 1.57220928, 1.54476535, 1.49706901, 1.50740932, 1.62401369, 1.60011235, 1.70106175, 1.92396005, 2.1014726, 2.45208979, 2.39401966, 2.75997895, 2.55068372, 2.48550675, 2.4180866, 2.37787739, 2.25224171, 2.32112791, 2.63568484, 2.62313493]",1.8864857785414904,-0.3307207298523398,0,0.11,0.0,Skip,N/A,N/A,N/A,N/A,N/A,N/A,N/A,N/A,N/A,N/A,N/A
near_2026-06-05,near,NEAR,2026-06-05T00:00:00Z,2.1984437231916405,-22.00456386922902,1093566845.6688383,2852170497.4551554,10,Layer 1 (L1),binance,69.54990850361675,-22.00456386922902,"Cryptos Extend Crash , Bitcoin Drops To Near $61k | Arthur Hayes Dumps HYPE , NEAR Holdings Ahead of Mega AI IPOs",NULL,"Cryptos Extend Crash , Bitcoin Drops To Near $61k | Arthur Hayes Dumps HYPE , NEAR Holdings Ahead of Mega AI IPOs",bearish,none,2,-5.0,"Cryptos Extend Crash , Bitcoin Drops To Near $61k | Arthur Hayes Dumps HYPE , NEAR Holdings Ahead of Mega AI IPOs","[1.29663516, 1.49133281, 1.46972656, 1.59718154, 1.56816792, 1.56462671, 1.5465996, 1.60636933, 1.57393082, 1.57220928, 1.54476535, 1.49706901, 1.50740932, 1.62401369, 1.60011235, 1.70106175, 1.92396005, 2.1014726, 2.45208979, 2.39401966, 2.75997895, 2.55068372, 2.48550675, 2.4180866, 2.37787739, 2.25224171, 2.32112791, 2.63568484, 2.62313493, 2.81868252]",1.8860409592252032,-0.14210177894064968,0,18.69,13.69,Skip,N/A,N/A,N/A,N/A,N/A,N/A,N/A,N/A,N/A,N/A,N/A
near_2026-06-06,near,NEAR,2026-06-06T00:00:00Z,1.965348986122215,-10.602715667018526,997645291.940158,2549920694.4235806,10,Layer 1 (L1),binance,31.784735072257874,-30.274198195425704,"Cryptos Extend Crash , Bitcoin Drops To Near $61k | Arthur Hayes Dumps HYPE , NEAR Holdings Ahead of Mega AI IPOs",NULL,"Cryptos Extend Crash , Bitcoin Drops To Near $61k | Arthur Hayes Dumps HYPE , NEAR Holdings Ahead of Mega AI IPOs",bearish,none,2,-5.0,"Cryptos Extend Crash , Bitcoin Drops To Near $61k | Arthur Hayes Dumps HYPE , NEAR Holdings Ahead of Mega AI IPOs","[1.49133281, 1.46972656, 1.59718154, 1.56816792, 1.56462671, 1.5465996, 1.60636933, 1.57393082, 1.57220928, 1.54476535, 1.49706901, 1.50740932, 1.62401369, 1.60011235, 1.70106175, 1.92396005, 2.1014726, 2.45208979, 2.39401966, 2.75997895, 2.55068372, 2.48550675, 2.4180866, 2.37787739, 2.25224171, 2.32112791, 2.63568484, 2.62313493, 2.81868252, 2.19844372]",1.9542831243197905,-0.005630481853636793,0,65.22,60.22,Invest,N/A,N/A,N/A,N/A,N/A,N/A,N/A,N/A,N/A,N/A,N/A
near_2026-06-07,near,NEAR,2026-06-07T00:00:00Z,1.859483598523576,-5.386594866671468,424601052.47877854,2412718464.1137967,10,Layer 1 (L1),binance,26.51901706763613,-34.03004465617643,"Cryptos Extend Crash , Bitcoin Drops To Near $61k | Arthur Hayes Dumps HYPE , NEAR Holdings Ahead of Mega AI IPOs",NULL,"Cryptos Extend Crash , Bitcoin Drops To Near $61k | Arthur Hayes Dumps HYPE , NEAR Holdings Ahead of Mega AI IPOs",bearish,none,2,-5.0,"Cryptos Extend Crash , Bitcoin Drops To Near $61k | Arthur Hayes Dumps HYPE , NEAR Holdings Ahead of Mega AI IPOs","[1.46972656, 1.59718154, 1.56816792, 1.56462671, 1.5465996, 1.60636933, 1.57393082, 1.57220928, 1.54476535, 1.49706901, 1.50740932, 1.62401369, 1.60011235, 1.70106175, 1.92396005, 2.1014726, 2.45208979, 2.39401966, 2.75997895, 2.55068372, 2.48550675, 2.4180866, 2.37787739, 2.25224171, 2.32112791, 2.63568484, 2.62313493, 2.81868252, 2.19844372, 1.96534899]",2.1718932806854885,0.16800883987896675,1,74.72,69.72,Invest,N/A,N/A,N/A,N/A,N/A,N/A,N/A,N/A,N/A,N/A,N/A
near_2026-06-08,near,NEAR,2026-06-08T00:00:00Z,2.055810872540087,10.558161103028496,654286164.4993682,2667625091.316948,10,Layer 1 (L1),binance,28.714915967000042,-27.064830491379567,"Cryptos Extend Crash , Bitcoin Drops To Near $61k | Arthur Hayes Dumps HYPE , NEAR Holdings Ahead of Mega AI IPOs",NULL,"Cryptos Extend Crash , Bitcoin Drops To Near $61k | Arthur Hayes Dumps HYPE , NEAR Holdings Ahead of Mega AI IPOs",bearish,none,2,-5.0,"Cryptos Extend Crash , Bitcoin Drops To Near $61k | Arthur Hayes Dumps HYPE , NEAR Holdings Ahead of Mega AI IPOs","[1.59718154, 1.56816792, 1.56462671, 1.5465996, 1.60636933, 1.57393082, 1.57220928, 1.54476535, 1.49706901, 1.50740932, 1.62401369, 1.60011235, 1.70106175, 1.92396005, 2.1014726, 2.45208979, 2.39401966, 2.75997895, 2.55068372, 2.48550675, 2.4180866, 2.37787739, 2.25224171, 2.32112791, 2.63568484, 2.62313493, 2.81868252, 2.19844372, 1.96534899, 1.8594836]",2.19166557571438,0.06608326913187113,1,52.44,47.44,Skip,N/A,N/A,N/A,N/A,N/A,N/A,N/A,N/A,N/A,N/A,N/A
near_2026-06-09,near,NEAR,2026-06-09T00:00:00Z,2.1293233347880447,3.5758377985971146,591006765.2288054,2763247813.154756,10,Layer 1 (L1),binance,35.78414045420273,-24.45678713161944,NULL,NULL,NULL,none,none,0,0.0,NULL,"[1.56816792, 1.56462671, 1.5465996, 1.60636933, 1.57393082, 1.57220928, 1.54476535, 1.49706901, 1.50740932, 1.62401369, 1.60011235, 1.70106175, 1.92396005, 2.1014726, 2.45208979, 2.39401966, 2.75997895, 2.55068372, 2.48550675, 2.4180866, 2.37787739, 2.25224171, 2.32112791, 2.63568484, 2.62313493, 2.81868252, 2.19844372, 1.96534899, 1.8594836, 2.05581087]",2.436852334393612,0.1444256936376358,1,38.02,38.02,Skip,N/A,N/A,N/A,N/A,N/A,N/A,N/A,N/A,N/A,N/A,N/A
near_2026-06-10,near,NEAR,2026-06-10T00:00:00Z,2.1507565940855526,1.006576077354704,487720671.7508771,2791237816.0470257,10,Layer 1 (L1),binance,37.46132432549767,-23.69638722282118,NULL,NULL,NULL,none,none,0,0.0,NULL,"[1.56462671, 1.5465996, 1.60636933, 1.57393082, 1.57220928, 1.54476535, 1.49706901, 1.50740932, 1.62401369, 1.60011235, 1.70106175, 1.92396005, 2.1014726, 2.45208979, 2.39401966, 2.75997895, 2.55068372, 2.48550675, 2.4180866, 2.37787739, 2.25224171, 2.32112791, 2.63568484, 2.62313493, 2.81868252, 2.19844372, 1.96534899, 1.8594836, 2.05581087, 2.12932333]",2.305430039336974,0.07191582984181655,1,33.28,33.28,Skip,N/A,N/A,N/A,N/A,N/A,N/A,N/A,N/A,N/A,N/A,N/A
near_2026-06-11,near,NEAR,2026-06-11T00:00:00Z,1.9701038619384292,-8.399496839572972,458876887.1031024,2556950181.0593367,10,Layer 1 (L1),binance,27.38292814415315,-30.105506766520318,NULL,NULL,NULL,none,none,0,0.0,NULL,"[1.5465996, 1.60636933, 1.57393082, 1.57220928, 1.54476535, 1.49706901, 1.50740932, 1.62401369, 1.60011235, 1.70106175, 1.92396005, 2.1014726, 2.45208979, 2.39401966, 2.75997895, 2.55068372, 2.48550675, 2.4180866, 2.37787739, 2.25224171, 2.32112791, 2.63568484, 2.62313493, 2.81868252, 2.19844372, 1.96534899, 1.8594836, 2.05581087, 2.12932333, 2.15075659]",2.320387177080241,0.17779941550754597,1,62.07,62.07,Invest,N/A,N/A,N/A,N/A,N/A,N/A,N/A,N/A,N/A,N/A,N/A
near_2026-06-12,near,NEAR,2026-06-12T00:00:00Z,2.0626228882694524,4.69614968623997,454429939.7524512,2677197029.0118117,10,Layer 1 (L1),binance,28.402780779087024,-26.823156741837238,NULL,NULL,NULL,none,none,0,0.0,NULL,"[1.60636933, 1.57393082, 1.57220928, 1.54476535, 1.49706901, 1.50740932, 1.62401369, 1.60011235, 1.70106175, 1.92396005, 2.1014726, 2.45208979, 2.39401966, 2.75997895, 2.55068372, 2.48550675, 2.4180866, 2.37787739, 2.25224171, 2.32112791, 2.63568484, 2.62313493, 2.81868252, 2.19844372, 1.96534899, 1.8594836, 2.05581087, 2.12932333, 2.15075659, 1.97010386]",2.4848168147865453,0.2046878898310467,1,49.22,49.22,Skip,N/A,N/A,N/A,N/A,N/A,N/A,N/A,N/A,N/A,N/A,N/A
near_2026-06-13,near,NEAR,2026-06-13T00:00:00Z,2.008933388113652,-2.6029721894944124,346075500.29400945,2607673203.136305,10,Layer 1 (L1),binance,27.637972854300674,-28.727929620997127,NULL,NULL,NULL,none,none,0,0.0,NULL,"[1.57393082, 1.57220928, 1.54476535, 1.49706901, 1.50740932, 1.62401369, 1.60011235, 1.70106175, 1.92396005, 2.1014726, 2.45208979, 2.39401966, 2.75997895, 2.55068372, 2.48550675, 2.4180866, 2.37787739, 2.25224171, 2.32112791, 2.63568484, 2.62313493, 2.81868252, 2.19844372, 1.96534899, 1.8594836, 2.05581087, 2.12932333, 2.15075659, 1.97010386, 2.06262289]",2.4429785888589204,0.21605753745415512,1,55.01,55.01,Invest,N/A,N/A,N/A,N/A,N/A,N/A,N/A,N/A,N/A,N/A,N/A
near_2026-06-14,near,NEAR,2026-06-14T00:00:00Z,2.1270554014750207,5.879837234040042,281079157.78548807,2761231345.4903164,10,Layer 1 (L1),binance,35.29085638417635,-24.537247889381298,NULL,NULL,NULL,none,none,0,0.0,NULL,"[1.57220928, 1.54476535, 1.49706901, 1.50740932, 1.62401369, 1.60011235, 1.70106175, 1.92396005, 2.1014726, 2.45208979, 2.39401966, 2.75997895, 2.55068372, 2.48550675, 2.4180866, 2.37787739, 2.25224171, 2.32112791, 2.63568484, 2.62313493, 2.81868252, 2.19844372, 1.96534899, 1.8594836, 2.05581087, 2.12932333, 2.15075659, 1.97010386, 2.06262289, 2.00893339]",2.3634977407657054,0.11115946445340463,1,33.89,33.89,Skip,N/A,N/A,N/A,N/A,N/A,N/A,N/A,N/A,N/A,N/A,N/A
near_2026-06-15,near,NEAR,2026-06-15T00:00:00Z,2.2167183923442937,4.215357569299583,291757077.4500789,2877805949.3411813,10,Layer 1 (L1),binance,43.49871244844359,-21.356223056284552,NEAR Price Prediction : Analysts Eye $4 as AI Tokens Explode Higher | Bitcoin Nears $66K After Trump Announces Iran Peace Deal,NULL,NEAR Price Prediction : Analysts Eye $4 as AI Tokens Explode Higher | Bitcoin Nears $66K After Trump Announces Iran Peace Deal,neutral,none,2,0.0,NEAR Price Prediction : Analysts Eye $4 as AI Tokens Explode Higher | Bitcoin Nears $66K After Trump Announces Iran Peace Deal,"[1.54476535, 1.49706901, 1.50740932, 1.62401369, 1.60011235, 1.70106175, 1.92396005, 2.1014726, 2.45208979, 2.39401966, 2.75997895, 2.55068372, 2.48550675, 2.4180866, 2.37787739, 2.25224171, 2.32112791, 2.63568484, 2.62313493, 2.81868252, 2.19844372, 1.96534899, 1.8594836, 2.05581087, 2.12932333, 2.15075659, 1.97010386, 2.06262289, 2.00893339, 2.1270554]",2.3702719349774926,0.06927065844877478,1,20.89,20.89,Skip,N/A,N/A,N/A,N/A,N/A,N/A,N/A,N/A,N/A,N/A,N/A
near_2026-06-16,near,NEAR,2026-06-16T00:00:00Z,2.3904581564028313,7.837701200954039,585753430.0740614,3103553383.9999084,9,Layer 1 (L1),binance,59.67588230513721,-15.19235880629135,NEAR Price Prediction : Analysts Eye $4 as AI Tokens Explode Higher | Bitcoin Nears $66K After Trump Announces Iran Peace Deal,NULL,NEAR Price Prediction : Analysts Eye $4 as AI Tokens Explode Higher | Bitcoin Nears $66K After Trump Announces Iran Peace Deal,neutral,none,2,0.0,NEAR Price Prediction : Analysts Eye $4 as AI Tokens Explode Higher | Bitcoin Nears $66K After Trump Announces Iran Peace Deal,"[1.49706901, 1.50740932, 1.62401369, 1.60011235, 1.70106175, 1.92396005, 2.1014726, 2.45208979, 2.39401966, 2.75997895, 2.55068372, 2.48550675, 2.4180866, 2.37787739, 2.25224171, 2.32112791, 2.63568484, 2.62313493, 2.81868252, 2.19844372, 1.96534899, 1.8594836, 2.05581087, 2.12932333, 2.15075659, 1.97010386, 2.06262289, 2.00893339, 2.1270554, 2.21671839]",2.2993835031069256,-0.038099245975907414,0,6.36,6.36,Skip,N/A,N/A,N/A,N/A,N/A,N/A,N/A,N/A,N/A,N/A,N/A
near_2026-06-17,near,NEAR,2026-06-17T00:00:00Z,2.307692870691371,-3.462318948766119,477150817.3019479,2996283897.1458464,9,Layer 1 (L1),binance,53.089995850632654,-18.128669837342713,NEAR Price Prediction : Analysts Eye $4 as AI Tokens Explode Higher,NULL,NEAR Price Prediction : Analysts Eye $4 as AI Tokens Explode Higher,neutral,none,1,0.0,NEAR Price Prediction : Analysts Eye $4 as AI Tokens Explode Higher,"[1.50740932, 1.62401369, 1.60011235, 1.70106175, 1.92396005, 2.1014726, 2.45208979, 2.39401966, 2.75997895, 2.55068372, 2.48550675, 2.4180866, 2.37787739, 2.25224171, 2.32112791, 2.63568484, 2.62313493, 2.81868252, 2.19844372, 1.96534899, 1.8594836, 2.05581087, 2.12932333, 2.15075659, 1.97010386, 2.06262289, 2.00893339, 2.1270554, 2.21671839, 2.39045816]",2.468122510711336,0.06951949371490729,1,10.5,10.5,Skip,N/A,N/A,N/A,N/A,N/A,N/A,N/A,N/A,N/A,N/A,N/A
near_2026-06-18,near,NEAR,2026-06-18T00:00:00Z,2.1792092834018457,-5.567620757567804,408873902.9235579,2829694448.3125825,10,Layer 1 (L1),binance,34.186632421399075,-22.686955009975684,NULL,NULL,NULL,none,none,0,0.0,NULL,"[1.62401369, 1.60011235, 1.70106175, 1.92396005, 2.1014726, 2.45208979, 2.39401966, 2.75997895, 2.55068372, 2.48550675, 2.4180866, 2.37787739, 2.25224171, 2.32112791, 2.63568484, 2.62313493, 2.81868252, 2.19844372, 1.96534899, 1.8594836, 2.05581087, 2.12932333, 2.15075659, 1.97010386, 2.06262289, 2.00893339, 2.1270554, 2.21671839, 2.39045816, 2.30769287]",2.3352355734561585,0.07159766216246499,1,30.53,30.53,Skip,N/A,N/A,N/A,N/A,N/A,N/A,N/A,N/A,N/A,N/A,N/A
near_2026-06-19,near,NEAR,2026-06-19T00:00:00Z,2.235126993537953,2.5659632859500903,397668006.20039904,2902481671.7465067,9,Layer 1 (L1),binance,39.68562833579801,-20.703130660281598,NULL,NULL,NULL,none,none,0,0.0,NULL,"[1.60011235, 1.70106175, 1.92396005, 2.1014726, 2.45208979, 2.39401966, 2.75997895, 2.55068372, 2.48550675, 2.4180866, 2.37787739, 2.25224171, 2.32112791, 2.63568484, 2.62313493, 2.81868252, 2.19844372, 1.96534899, 1.8594836, 2.05581087, 2.12932333, 2.15075659, 1.97010386, 2.06262289, 2.00893339, 2.1270554, 2.21671839, 2.39045816, 2.30769287, 2.17920928]",2.616014637728269,0.17040984485065613,1,18.37,18.37,Skip,N/A,N/A,N/A,N/A,N/A,N/A,N/A,N/A,N/A,N/A,N/A
near_2026-06-20,near,NEAR,2026-06-20T00:00:00Z,2.1863638686337263,-2.181671334345081,281625352.7986244,2839333366.802456,9,Layer 1 (L1),binance,28.52936514701694,-22.433127727699308,NULL,NULL,NULL,none,none,0,0.0,NULL,"[1.70106175, 1.92396005, 2.1014726, 2.45208979, 2.39401966, 2.75997895, 2.55068372, 2.48550675, 2.4180866, 2.37787739, 2.25224171, 2.32112791, 2.63568484, 2.62313493, 2.81868252, 2.19844372, 1.96534899, 1.8594836, 2.05581087, 2.12932333, 2.15075659, 1.97010386, 2.06262289, 2.00893339, 2.1270554, 2.21671839, 2.39045816, 2.30769287, 2.17920928, 2.23512699]",3.0428343626505265,0.3917328246702203,1,25.63,25.63,Skip,N/A,N/A,N/A,N/A,N/A,N/A,N/A,N/A,N/A,N/A,N/A
near_2026-06-21,near,NEAR,2026-06-21T00:00:00Z,2.191881287544513,0.2523559316882862,236312018.75191844,2846732131.3495307,9,Layer 1 (L1),binance,13.92550958018617,-22.237383124495082,NULL,NULL,NULL,none,none,0,0.0,NULL,"[1.92396005, 2.1014726, 2.45208979, 2.39401966, 2.75997895, 2.55068372, 2.48550675, 2.4180866, 2.37787739, 2.25224171, 2.32112791, 2.63568484, 2.62313493, 2.81868252, 2.19844372, 1.96534899, 1.8594836, 2.05581087, 2.12932333, 2.15075659, 1.97010386, 2.06262289, 2.00893339, 2.1270554, 2.21671839, 2.39045816, 2.30769287, 2.17920928, 2.23512699, 2.18636387]",3.0428343626505265,0.3882295450677924,1,30.83,30.83,Skip,N/A,N/A,N/A,N/A,N/A,N/A,N/A,N/A,N/A,N/A,N/A
near_2026-06-22,near,NEAR,2026-06-22T00:00:00Z,2.099677208717881,-4.206618275843077,257304394.73345375,2727148701.562994,9,Layer 1 (L1),binance,-0.0854348974213548,-25.508559577753907,NULL,NULL,NULL,none,none,0,0.0,NULL,"[2.1014726, 2.45208979, 2.39401966, 2.75997895, 2.55068372, 2.48550675, 2.4180866, 2.37787739, 2.25224171, 2.32112791, 2.63568484, 2.62313493, 2.81868252, 2.19844372, 1.96534899, 1.8594836, 2.05581087, 2.12932333, 2.15075659, 1.97010386, 2.06262289, 2.00893339, 2.1270554, 2.21671839, 2.39045816, 2.30769287, 2.17920928, 2.23512699, 2.18636387, 2.19188129]",3.0428343626505265,0.4491914995393804,1,50.88,50.88,Invest,N/A,N/A,N/A,N/A,N/A,N/A,N/A,N/A,N/A,N/A,N/A
near_2026-06-23,near,NEAR,2026-06-23T00:00:00Z,2.0667976430499198,-1.5659343032083717,264028733.7497407,2684609849.8974366,10,Layer 1 (L1),binance,-15.7128074841817,-26.675046596279884,NULL,NULL,NULL,none,none,0,0.0,NULL,"[2.45208979, 2.39401966, 2.75997895, 2.55068372, 2.48550675, 2.4180866, 2.37787739, 2.25224171, 2.32112791, 2.63568484, 2.62313493, 2.81868252, 2.19844372, 1.96534899, 1.8594836, 2.05581087, 2.12932333, 2.15075659, 1.97010386, 2.06262289, 2.00893339, 2.1270554, 2.21671839, 2.39045816, 2.30769287, 2.17920928, 2.23512699, 2.18636387, 2.19188129, 2.09967721]",3.0428343626505265,0.4722459031646149,1,69.24,69.24,Invest,N/A,N/A,N/A,N/A,N/A,N/A,N/A,N/A,N/A,N/A,N/A
near_2026-06-24,near,NEAR,2026-06-24T00:00:00Z,1.9798925738346256,-4.204817511164305,271822516.3102675,2571938790.9458666,10,Layer 1 (L1),binance,-17.298399493837636,-29.758227077052567,NULL,NULL,NULL,none,none,0,0.0,NULL,"[2.39401966, 2.75997895, 2.55068372, 2.48550675, 2.4180866, 2.37787739, 2.25224171, 2.32112791, 2.63568484, 2.62313493, 2.81868252, 2.19844372, 1.96534899, 1.8594836, 2.05581087, 2.12932333, 2.15075659, 1.97010386, 2.06262289, 2.00893339, 2.1270554, 2.21671839, 2.39045816, 2.30769287, 2.17920928, 2.23512699, 2.18636387, 2.19188129, 2.09967721, 2.06679764]",3.0428343626505265,0.5368684154197374,1,78.97,78.97,Invest,N/A,N/A,N/A,N/A,N/A,N/A,N/A,N/A,N/A,N/A,N/A
near_2026-06-25,near,NEAR,2026-06-25T00:00:00Z,1.961966502462085,-0.9054062634227478,262896505.77701956,2548809424.052526,10,Layer 1 (L1),binance,-28.913714957418858,-30.394200488636123,NULL,NULL,NULL,none,none,0,0.0,NULL,"[2.75997895, 2.55068372, 2.48550675, 2.4180866, 2.37787739, 2.25224171, 2.32112791, 2.63568484, 2.62313493, 2.81868252, 2.19844372, 1.96534899, 1.8594836, 2.05581087, 2.12932333, 2.15075659, 1.97010386, 2.06262289, 2.00893339, 2.1270554, 2.21671839, 2.39045816, 2.30769287, 2.17920928, 2.23512699, 2.18636387, 2.19188129, 2.09967721, 2.06679764, 1.97989257]",3.0428343626505265,0.5509104558268723,1,84.25,84.25,Invest,N/A,N/A,N/A,N/A,N/A,N/A,N/A,N/A,N/A,N/A,N/A
near_2026-06-26,near,NEAR,2026-06-26T00:00:00Z,1.8335718372468157,-6.544182332070703,317996569.7884909,2382157316.9517803,10,Layer 1 (L1),binance,-28.114496423138124,-34.94933092235535,NULL,NULL,NULL,none,none,0,0.0,NULL,"[2.55068372, 2.48550675, 2.4180866, 2.37787739, 2.25224171, 2.32112791, 2.63568484, 2.62313493, 2.81868252, 2.19844372, 1.96534899, 1.8594836, 2.05581087, 2.12932333, 2.15075659, 1.97010386, 2.06262289, 2.00893339, 2.1270554, 2.21671839, 2.39045816, 2.30769287, 2.17920928, 2.23512699, 2.18636387, 2.19188129, 2.09967721, 2.06679764, 1.97989257, 1.9619665]",3.0428343626505265,0.6595119432132361,1,91.67,91.67,Invest,N/A,N/A,N/A,N/A,N/A,N/A,N/A,N/A,N/A,N/A,N/A
near_2026-09-26,near,NEAR,2026-09-26T00:00:00Z,3.0428343626505265,65.95119432132361,1141864251.7705133,3975675755.4536843,10,Layer 1 (L1),binance,60.14064855219803,0.0,NULL,"NEAR Streamlines Access to Ondo Tokenized Stocks Across 30+ Networks | NEAR Crypto Tokenized Stock Launch Puts Distribution Ahead of Scale | ZEC and NEAR Are Eating the Blue Chips' Bid | Bitwise NEAR ETP Passes $100M: Institutional Demand or Price Rally? | Altcoin Rally Explodes: NEAR, ARB, AVAX, INJ, UNI Lead As Kevin O’Leary Says Ethereum May No Longer Rule","NEAR Streamlines Access to Ondo Tokenized Stocks Across 30+ Networks | NEAR Crypto Tokenized Stock Launch Puts Distribution Ahead of Scale | ZEC and NEAR Are Eating the Blue Chips' Bid | Bitwise NEAR ETP Passes $100M: Institutional Demand or Price Rally? | Altcoin Rally Explodes: NEAR, ARB, AVAX, INJ, UNI Lead As Kevin O’Leary Says Ethereum May No Longer Rule",bullish,none,5,5.0,"NEAR Streamlines Access to Ondo Tokenized Stocks Across 30+ Networks | NEAR Crypto Tokenized Stock Launch Puts Distribution Ahead of Scale | ZEC and NEAR Are Eating the Blue Chips' Bid | Bitwise NEAR ETP Passes $100M: Institutional Demand or Price Rally? | Altcoin Rally Explodes: NEAR, ARB, AVAX, INJ, UNI Lead As Kevin O’Leary Says Ethereum May No Longer Rule","[1.90010119, 1.92772083, 1.82382655, 1.86811542, 1.81812328, 1.91972951, 1.88648578, 1.88604096, 1.95428312, 2.17189328, 2.19166558, 2.43685233, 2.30543004, 2.32038718, 2.48481681, 2.44297859, 2.36349774, 2.37027193, 2.2993835, 2.46812251, 2.33523557, 2.61601464, 3.04283436]",3.0428343626505265,0.0,0,1.04,6.04,Skip,0,0,-999,0,-999,0,0,-999,0.0,0.0,N/A
arbitrum_2026-05-24,arbitrum,ARB,2026-05-24T00:00:00Z,0.10845758628178066,0.5996793203506101,56821836.74077148,678491299.2320079,15,Smart Contract Platform,binance,-15.062670094417674,-24.17757166784379,NULL,NULL,NULL,none,none,0,0.0,NULL,"[0.12769131, 0.12812562, 0.12839449, 0.12878261, 0.12584507, 0.12371711, 0.12461741, 0.12287892, 0.1228298, 0.12177442, 0.11662382, 0.11560364, 0.11924061, 0.12734049, 0.12567577, 0.14176181, 0.14173617, 0.14304156, 0.14008049, 0.13571028, 0.13132926, 0.13050632, 0.12391088, 0.11858575, 0.11572387, 0.11643392, 0.11245802, 0.10885385, 0.11159996, 0.10781107]",0.09819130940078992,-0.09465706579822097,0,45.17,45.17,Skip,N/A,N/A,N/A,N/A,N/A,N/A,N/A,N/A,N/A,N/A,N/A
arbitrum_2026-05-25,arbitrum,ARB,2026-05-25T00:00:00Z,0.10470921726383382,-3.4560690002894856,42060925.06092619,655042171.7695891,15,Smart Contract Platform,binance,-18.276125745034644,-26.798047108698153,NULL,NULL,NULL,none,none,0,0.0,NULL,"[0.12812562, 0.12839449, 0.12878261, 0.12584507, 0.12371711, 0.12461741, 0.12287892, 0.1228298, 0.12177442, 0.11662382, 0.11560364, 0.11924061, 0.12734049, 0.12567577, 0.14176181, 0.14173617, 0.14304156, 0.14008049, 0.13571028, 0.13132926, 0.13050632, 0.12391088, 0.11858575, 0.11572387, 0.11643392, 0.11245802, 0.10885385, 0.11159996, 0.10781107, 0.10845759]",0.09902970371021509,-0.05424081759018573,0,55.13,55.13,Invest,N/A,N/A,N/A,N/A,N/A,N/A,N/A,N/A,N/A,N/A,N/A
arbitrum_2026-05-26,arbitrum,ARB,2026-05-26T00:00:00Z,0.10713560202966439,2.317259959757756,40251372.08396928,670221201.7355334,15,Smart Contract Platform,binance,-16.557476925207993,-25.101767564587284,NULL,NULL,NULL,none,none,0,0.0,NULL,"[0.12839449, 0.12878261, 0.12584507, 0.12371711, 0.12461741, 0.12287892, 0.1228298, 0.12177442, 0.11662382, 0.11560364, 0.11924061, 0.12734049, 0.12567577, 0.14176181, 0.14173617, 0.14304156, 0.14008049, 0.13571028, 0.13132926, 0.13050632, 0.12391088, 0.11858575, 0.11572387, 0.11643392, 0.11245802, 0.10885385, 0.11159996, 0.10781107, 0.10845759, 0.10470922]",0.10128298842931166,-0.054628092711256016,0,47.26,47.26,Skip,N/A,N/A,N/A,N/A,N/A,N/A,N/A,N/A,N/A,N/A,N/A
arbitrum_2026-05-27,arbitrum,ARB,2026-05-27T00:00:00Z,0.10752260809785064,0.3612301241179283,59809398.71610374,672642242.6144272,15,Smart Contract Platform,binance,-16.508442341065223,-24.831212586598706,NULL,NULL,NULL,none,none,0,0.0,NULL,"[0.12878261, 0.12584507, 0.12371711, 0.12461741, 0.12287892, 0.1228298, 0.12177442, 0.11662382, 0.11560364, 0.11924061, 0.12734049, 0.12567577, 0.14176181, 0.14173617, 0.14304156, 0.14008049, 0.13571028, 0.13132926, 0.13050632, 0.12391088, 0.11858575, 0.11572387, 0.11643392, 0.11245802, 0.10885385, 0.11159996, 0.10781107, 0.10845759, 0.10470922, 0.1071356]",0.09694045341627021,-0.09841795012961518,0,48.88,48.88,Skip,N/A,N/A,N/A,N/A,N/A,N/A,N/A,N/A,N/A,N/A,N/A
arbitrum_2026-05-28,arbitrum,ARB,2026-05-28T00:00:00Z,0.10620851184194993,-1.222158092282155,50994325.819107115,664421491.0142069,15,Smart Contract Platform,binance,-15.603759483119672,-25.749894004841956,NULL,NULL,NULL,none,none,0,0.0,NULL,"[0.12584507, 0.12371711, 0.12461741, 0.12287892, 0.1228298, 0.12177442, 0.11662382, 0.11560364, 0.11924061, 0.12734049, 0.12567577, 0.14176181, 0.14173617, 0.14304156, 0.14008049, 0.13571028, 0.13132926, 0.13050632, 0.12391088, 0.11858575, 0.11572387, 0.11643392, 0.11245802, 0.10885385, 0.11159996, 0.10781107, 0.10845759, 0.10470922, 0.1071356, 0.10752261]",0.0921375047217567,-0.13248474040510472,0,50.85,50.85,Invest,N/A,N/A,N/A,N/A,N/A,N/A,N/A,N/A,N/A,N/A,N/A
arbitrum_2026-05-29,arbitrum,ARB,2026-05-29T00:00:00Z,0.10431001909765676,-1.7875146834919753,46349523.40177269,652544859.3020517,15,Smart Contract Platform,binance,-15.686667596582959,-27.07712555201377,NULL,NULL,NULL,none,none,0,0.0,NULL,"[0.12371711, 0.12461741, 0.12287892, 0.1228298, 0.12177442, 0.11662382, 0.11560364, 0.11924061, 0.12734049, 0.12567577, 0.14176181, 0.14173617, 0.14304156, 0.14008049, 0.13571028, 0.13132926, 0.13050632, 0.12391088, 0.11858575, 0.11572387, 0.11643392, 0.11245802, 0.10885385, 0.11159996, 0.10781107, 0.10845759, 0.10470922, 0.1071356, 0.10752261, 0.10620851]",0.09281634153897798,-0.1101876661331852,0,55.38,55.38,Invest,N/A,N/A,N/A,N/A,N/A,N/A,N/A,N/A,N/A,N/A,N/A
arbitrum_2026-05-30,arbitrum,ARB,2026-05-30T00:00:00Z,0.10310680524241876,-1.1534978764710324,45036964.24503673,645017768.2069815,15,Smart Contract Platform,binance,-17.26131900420157,-27.91828936023293,NULL,NULL,NULL,none,none,0,0.0,NULL,"[0.12461741, 0.12287892, 0.1228298, 0.12177442, 0.11662382, 0.11560364, 0.11924061, 0.12734049, 0.12567577, 0.14176181, 0.14173617, 0.14304156, 0.14008049, 0.13571028, 0.13132926, 0.13050632, 0.12391088, 0.11858575, 0.11572387, 0.11643392, 0.11245802, 0.10885385, 0.11159996, 0.10781107, 0.10845759, 0.10470922, 0.1071356, 0.10752261, 0.10620851, 0.10431002]",0.09196303074622947,-0.10807991257210126,0,59.27,59.27,Invest,N/A,N/A,N/A,N/A,N/A,N/A,N/A,N/A,N/A,N/A,N/A
arbitrum_2026-05-31,arbitrum,ARB,2026-05-31T00:00:00Z,0.10334032896931007,0.22648721036624408,34186050.704814315,646478650.9565601,15,Smart Contract Platform,binance,-15.900688986814448,-27.755033504620652,NULL,NULL,NULL,none,none,0,0.0,NULL,"[0.12287892, 0.1228298, 0.12177442, 0.11662382, 0.11560364, 0.11924061, 0.12734049, 0.12567577, 0.14176181, 0.14173617, 0.14304156, 0.14008049, 0.13571028, 0.13132926, 0.13050632, 0.12391088, 0.11858575, 0.11572387, 0.11643392, 0.11245802, 0.10885385, 0.11159996, 0.10781107, 0.10845759, 0.10470922, 0.1071356, 0.10752261, 0.10620851, 0.10431002, 0.10310681]",0.08774643185675433,-0.1508984659530821,0,56.06,56.06,Invest,N/A,N/A,N/A,N/A,N/A,N/A,N/A,N/A,N/A,N/A,N/A
arbitrum_2026-06-01,arbitrum,ARB,2026-06-01T00:00:00Z,0.10348375958881542,0.13879442898614425,35749422.43847047,647375927.3086725,15,Smart Contract Platform,binance,-15.750281377614684,-27.65476151590216,NULL,NULL,NULL,none,none,0,0.0,NULL,"[0.1228298, 0.12177442, 0.11662382, 0.11560364, 0.11924061, 0.12734049, 0.12567577, 0.14176181, 0.14173617, 0.14304156, 0.14008049, 0.13571028, 0.13132926, 0.13050632, 0.12391088, 0.11858575, 0.11572387, 0.11643392, 0.11245802, 0.10885385, 0.11159996, 0.10781107, 0.10845759, 0.10470922, 0.1071356, 0.10752261, 0.10620851, 0.10431002, 0.10310681, 0.10334033]",0.08764903701675572,-0.1530164987721525,0,55.89,55.89,Invest,N/A,N/A,N/A,N/A,N/A,N/A,N/A,N/A,N/A,N/A,N/A
arbitrum_2026-06-02,arbitrum,ARB,2026-06-02T00:00:00Z,0.10220404043599438,-1.2366376694332604,53332685.64577541,639370232.7287307,15,Smart Contract Platform,binance,-16.071007010711803,-28.549409987037844,NULL,NULL,NULL,none,none,0,0.0,NULL,"[0.12177442, 0.11662382, 0.11560364, 0.11924061, 0.12734049, 0.12567577, 0.14176181, 0.14173617, 0.14304156, 0.14008049, 0.13571028, 0.13132926, 0.13050632, 0.12391088, 0.11858575, 0.11572387, 0.11643392, 0.11245802, 0.10885385, 0.11159996, 0.10781107, 0.10845759, 0.10470922, 0.1071356, 0.10752261, 0.10620851, 0.10431002, 0.10310681, 0.10334033, 0.10348376]",0.08420633013432346,-0.17609587864524823,0,62.06,62.06,Invest,N/A,N/A,N/A,N/A,N/A,N/A,N/A,N/A,N/A,N/A,N/A
arbitrum_2026-06-03,arbitrum,ARB,2026-06-03T00:00:00Z,0.09275657423585414,-9.243730639060932,69516990.06146958,580268570.6289498,15,Smart Contract Platform,binance,-20.46515692877543,-35.15411006785584,NULL,NULL,NULL,none,none,0,0.0,NULL,"[0.11662382, 0.11560364, 0.11924061, 0.12734049, 0.12567577, 0.14176181, 0.14173617, 0.14304156, 0.14008049, 0.13571028, 0.13132926, 0.13050632, 0.12391088, 0.11858575, 0.11572387, 0.11643392, 0.11245802, 0.10885385, 0.11159996, 0.10781107, 0.10845759, 0.10470922, 0.1071356, 0.10752261, 0.10620851, 0.10431002, 0.10310681, 0.10334033, 0.10348376, 0.10220404]",0.10931488580738655,0.17851361704486024,1,84.4,84.4,Invest,N/A,N/A,N/A,N/A,N/A,N/A,N/A,N/A,N/A,N/A,N/A
arbitrum_2026-06-04,arbitrum,ARB,2026-06-04T00:00:00Z,0.09298777312376179,0.24925337078509635,66980913.372528605,581714909.6008489,15,Smart Contract Platform,binance,-19.56328399592605,-34.992479501384366,NULL,NULL,NULL,none,none,0,0.0,NULL,"[0.11560364, 0.11924061, 0.12734049, 0.12567577, 0.14176181, 0.14173617, 0.14304156, 0.14008049, 0.13571028, 0.13132926, 0.13050632, 0.12391088, 0.11858575, 0.11572387, 0.11643392, 0.11245802, 0.10885385, 0.11159996, 0.10781107, 0.10845759, 0.10470922, 0.1071356, 0.10752261, 0.10620851, 0.10431002, 0.10310681, 0.10334033, 0.10348376, 0.10220404, 0.09275657]",0.11026086072906979,0.18575654653347207,1,83.65,83.65,Invest,N/A,N/A,N/A,N/A,N/A,N/A,N/A,N/A,N/A,N/A,N/A
arbitrum_2026-06-05,arbitrum,ARB,2026-06-05T00:00:00Z,0.08915832735520277,-4.1182250525154895,76219714.50444047,557758580.4594489,15,Smart Contract Platform,binance,-25.228221625094417,-37.669635496577506,NULL,NULL,NULL,none,none,0,0.0,NULL,"[0.11924061, 0.12734049, 0.12567577, 0.14176181, 0.14173617, 0.14304156, 0.14008049, 0.13571028, 0.13132926, 0.13050632, 0.12391088, 0.11858575, 0.11572387, 0.11643392, 0.11245802, 0.10885385, 0.11159996, 0.10781107, 0.10845759, 0.10470922, 0.1071356, 0.10752261, 0.10620851, 0.10431002, 0.10310681, 0.10334033, 0.10348376, 0.10220404, 0.09275657, 0.09298777]",0.12402938203609604,0.39111382767387015,1,90.12,90.12,Invest,N/A,N/A,N/A,N/A,N/A,N/A,N/A,N/A,N/A,N/A,N/A
arbitrum_2026-06-06,arbitrum,ARB,2026-06-06T00:00:00Z,0.08024732794240283,-9.994578944150579,93331630.06391641,502012958.81765574,15,Smart Contract Platform,binance,-36.98208138563115,-43.899292983048866,NULL,NULL,NULL,none,none,0,0.0,NULL,"[0.12734049, 0.12567577, 0.14176181, 0.14173617, 0.14304156, 0.14008049, 0.13571028, 0.13132926, 0.13050632, 0.12391088, 0.11858575, 0.11572387, 0.11643392, 0.11245802, 0.10885385, 0.11159996, 0.10781107, 0.10845759, 0.10470922, 0.1071356, 0.10752261, 0.10620851, 0.10431002, 0.10310681, 0.10334033, 0.10348376, 0.10220404, 0.09275657, 0.09298777, 0.08915833]",0.14105858962141438,0.75779796334974,1,97.05,97.05,Invest,N/A,N/A,N/A,N/A,N/A,N/A,N/A,N/A,N/A,N/A,N/A
arbitrum_2026-06-07,arbitrum,ARB,2026-06-07T00:00:00Z,0.07990084738142109,-0.43176585422312064,51124007.80743159,499845438.27770597,15,Smart Contract Platform,binance,-36.42303038234302,-44.14151667992582,NULL,NULL,NULL,none,none,0,0.0,NULL,"[0.12567577, 0.14176181, 0.14173617, 0.14304156, 0.14008049, 0.13571028, 0.13132926, 0.13050632, 0.12391088, 0.11858575, 0.11572387, 0.11643392, 0.11245802, 0.10885385, 0.11159996, 0.10781107, 0.10845759, 0.10470922, 0.1071356, 0.10752261, 0.10620851, 0.10431002, 0.10310681, 0.10334033, 0.10348376, 0.10220404, 0.09275657, 0.09298777, 0.08915833, 0.08024733]",0.1317731013289464,0.6492078075205356,1,96.62,96.62,Invest,N/A,N/A,N/A,N/A,N/A,N/A,N/A,N/A,N/A,N/A,N/A
arbitrum_2026-06-08,arbitrum,ARB,2026-06-08T00:00:00Z,0.0829539804958359,3.8211523587980523,68575287.8995891,518945294.032799,15,Smart Contract Platform,binance,-41.48355005609036,-42.007078926951976,NULL,NULL,NULL,none,none,0,0.0,NULL,"[0.14176181, 0.14173617, 0.14304156, 0.14008049, 0.13571028, 0.13132926, 0.13050632, 0.12391088, 0.11858575, 0.11572387, 0.11643392, 0.11245802, 0.10885385, 0.11159996, 0.10781107, 0.10845759, 0.10470922, 0.1071356, 0.10752261, 0.10620851, 0.10431002, 0.10310681, 0.10334033, 0.10348376, 0.10220404, 0.09275657, 0.09298777, 0.08915833, 0.08024733, 0.07990085]",0.17764357253493449,1.141471349212131,1,96.16,96.16,Invest,N/A,N/A,N/A,N/A,N/A,N/A,N/A,N/A,N/A,N/A,N/A
arbitrum_2026-06-09,arbitrum,ARB,2026-06-09T00:00:00Z,0.08211428550126422,-1.0122419557839435,37614122.57460341,513692312.0390327,15,Smart Contract Platform,binance,-42.06539785285419,-42.59410760543803,NULL,NULL,NULL,none,none,0,0.0,NULL,"[0.14173617, 0.14304156, 0.14008049, 0.13571028, 0.13132926, 0.13050632, 0.12391088, 0.11858575, 0.11572387, 0.11643392, 0.11245802, 0.10885385, 0.11159996, 0.10781107, 0.10845759, 0.10470922, 0.1071356, 0.10752261, 0.10620851, 0.10431002, 0.10310681, 0.10334033, 0.10348376, 0.10220404, 0.09275657, 0.09298777, 0.08915833, 0.08024733, 0.07990085, 0.08295398]",0.18933387703114857,1.3057361563260952,1,95.93,95.93,Invest,N/A,N/A,N/A,N/A,N/A,N/A,N/A,N/A,N/A,N/A,N/A
arbitrum_2026-06-10,arbitrum,ARB,2026-06-10T00:00:00Z,0.08030101904544366,-2.208222899038237,46624942.91263849,502348840.77398777,15,Smart Contract Platform,binance,-43.861757666692014,-43.861757666692014,NULL,NULL,NULL,none,none,0,0.0,NULL,"[0.14304156, 0.14008049, 0.13571028, 0.13132926, 0.13050632, 0.12391088, 0.11858575, 0.11572387, 0.11643392, 0.11245802, 0.10885385, 0.11159996, 0.10781107, 0.10845759, 0.10470922, 0.1071356, 0.10752261, 0.10620851, 0.10431002, 0.10310681, 0.10334033, 0.10348376, 0.10220404, 0.09275657, 0.09298777, 0.08915833, 0.08024733, 0.07990085, 0.08295398, 0.08211429]",0.1693543914153281,1.1089942995553725,1,96.94,96.94,Invest,N/A,N/A,N/A,N/A,N/A,N/A,N/A,N/A,N/A,N/A,N/A
arbitrum_2026-06-11,arbitrum,ARB,2026-06-11T00:00:00Z,0.07748862637724105,-3.502312550493336,49914942.57178064,484755014.27630264,15,Smart Contract Platform,binance,-44.682783707617865,-44.682783707617865,NULL,NULL,NULL,none,none,0,0.0,NULL,"[0.14008049, 0.13571028, 0.13132926, 0.13050632, 0.12391088, 0.11858575, 0.11572387, 0.11643392, 0.11245802, 0.10885385, 0.11159996, 0.10781107, 0.10845759, 0.10470922, 0.1071356, 0.10752261, 0.10620851, 0.10431002, 0.10310681, 0.10334033, 0.10348376, 0.10220404, 0.09275657, 0.09298777, 0.08915833, 0.08024733, 0.07990085, 0.08295398, 0.08211429, 0.08030102]",0.16494714950236716,1.1286627110841816,1,97.35,97.35,Invest,N/A,N/A,N/A,N/A,N/A,N/A,N/A,N/A,N/A,N/A,N/A
arbitrum_2026-06-12,arbitrum,ARB,2026-06-12T00:00:00Z,0.08341518902815735,7.648300051240775,65958287.09744034,521830532.2815893,15,Smart Contract Platform,binance,-38.534361744599636,-38.534361744599636,NULL,NULL,NULL,none,none,0,0.0,NULL,"[0.13571028, 0.13132926, 0.13050632, 0.12391088, 0.11858575, 0.11572387, 0.11643392, 0.11245802, 0.10885385, 0.11159996, 0.10781107, 0.10845759, 0.10470922, 0.1071356, 0.10752261, 0.10620851, 0.10431002, 0.10310681, 0.10334033, 0.10348376, 0.10220404, 0.09275657, 0.09298777, 0.08915833, 0.08024733, 0.07990085, 0.08295398, 0.08211429, 0.08030102, 0.07748863]",0.14944783150444216,0.7916141322175156,1,92.92,92.92,Invest,N/A,N/A,N/A,N/A,N/A,N/A,N/A,N/A,N/A,N/A,N/A
arbitrum_2026-06-13,arbitrum,ARB,2026-06-13T00:00:00Z,0.08385482637943878,0.5270471198393301,42105443.79951947,524580825.07242167,15,Smart Contract Platform,binance,-36.14916684544046,-36.14916684544046,NULL,NULL,NULL,none,none,0,0.0,NULL,"[0.13132926, 0.13050632, 0.12391088, 0.11858575, 0.11572387, 0.11643392, 0.11245802, 0.10885385, 0.11159996, 0.10781107, 0.10845759, 0.10470922, 0.1071356, 0.10752261, 0.10620851, 0.10431002, 0.10310681, 0.10334033, 0.10348376, 0.10220404, 0.09275657, 0.09298777, 0.08915833, 0.08024733, 0.07990085, 0.08295398, 0.08211429, 0.08030102, 0.07748863, 0.08341519]",0.1399010030357258,0.6683715067595628,1,88.17,88.17,Invest,N/A,N/A,N/A,N/A,N/A,N/A,N/A,N/A,N/A,N/A,N/A
arbitrum_2026-06-14,arbitrum,ARB,2026-06-14T00:00:00Z,0.08516060009576497,1.5571837337276628,33288261.99847161,532749512.3507038,15,Smart Contract Platform,binance,-34.74599633144678,-34.74599633144678,NULL,NULL,NULL,none,none,0,0.0,NULL,"[0.13050632, 0.12391088, 0.11858575, 0.11572387, 0.11643392, 0.11245802, 0.10885385, 0.11159996, 0.10781107, 0.10845759, 0.10470922, 0.1071356, 0.10752261, 0.10620851, 0.10431002, 0.10310681, 0.10334033, 0.10348376, 0.10220404, 0.09275657, 0.09298777, 0.08915833, 0.08024733, 0.07990085, 0.08295398, 0.08211429, 0.08030102, 0.07748863, 0.08341519, 0.08385483]",0.13954158034148503,0.638569716330879,1,84.44,84.44,Invest,N/A,N/A,N/A,N/A,N/A,N/A,N/A,N/A,N/A,N/A,N/A
arbitrum_2026-06-15,arbitrum,ARB,2026-06-15T00:00:00Z,0.08574658594576665,0.6880950220438997,34689354.46231682,536415335.22515213,15,Smart Contract Platform,binance,-30.799794377115873,-30.799794377115873,NULL,NULL,NULL,none,none,0,0.0,NULL,"[0.12391088, 0.11858575, 0.11572387, 0.11643392, 0.11245802, 0.10885385, 0.11159996, 0.10781107, 0.10845759, 0.10470922, 0.1071356, 0.10752261, 0.10620851, 0.10431002, 0.10310681, 0.10334033, 0.10348376, 0.10220404, 0.09275657, 0.09298777, 0.08915833, 0.08024733, 0.07990085, 0.08295398, 0.08211429, 0.08030102, 0.07748863, 0.08341519, 0.08385483, 0.0851606]",0.14040666075194802,0.6374606545939101,1,72.45,72.45,Invest,N/A,N/A,N/A,N/A,N/A,N/A,N/A,N/A,N/A,N/A,N/A
arbitrum_2026-06-16,arbitrum,ARB,2026-06-16T00:00:00Z,0.08623017773812593,0.5639778972251319,48850510.22714699,539440599.1531482,15,Smart Contract Platform,binance,-27.28453914180845,-27.28453914180845,NULL,NULL,NULL,none,none,0,0.0,NULL,"[0.11858575, 0.11572387, 0.11643392, 0.11245802, 0.10885385, 0.11159996, 0.10781107, 0.10845759, 0.10470922, 0.1071356, 0.10752261, 0.10620851, 0.10431002, 0.10310681, 0.10334033, 0.10348376, 0.10220404, 0.09275657, 0.09298777, 0.08915833, 0.08024733, 0.07990085, 0.08295398, 0.08211429, 0.08030102, 0.07748863, 0.08341519, 0.08385483, 0.0851606, 0.08574659]",0.1332775027622873,0.5456016241441632,1,59.98,59.98,Invest,N/A,N/A,N/A,N/A,N/A,N/A,N/A,N/A,N/A,N/A,N/A
arbitrum_2026-06-17,arbitrum,ARB,2026-06-17T00:00:00Z,0.08552587701207072,-0.8167682643472118,37187815.30435353,535034619.53426075,15,Smart Contract Platform,binance,-26.09487200651881,-26.545564764537367,NULL,NULL,NULL,none,none,0,0.0,NULL,"[0.11572387, 0.11643392, 0.11245802, 0.10885385, 0.11159996, 0.10781107, 0.10845759, 0.10470922, 0.1071356, 0.10752261, 0.10620851, 0.10431002, 0.10310681, 0.10334033, 0.10348376, 0.10220404, 0.09275657, 0.09298777, 0.08915833, 0.08024733, 0.07990085, 0.08295398, 0.08211429, 0.08030102, 0.07748863, 0.08341519, 0.08385483, 0.0851606, 0.08574659, 0.08623018]",0.13369155367722543,0.563170801023845,1,54.38,54.38,Invest,N/A,N/A,N/A,N/A,N/A,N/A,N/A,N/A,N/A,N/A,N/A
arbitrum_2026-06-18,arbitrum,ARB,2026-06-18T00:00:00Z,0.08556418819140058,0.044794839489870064,49239743.63501033,544431328.3496554,15,Smart Contract Platform,binance,-26.51266096817546,-26.51266096817546,NULL,NULL,NULL,none,none,0,0.0,NULL,"[0.11643392, 0.11245802, 0.10885385, 0.11159996, 0.10781107, 0.10845759, 0.10470922, 0.1071356, 0.10752261, 0.10620851, 0.10431002, 0.10310681, 0.10334033, 0.10348376, 0.10220404, 0.09275657, 0.09298777, 0.08915833, 0.08024733, 0.07990085, 0.08295398, 0.08211429, 0.08030102, 0.07748863, 0.08341519, 0.08385483, 0.0851606, 0.08574659, 0.08623018, 0.08552588]",0.15181634168746,0.7742976927199776,1,56.64,56.64,Invest,N/A,N/A,N/A,N/A,N/A,N/A,N/A,N/A,N/A,N/A,N/A
arbitrum_2026-06-19,arbitrum,ARB,2026-06-19T00:00:00Z,0.08520861600487986,-0.41556192378676693,45940830.18731097,542168879.0478677,15,Smart Contract Platform,binance,-24.23073704121157,-24.23073704121157,NULL,NULL,NULL,none,none,0,0.0,NULL,"[0.11245802, 0.10885385, 0.11159996, 0.10781107, 0.10845759, 0.10470922, 0.1071356, 0.10752261, 0.10620851, 0.10431002, 0.10310681, 0.10334033, 0.10348376, 0.10220404, 0.09275657, 0.09298777, 0.08915833, 0.08024733, 0.07990085, 0.08295398, 0.08211429, 0.08030102, 0.07748863, 0.08341519, 0.08385483, 0.0851606, 0.08574659, 0.08623018, 0.08552588, 0.08556419]",0.16806899287829474,0.9724412947708188,1,45.45,45.45,Skip,N/A,N/A,N/A,N/A,N/A,N/A,N/A,N/A,N/A,N/A,N/A
arbitrum_2026-06-20,arbitrum,ARB,2026-06-20T00:00:00Z,0.08380650781605006,-1.6455004840701837,35314944.80694064,533247487.51865715,15,Smart Contract Platform,binance,-23.010064045292943,-24.9045375116973,NULL,NULL,NULL,none,none,0,0.0,NULL,"[0.10885385, 0.11159996, 0.10781107, 0.10845759, 0.10470922, 0.1071356, 0.10752261, 0.10620851, 0.10431002, 0.10310681, 0.10334033, 0.10348376, 0.10220404, 0.09275657, 0.09298777, 0.08915833, 0.08024733, 0.07990085, 0.08295398, 0.08211429, 0.08030102, 0.07748863, 0.08341519, 0.08385483, 0.0851606, 0.08574659, 0.08623018, 0.08552588, 0.08556419, 0.08520862]",0.1814174081879585,1.164717429655441,1,45.46,45.46,Skip,N/A,N/A,N/A,N/A,N/A,N/A,N/A,N/A,N/A,N/A,N/A
arbitrum_2026-06-21,arbitrum,ARB,2026-06-21T00:00:00Z,0.08452121686367682,0.8528085303297628,28590108.98588134,537795067.5799854,15,Smart Contract Platform,binance,-24.264117001706463,-24.264117001706463,NULL,NULL,NULL,none,none,0,0.0,NULL,"[0.11159996, 0.10781107, 0.10845759, 0.10470922, 0.1071356, 0.10752261, 0.10620851, 0.10431002, 0.10310681, 0.10334033, 0.10348376, 0.10220404, 0.09275657, 0.09298777, 0.08915833, 0.08024733, 0.07990085, 0.08295398, 0.08211429, 0.08030102, 0.07748863, 0.08341519, 0.08385483, 0.0851606, 0.08574659, 0.08623018, 0.08552588, 0.08556419, 0.08520862, 0.08380651]",0.1814174081879585,1.1464126395691192,1,42.29,42.29,Skip,N/A,N/A,N/A,N/A,N/A,N/A,N/A,N/A,N/A,N/A,N/A
arbitrum_2026-06-22,arbitrum,ARB,2026-06-22T00:00:00Z,0.08182498476297162,-3.190006250210431,26346312.3178392,520639371.31086046,15,Smart Contract Platform,binance,-24.1033521974082,-24.55577560947707,NULL,NULL,NULL,none,none,0,0.0,NULL,"[0.10781107, 0.10845759, 0.10470922, 0.1071356, 0.10752261, 0.10620851, 0.10431002, 0.10310681, 0.10334033, 0.10348376, 0.10220404, 0.09275657, 0.09298777, 0.08915833, 0.08024733, 0.07990085, 0.08295398, 0.08211429, 0.08030102, 0.07748863, 0.08341519, 0.08385483, 0.0851606, 0.08574659, 0.08623018, 0.08552588, 0.08556419, 0.08520862, 0.08380651, 0.08452122]",0.1814174081879585,1.2171395291240628,1,42.3,42.3,Skip,N/A,N/A,N/A,N/A,N/A,N/A,N/A,N/A,N/A,N/A,N/A
arbitrum_2026-06-23,arbitrum,ARB,2026-06-23T00:00:00Z,0.08310296881609552,1.5618506460171488,36242656.4015281,528770980.69509876,15,Smart Contract Platform,binance,-23.377449503451064,-23.377449503451064,NULL,NULL,NULL,none,none,0,0.0,NULL,"[0.10845759, 0.10470922, 0.1071356, 0.10752261, 0.10620851, 0.10431002, 0.10310681, 0.10334033, 0.10348376, 0.10220404, 0.09275657, 0.09298777, 0.08915833, 0.08024733, 0.07990085, 0.08295398, 0.08211429, 0.08030102, 0.07748863, 0.08341519, 0.08385483, 0.0851606, 0.08574659, 0.08623018, 0.08552588, 0.08556419, 0.08520862, 0.08380651, 0.08452122, 0.08182498]",0.1814174081879585,1.1830436478079385,1,39.56,39.56,Skip,N/A,N/A,N/A,N/A,N/A,N/A,N/A,N/A,N/A,N/A,N/A
arbitrum_2026-06-24,arbitrum,ARB,2026-06-24T00:00:00Z,0.07903327517174817,-4.897169983606087,41357803.92520605,502876166.94647884,15,Smart Contract Platform,binance,-24.52118616013571,-26.496132701855434,NULL,NULL,NULL,none,none,0,0.0,NULL,"[0.10470922, 0.1071356, 0.10752261, 0.10620851, 0.10431002, 0.10310681, 0.10334033, 0.10348376, 0.10220404, 0.09275657, 0.09298777, 0.08915833, 0.08024733, 0.07990085, 0.08295398, 0.08211429, 0.08030102, 0.07748863, 0.08341519, 0.08385483, 0.0851606, 0.08574659, 0.08623018, 0.08552588, 0.08556419, 0.08520862, 0.08380651, 0.08452122, 0.08182498, 0.08310297]",0.1814174081879585,1.295456031573007,1,52.97,52.97,Invest,N/A,N/A,N/A,N/A,N/A,N/A,N/A,N/A,N/A,N/A,N/A
arbitrum_2026-06-25,arbitrum,ARB,2026-06-25T00:00:00Z,0.07600208104610066,-3.8353391265392722,47597389.97569311,483589160.5575396,15,Smart Contract Platform,binance,-29.05992069279013,-29.315255283860687,NULL,NULL,NULL,none,none,0,0.0,NULL,"[0.1071356, 0.10752261, 0.10620851, 0.10431002, 0.10310681, 0.10334033, 0.10348376, 0.10220404, 0.09275657, 0.09298777, 0.08915833, 0.08024733, 0.07990085, 0.08295398, 0.08211429, 0.08030102, 0.07748863, 0.08341519, 0.08385483, 0.0851606, 0.08574659, 0.08623018, 0.08552588, 0.08556419, 0.08520862, 0.08380651, 0.08452122, 0.08182498, 0.08310297, 0.07903328]",0.1814174081879585,1.3870057989322158,1,66.82,66.82,Invest,N/A,N/A,N/A,N/A,N/A,N/A,N/A,N/A,N/A,N/A,N/A
arbitrum_2026-06-26,arbitrum,ARB,2026-06-26T00:00:00Z,0.0731980077610746,-3.689469086149355,45730750.43117113,465747287.9748,15,Smart Contract Platform,binance,-31.92314708878623,-31.92314708878623,NULL,NULL,NULL,none,none,0,0.0,NULL,"[0.10752261, 0.10620851, 0.10431002, 0.10310681, 0.10334033, 0.10348376, 0.10220404, 0.09275657, 0.09298777, 0.08915833, 0.08024733, 0.07990085, 0.08295398, 0.08211429, 0.08030102, 0.07748863, 0.08341519, 0.08385483, 0.0851606, 0.08574659, 0.08623018, 0.08552588, 0.08556419, 0.08520862, 0.08380651, 0.08452122, 0.08182498, 0.08310297, 0.07903328, 0.07600208]",0.1814174081879585,1.4784473476398774,1,76.12,76.12,Invest,N/A,N/A,N/A,N/A,N/A,N/A,N/A,N/A,N/A,N/A,N/A
arbitrum_2026-09-26,arbitrum,ARB,2026-09-26T00:00:00Z,0.1814174081879585,147.84473476398773,453835469.09029806,1231021357.9051304,15,Smart Contract Platform,binance,95.45847765586919,-4.181221536961221,NULL,NULL,NULL,none,none,0,0.0,NULL,"[0.09281634, 0.09196303, 0.08774643, 0.08764904, 0.08420633, 0.10931489, 0.11026086, 0.12402938, 0.14105859, 0.1317731, 0.17764357, 0.18933388, 0.16935439, 0.16494715, 0.14944783, 0.139901, 0.13954158, 0.14040666, 0.1332775, 0.13369155, 0.15181634, 0.16806899, 0.18141741]",0.1814174081879585,0.0,0,0.63,0.63,Skip,0,0,-999,0,-999,0,0,-999,0.0,0.0,N/A
aave_2026-05-24,aave,AAVE,2026-05-24T00:00:00Z,86.61130077997036,0.7117805351280815,164119641.50592354,1288749629.291776,14,Decentralized Finance (DeFi),kucoin,-8.229081274538618,-15.098186435969286,DeFi Adoption : Kraken Ink L2 Leverages Aave To Launch Lending Platform Tydro,NULL,DeFi Adoption : Kraken Ink L2 Leverages Aave To Launch Lending Platform Tydro,bullish,none,1,5.0,DeFi Adoption : Kraken Ink L2 Leverages Aave To Launch Lending Platform Tydro,"[94.37772007, 94.38799995, 94.1232273, 96.60549743, 97.59268263, 96.49004962, 93.28657439, 92.82650504, 92.05633561, 93.25203411, 92.3563876, 92.25105256, 93.5050502, 94.30724203, 92.43822503, 95.83521362, 95.75261037, 102.01348728, 101.07583168, 96.69117469, 96.38500927, 98.28571596, 92.84403624, 90.02138327, 89.16389931, 89.41020545, 87.41356919, 87.97754572, 88.01820196, 85.99917539]",122.57691190866052,0.4152530998242152,1,64.63,69.63,Invest,N/A,N/A,N/A,N/A,N/A,N/A,N/A,N/A,N/A,N/A,N/A
aave_2026-05-25,aave,AAVE,2026-05-25T00:00:00Z,85.54168730486207,-1.2349583316218382,136780840.64355463,1272839272.8846912,14,Decentralized Finance (DeFi),kucoin,-9.372285301744354,-16.146688456276326,DeFi Adoption : Kraken Ink L2 Leverages Aave To Launch Lending Platform Tydro,NULL,DeFi Adoption : Kraken Ink L2 Leverages Aave To Launch Lending Platform Tydro,bullish,none,1,5.0,DeFi Adoption : Kraken Ink L2 Leverages Aave To Launch Lending Platform Tydro,"[94.38799995, 94.1232273, 96.60549743, 97.59268263, 96.49004962, 93.28657439, 92.82650504, 92.05633561, 93.25203411, 92.3563876, 92.25105256, 93.5050502, 94.30724203, 92.43822503, 95.83521362, 95.75261037, 102.01348728, 101.07583168, 96.69117469, 96.38500927, 98.28571596, 92.84403624, 90.02138327, 89.16389931, 89.41020545, 87.41356919, 87.97754572, 88.01820196, 85.99917539, 86.61130078]",126.57098136158443,0.4796409253712526,1,67.67,72.67,Invest,N/A,N/A,N/A,N/A,N/A,N/A,N/A,N/A,N/A,N/A,N/A
aave_2026-05-26,aave,AAVE,2026-05-26T00:00:00Z,86.33412838048407,0.9263799915447457,127906629.87573685,1284633336.7363405,14,Decentralized Finance (DeFi),kucoin,-8.275426950070885,-15.36988815588759,DeFi Adoption : Kraken Ink L2 Leverages Aave To Launch Lending Platform Tydro,NULL,DeFi Adoption : Kraken Ink L2 Leverages Aave To Launch Lending Platform Tydro,bullish,none,1,5.0,DeFi Adoption : Kraken Ink L2 Leverages Aave To Launch Lending Platform Tydro,"[94.1232273, 96.60549743, 97.59268263, 96.49004962, 93.28657439, 92.82650504, 92.05633561, 93.25203411, 92.3563876, 92.25105256, 93.5050502, 94.30724203, 92.43822503, 95.83521362, 95.75261037, 102.01348728, 101.07583168, 96.69117469, 96.38500927, 98.28571596, 92.84403624, 90.02138327, 89.16389931, 89.41020545, 87.41356919, 87.97754572, 88.01820196, 85.99917539, 86.61130078, 85.5416873]",141.53047916466082,0.63933408281972,1,64.04,69.04,Invest,N/A,N/A,N/A,N/A,N/A,N/A,N/A,N/A,N/A,N/A,N/A
aave_2026-05-27,aave,AAVE,2026-05-27T00:00:00Z,85.74891717084883,-0.6778445796732369,160595647.383457,1275938997.4573772,14,Decentralized Finance (DeFi),kucoin,-11.238056370045657,-15.943548781794314,DeFi Adoption : Kraken Ink L2 Leverages Aave To Launch Lending Platform Tydro,NULL,DeFi Adoption : Kraken Ink L2 Leverages Aave To Launch Lending Platform Tydro,bullish,none,1,5.0,DeFi Adoption : Kraken Ink L2 Leverages Aave To Launch Lending Platform Tydro,"[96.60549743, 97.59268263, 96.49004962, 93.28657439, 92.82650504, 92.05633561, 93.25203411, 92.3563876, 92.25105256, 93.5050502, 94.30724203, 92.43822503, 95.83521362, 95.75261037, 102.01348728, 101.07583168, 96.69117469, 96.38500927, 98.28571596, 92.84403624, 90.02138327, 89.16389931, 89.41020545, 87.41356919, 87.97754572, 88.01820196, 85.99917539, 86.61130078, 85.5416873, 86.33412838]",132.26792426346202,0.542502560118949,1,68.87,73.87,Invest,N/A,N/A,N/A,N/A,N/A,N/A,N/A,N/A,N/A,N/A,N/A
aave_2026-05-28,aave,AAVE,2026-05-28T00:00:00Z,83.22156312904774,-2.9473888711218477,174296340.64608493,1238337103.0315702,14,Decentralized Finance (DeFi),kucoin,-14.72561170538781,-18.42101927045967,DeFi Adoption : Kraken Ink L2 Leverages Aave To Launch Lending Platform Tydro,NULL,DeFi Adoption : Kraken Ink L2 Leverages Aave To Launch Lending Platform Tydro,bullish,none,1,5.0,DeFi Adoption : Kraken Ink L2 Leverages Aave To Launch Lending Platform Tydro,"[97.59268263, 96.49004962, 93.28657439, 92.82650504, 92.05633561, 93.25203411, 92.3563876, 92.25105256, 93.5050502, 94.30724203, 92.43822503, 95.83521362, 95.75261037, 102.01348728, 101.07583168, 96.69117469, 96.38500927, 98.28571596, 92.84403624, 90.02138327, 89.16389931, 89.41020545, 87.41356919, 87.97754572, 88.01820196, 85.99917539, 86.61130078, 85.5416873, 86.33412838, 85.74891717]",126.55865715988429,0.5207435717547839,1,78.12,83.12,Invest,N/A,N/A,N/A,N/A,N/A,N/A,N/A,N/A,N/A,N/A,N/A
aave_2026-05-29,aave,AAVE,2026-05-29T00:00:00Z,80.74907030021203,-2.970976193996422,230602681.0283068,1201554297.2613049,14,Decentralized Finance (DeFi),kucoin,-16.31357780640358,-20.844711367239242,DeFi Adoption : Kraken Ink L2 Leverages Aave To Launch Lending Platform Tydro,NULL,DeFi Adoption : Kraken Ink L2 Leverages Aave To Launch Lending Platform Tydro,bullish,none,1,5.0,DeFi Adoption : Kraken Ink L2 Leverages Aave To Launch Lending Platform Tydro,"[96.49004962, 93.28657439, 92.82650504, 92.05633561, 93.25203411, 92.3563876, 92.25105256, 93.5050502, 94.30724203, 92.43822503, 95.83521362, 95.75261037, 102.01348728, 101.07583168, 96.69117469, 96.38500927, 98.28571596, 92.84403624, 90.02138327, 89.16389931, 89.41020545, 87.41356919, 87.97754572, 88.01820196, 85.99917539, 86.61130078, 85.5416873, 86.33412838, 85.74891717, 83.22156313]",127.03944104789713,0.5732619654391682,1,85.22,90.22,Invest,N/A,N/A,N/A,N/A,N/A,N/A,N/A,N/A,N/A,N/A,N/A
aave_2026-05-30,aave,AAVE,2026-05-30T00:00:00Z,82.39308322530252,2.035952759552928,167885070.44168606,1226260932.2839937,14,Decentralized Finance (DeFi),kucoin,-11.677447950209096,-19.233147083988467,DeFi Adoption : Kraken Ink L2 Leverages Aave To Launch Lending Platform Tydro,NULL,DeFi Adoption : Kraken Ink L2 Leverages Aave To Launch Lending Platform Tydro,bullish,none,1,5.0,DeFi Adoption : Kraken Ink L2 Leverages Aave To Launch Lending Platform Tydro,"[93.28657439, 92.82650504, 92.05633561, 93.25203411, 92.3563876, 92.25105256, 93.5050502, 94.30724203, 92.43822503, 95.83521362, 95.75261037, 102.01348728, 101.07583168, 96.69117469, 96.38500927, 98.28571596, 92.84403624, 90.02138327, 89.16389931, 89.41020545, 87.41356919, 87.97754572, 88.01820196, 85.99917539, 86.61130078, 85.5416873, 86.33412838, 85.74891717, 83.22156313, 80.7490703]",128.09827557228118,0.5547212285040792,1,78.84,83.84,Invest,N/A,N/A,N/A,N/A,N/A,N/A,N/A,N/A,N/A,N/A,N/A
aave_2026-05-31,aave,AAVE,2026-05-31T00:00:00Z,82.78232011642115,0.47241452301798326,121952498.81236733,1232056296.6907113,14,Decentralized Finance (DeFi),kucoin,-10.82038467718055,-18.851592741028654,DeFi Adoption : Kraken Ink L2 Leverages Aave To Launch Lending Platform Tydro,NULL,DeFi Adoption : Kraken Ink L2 Leverages Aave To Launch Lending Platform Tydro,bullish,none,1,5.0,DeFi Adoption : Kraken Ink L2 Leverages Aave To Launch Lending Platform Tydro,"[92.82650504, 92.05633561, 93.25203411, 92.3563876, 92.25105256, 93.5050502, 94.30724203, 92.43822503, 95.83521362, 95.75261037, 102.01348728, 101.07583168, 96.69117469, 96.38500927, 98.28571596, 92.84403624, 90.02138327, 89.16389931, 89.41020545, 87.41356919, 87.97754572, 88.01820196, 85.99917539, 86.61130078, 85.5416873, 86.33412838, 85.74891717, 83.22156313, 80.7490703, 82.39308323]",122.19076192506826,0.4760490132823645,1,75.96,80.96,Invest,N/A,N/A,N/A,N/A,N/A,N/A,N/A,N/A,N/A,N/A,N/A
aave_2026-06-01,aave,AAVE,2026-06-01T00:00:00Z,82.05125463592765,-0.8831178921602567,121293155.26290119,1221179056.3101764,14,Decentralized Finance (DeFi),kucoin,-10.868432799377736,-19.568228844735703,DeFi Adoption : Kraken Ink L2 Leverages Aave To Launch Lending Platform Tydro,NULL,DeFi Adoption : Kraken Ink L2 Leverages Aave To Launch Lending Platform Tydro,bullish,none,1,5.0,DeFi Adoption : Kraken Ink L2 Leverages Aave To Launch Lending Platform Tydro,"[92.05633561, 93.25203411, 92.3563876, 92.25105256, 93.5050502, 94.30724203, 92.43822503, 95.83521362, 95.75261037, 102.01348728, 101.07583168, 96.69117469, 96.38500927, 98.28571596, 92.84403624, 90.02138327, 89.16389931, 89.41020545, 87.41356919, 87.97754572, 88.01820196, 85.99917539, 86.61130078, 85.5416873, 86.33412838, 85.74891717, 83.22156313, 80.7490703, 82.39308323, 82.78232012]",126.76906677228531,0.544998517509288,1,77.88,82.88,Invest,N/A,N/A,N/A,N/A,N/A,N/A,N/A,N/A,N/A,N/A,N/A
aave_2026-06-02,aave,AAVE,2026-06-02T00:00:00Z,80.19032053193925,-2.268014197035273,187700726.38114098,1193506463.468237,14,Decentralized Finance (DeFi),kucoin,-14.006894011728821,-21.392432833464014,NULL,NULL,NULL,none,none,0,0.0,NULL,"[93.25203411, 92.3563876, 92.25105256, 93.5050502, 94.30724203, 92.43822503, 95.83521362, 95.75261037, 102.01348728, 101.07583168, 96.69117469, 96.38500927, 98.28571596, 92.84403624, 90.02138327, 89.16389931, 89.41020545, 87.41356919, 87.97754572, 88.01820196, 85.99917539, 86.61130078, 85.5416873, 86.33412838, 85.74891717, 83.22156313, 80.7490703, 82.39308323, 82.78232012, 82.05125464]",122.39963778289504,0.5263642416062437,1,84.89,84.89,Invest,N/A,N/A,N/A,N/A,N/A,N/A,N/A,N/A,N/A,N/A,N/A
aave_2026-06-03,aave,AAVE,2026-06-03T00:00:00Z,73.53517785086373,-8.299184536149617,259548158.28036678,1094577505.3328846,14,Decentralized Finance (DeFi),kucoin,-20.378893368910443,-27.9162198919926,NULL,NULL,NULL,none,none,0,0.0,NULL,"[92.3563876, 92.25105256, 93.5050502, 94.30724203, 92.43822503, 95.83521362, 95.75261037, 102.01348728, 101.07583168, 96.69117469, 96.38500927, 98.28571596, 92.84403624, 90.02138327, 89.16389931, 89.41020545, 87.41356919, 87.97754572, 88.01820196, 85.99917539, 86.61130078, 85.5416873, 86.33412838, 85.74891717, 83.22156313, 80.7490703, 82.39308323, 82.78232012, 82.05125464, 80.19032053]",124.060150646295,0.6870857495972971,1,94.99,94.99,Invest,N/A,N/A,N/A,N/A,N/A,N/A,N/A,N/A,N/A,N/A,N/A
aave_2026-06-04,aave,AAVE,2026-06-04T00:00:00Z,74.32524823578397,1.074411469463743,227357686.4094802,1106342929.616138,14,Decentralized Finance (DeFi),kucoin,-19.431544495647103,-27.141743490889148,NULL,NULL,NULL,none,none,0,0.0,NULL,"[92.25105256, 93.5050502, 94.30724203, 92.43822503, 95.83521362, 95.75261037, 102.01348728, 101.07583168, 96.69117469, 96.38500927, 98.28571596, 92.84403624, 90.02138327, 89.16389931, 89.41020545, 87.41356919, 87.97754572, 88.01820196, 85.99917539, 86.61130078, 85.5416873, 86.33412838, 85.74891717, 83.22156313, 80.7490703, 82.39308323, 82.78232012, 82.05125464, 80.19032053, 73.53517785]",127.83643026325107,0.7199596812339213,1,94.09,94.09,Invest,N/A,N/A,N/A,N/A,N/A,N/A,N/A,N/A,N/A,N/A,N/A
aave_2026-06-05,aave,AAVE,2026-06-05T00:00:00Z,71.26414752046944,-4.118520674971348,230879648.89053297,1060786156.1602327,14,Decentralized Finance (DeFi),kucoin,-23.78577694850813,-30.14242584864053,NULL,NULL,NULL,none,none,0,0.0,NULL,"[93.5050502, 94.30724203, 92.43822503, 95.83521362, 95.75261037, 102.01348728, 101.07583168, 96.69117469, 96.38500927, 98.28571596, 92.84403624, 90.02138327, 89.16389931, 89.41020545, 87.41356919, 87.97754572, 88.01820196, 85.99917539, 86.61130078, 85.5416873, 86.33412838, 85.74891717, 83.22156313, 80.7490703, 82.39308323, 82.78232012, 82.05125464, 80.19032053, 73.53517785, 74.32524824]",127.13435878564,0.7839876460898207,1,96.51,96.51,Invest,N/A,N/A,N/A,N/A,N/A,N/A,N/A,N/A,N/A,N/A,N/A
aave_2026-06-06,aave,AAVE,2026-06-06T00:00:00Z,62.255582482098866,-12.641090017645984,453225978.1636376,926698670.738518,14,Decentralized Finance (DeFi),kucoin,-33.98642443577007,-38.97318468125768,NULL,NULL,NULL,none,none,0,0.0,NULL,"[94.30724203, 92.43822503, 95.83521362, 95.75261037, 102.01348728, 101.07583168, 96.69117469, 96.38500927, 98.28571596, 92.84403624, 90.02138327, 89.16389931, 89.41020545, 87.41356919, 87.97754572, 88.01820196, 85.99917539, 86.61130078, 85.5416873, 86.33412838, 85.74891717, 83.22156313, 80.7490703, 82.39308323, 82.78232012, 82.05125464, 80.19032053, 73.53517785, 74.32524824, 71.26414752]",132.746696804198,1.1322858370551483,1,99.36,99.36,Invest,N/A,N/A,N/A,N/A,N/A,N/A,N/A,N/A,N/A,N/A,N/A
aave_2026-06-07,aave,AAVE,2026-06-07T00:00:00Z,60.93207129202708,-2.1259317434743297,212881945.99644184,907001949.6702298,14,Decentralized Finance (DeFi),kucoin,-34.083468966010386,-40.270573120150274,NULL,NULL,NULL,none,none,0,0.0,NULL,"[92.43822503, 95.83521362, 95.75261037, 102.01348728, 101.07583168, 96.69117469, 96.38500927, 98.28571596, 92.84403624, 90.02138327, 89.16389931, 89.41020545, 87.41356919, 87.97754572, 88.01820196, 85.99917539, 86.61130078, 85.5416873, 86.33412838, 85.74891717, 83.22156313, 80.7490703, 82.39308323, 82.78232012, 82.05125464, 80.19032053, 73.53517785, 74.32524824, 71.26414752, 62.25558248]",130.3739032765341,1.1396597967545774,1,99.35,99.35,Invest,N/A,N/A,N/A,N/A,N/A,N/A,N/A,N/A,N/A,N/A,N/A
aave_2026-06-08,aave,AAVE,2026-06-08T00:00:00Z,63.64395268465514,4.450663394702126,198959864.6054217,947371819.8731427,14,Decentralized Finance (DeFi),kucoin,-33.59022192012077,-37.61221738214342,NULL,NULL,NULL,none,none,0,0.0,NULL,"[95.83521362, 95.75261037, 102.01348728, 101.07583168, 96.69117469, 96.38500927, 98.28571596, 92.84403624, 90.02138327, 89.16389931, 89.41020545, 87.41356919, 87.97754572, 88.01820196, 85.99917539, 86.61130078, 85.5416873, 86.33412838, 85.74891717, 83.22156313, 80.7490703, 82.39308323, 82.78232012, 82.05125464, 80.19032053, 73.53517785, 74.32524824, 71.26414752, 62.25558248, 60.93207129]",134.42213792855452,1.1120960006144358,1,99.02,99.02,Invest,N/A,N/A,N/A,N/A,N/A,N/A,N/A,N/A,N/A,N/A,N/A
aave_2026-06-09,aave,AAVE,2026-06-09T00:00:00Z,63.43180570405525,-0.3333340744108737,136996414.1886312,944228208.4792032,14,Decentralized Finance (DeFi),kucoin,-33.75448934274479,-37.82017711987813,NULL,NULL,NULL,none,none,0,0.0,NULL,"[95.75261037, 102.01348728, 101.07583168, 96.69117469, 96.38500927, 98.28571596, 92.84403624, 90.02138327, 89.16389931, 89.41020545, 87.41356919, 87.97754572, 88.01820196, 85.99917539, 86.61130078, 85.5416873, 86.33412838, 85.74891717, 83.22156313, 80.7490703, 82.39308323, 82.78232012, 82.05125464, 80.19032053, 73.53517785, 74.32524824, 71.26414752, 62.25558248, 60.93207129, 63.64395268]",136.82613673531023,1.1570588321839752,1,98.95,98.95,Invest,N/A,N/A,N/A,N/A,N/A,N/A,N/A,N/A,N/A,N/A,N/A
aave_2026-06-10,aave,AAVE,2026-06-10T00:00:00Z,62.06274647838877,-2.158316652774961,142151376.71507078,923849912.0887774,14,Decentralized Finance (DeFi),kucoin,-39.16221459176577,-39.16221459176577,NULL,NULL,NULL,none,none,0,0.0,NULL,"[102.01348728, 101.07583168, 96.69117469, 96.38500927, 98.28571596, 92.84403624, 90.02138327, 89.16389931, 89.41020545, 87.41356919, 87.97754572, 88.01820196, 85.99917539, 86.61130078, 85.5416873, 86.33412838, 85.74891717, 83.22156313, 80.7490703, 82.39308323, 82.78232012, 82.05125464, 80.19032053, 73.53517785, 74.32524824, 71.26414752, 62.25558248, 60.93207129, 63.64395268, 63.4318057]",132.00900941159358,1.1270249368928784,1,99.24,99.24,Invest,N/A,N/A,N/A,N/A,N/A,N/A,N/A,N/A,N/A,N/A,N/A
aave_2026-06-11,aave,AAVE,2026-06-11T00:00:00Z,61.246573924617344,-1.3150764348716426,171113589.3613895,911722158.3022234,14,Decentralized Finance (DeFi),kucoin,-39.405322807635116,-39.405322807635116,NULL,NULL,NULL,none,none,0,0.0,NULL,"[101.07583168, 96.69117469, 96.38500927, 98.28571596, 92.84403624, 90.02138327, 89.16389931, 89.41020545, 87.41356919, 87.97754572, 88.01820196, 85.99917539, 86.61130078, 85.5416873, 86.33412838, 85.74891717, 83.22156313, 80.7490703, 82.39308323, 82.78232012, 82.05125464, 80.19032053, 73.53517785, 74.32524824, 71.26414752, 62.25558248, 60.93207129, 63.64395268, 63.4318057, 62.06274648]",128.83269451451525,1.1035085925472878,1,99.3,99.3,Invest,N/A,N/A,N/A,N/A,N/A,N/A,N/A,N/A,N/A,N/A,N/A
aave_2026-06-12,aave,AAVE,2026-06-12T00:00:00Z,64.25160026808855,4.906439904981164,152485761.76642147,956459521.9423361,14,Decentralized Finance (DeFi),kucoin,-33.549674545429795,-34.627733398803294,NULL,NULL,NULL,none,none,0,0.0,NULL,"[96.69117469, 96.38500927, 98.28571596, 92.84403624, 90.02138327, 89.16389931, 89.41020545, 87.41356919, 87.97754572, 88.01820196, 85.99917539, 86.61130078, 85.5416873, 86.33412838, 85.74891717, 83.22156313, 80.7490703, 82.39308323, 82.78232012, 82.05125464, 80.19032053, 73.53517785, 74.32524824, 71.26414752, 62.25558248, 60.93207129, 63.64395268, 63.4318057, 62.06274648, 61.24657392]",125.78963329921156,0.9577665423795947,1,98.3,98.3,Invest,N/A,N/A,N/A,N/A,N/A,N/A,N/A,N/A,N/A,N/A,N/A
aave_2026-06-13,aave,AAVE,2026-06-13T00:00:00Z,64.18445065736434,-0.1045104097703975,108936503.12207015,955460918.3105406,14,Decentralized Finance (DeFi),kucoin,-33.40826426754734,-34.6960542225044,NULL,NULL,NULL,none,none,0,0.0,NULL,"[96.38500927, 98.28571596, 92.84403624, 90.02138327, 89.16389931, 89.41020545, 87.41356919, 87.97754572, 88.01820196, 85.99917539, 86.61130078, 85.5416873, 86.33412838, 85.74891717, 83.22156313, 80.7490703, 82.39308323, 82.78232012, 82.05125464, 80.19032053, 73.53517785, 74.32524824, 71.26414752, 62.25558248, 60.93207129, 63.64395268, 63.4318057, 62.06274648, 61.24657392, 64.25160027]",120.62792848738104,0.8793948885116858,1,98.15,98.15,Invest,N/A,N/A,N/A,N/A,N/A,N/A,N/A,N/A,N/A,N/A,N/A
aave_2026-06-14,aave,AAVE,2026-06-14T00:00:00Z,67.06858780570695,4.493513800934434,107968750.8396167,998396866.4156327,14,Decentralized Finance (DeFi),kucoin,-31.7616124064379,-31.7616124064379,NULL,NULL,NULL,none,none,0,0.0,NULL,"[98.28571596, 92.84403624, 90.02138327, 89.16389931, 89.41020545, 87.41356919, 87.97754572, 88.01820196, 85.99917539, 86.61130078, 85.5416873, 86.33412838, 85.74891717, 83.22156313, 80.7490703, 82.39308323, 82.78232012, 82.05125464, 80.19032053, 73.53517785, 74.32524824, 71.26414752, 62.25558248, 60.93207129, 63.64395268, 63.4318057, 62.06274648, 61.24657392, 64.25160027, 64.18445066]",124.9936749048388,0.8636694016420445,1,97.06,97.06,Invest,N/A,N/A,N/A,N/A,N/A,N/A,N/A,N/A,N/A,N/A,N/A
aave_2026-06-15,aave,AAVE,2026-06-15T00:00:00Z,68.30307486502944,1.840633744814646,101170967.98055205,1016775535.9705592,14,Decentralized Finance (DeFi),kucoin,-26.432458527817857,-26.432458527817857,NULL,NULL,NULL,none,none,0,0.0,NULL,"[92.84403624, 90.02138327, 89.16389931, 89.41020545, 87.41356919, 87.97754572, 88.01820196, 85.99917539, 86.61130078, 85.5416873, 86.33412838, 85.74891717, 83.22156313, 80.7490703, 82.39308323, 82.78232012, 82.05125464, 80.19032053, 73.53517785, 74.32524824, 71.26414752, 62.25558248, 60.93207129, 63.64395268, 63.4318057, 62.06274648, 61.24657392, 64.25160027, 64.18445066, 67.06858781]",125.54545068666184,0.838064405368959,1,92.41,92.41,Invest,N/A,N/A,N/A,N/A,N/A,N/A,N/A,N/A,N/A,N/A,N/A
aave_2026-06-16,aave,AAVE,2026-06-16T00:00:00Z,73.72706985393312,7.941070002517137,230665446.84415895,1097533760.244487,14,Decentralized Finance (DeFi),kucoin,-18.10049215396613,-18.10049215396613,NULL,NULL,NULL,none,none,0,0.0,NULL,"[90.02138327, 89.16389931, 89.41020545, 87.41356919, 87.97754572, 88.01820196, 85.99917539, 86.61130078, 85.5416873, 86.33412838, 85.74891717, 83.22156313, 80.7490703, 82.39308323, 82.78232012, 82.05125464, 80.19032053, 73.53517785, 74.32524824, 71.26414752, 62.25558248, 60.93207129, 63.64395268, 63.4318057, 62.06274648, 61.24657392, 64.25160027, 64.18445066, 67.06858781, 68.30307487]",124.4183448129169,0.6875530935843852,1,77.62,77.62,Invest,N/A,N/A,N/A,N/A,N/A,N/A,N/A,N/A,N/A,N/A,N/A
aave_2026-06-17,aave,AAVE,2026-06-17T00:00:00Z,75.84652935865482,2.874737201574318,174130177.38857844,1129091496.9390736,14,Decentralized Finance (DeFi),kucoin,-14.9358317179615,-15.170165440827022,NULL,NULL,NULL,none,none,0,0.0,NULL,"[89.16389931, 89.41020545, 87.41356919, 87.97754572, 88.01820196, 85.99917539, 86.61130078, 85.5416873, 86.33412838, 85.74891717, 83.22156313, 80.7490703, 82.39308323, 82.78232012, 82.05125464, 80.19032053, 73.53517785, 74.32524824, 71.26414752, 62.25558248, 60.93207129, 63.64395268, 63.4318057, 62.06274648, 61.24657392, 64.25160027, 64.18445066, 67.06858781, 68.30307487, 73.72706985]",128.20495737801633,0.6903206839138898,1,65.53,65.53,Invest,N/A,N/A,N/A,N/A,N/A,N/A,N/A,N/A,N/A,N/A,N/A
aave_2026-06-18,aave,AAVE,2026-06-18T00:00:00Z,73.82996560800957,-2.658742288799454,210350593.1146849,1099088877.2021763,14,Decentralized Finance (DeFi),kucoin,-17.425572125770362,-17.425572125770362,Grayscale Applies Wall Street Valuation Models to AAVE,NULL,Grayscale Applies Wall Street Valuation Models to AAVE,neutral,none,1,0.0,Grayscale Applies Wall Street Valuation Models to AAVE,"[89.41020545, 87.41356919, 87.97754572, 88.01820196, 85.99917539, 86.61130078, 85.5416873, 86.33412838, 85.74891717, 83.22156313, 80.7490703, 82.39308323, 82.78232012, 82.05125464, 80.19032053, 73.53517785, 74.32524824, 71.26414752, 62.25558248, 60.93207129, 63.64395268, 63.4318057, 62.06274648, 61.24657392, 64.25160027, 64.18445066, 67.06858781, 68.30307487, 73.72706985, 75.84652936]",122.15005575810984,0.6544780259908205,1,74.9,74.9,Invest,N/A,N/A,N/A,N/A,N/A,N/A,N/A,N/A,N/A,N/A,N/A
aave_2026-06-19,aave,AAVE,2026-06-19T00:00:00Z,74.80965037865609,1.3269473479752492,157800483.6923226,1113674799.704648,14,Decentralized Finance (DeFi),kucoin,-14.418721174442272,-15.006613735241704,Grayscale Applies Wall Street Valuation Models to AAVE,NULL,Grayscale Applies Wall Street Valuation Models to AAVE,neutral,none,1,0.0,Grayscale Applies Wall Street Valuation Models to AAVE,"[87.41356919, 87.97754572, 88.01820196, 85.99917539, 86.61130078, 85.5416873, 86.33412838, 85.74891717, 83.22156313, 80.7490703, 82.39308323, 82.78232012, 82.05125464, 80.19032053, 73.53517785, 74.32524824, 71.26414752, 62.25558248, 60.93207129, 63.64395268, 63.4318057, 62.06274648, 61.24657392, 64.25160027, 64.18445066, 67.06858781, 68.30307487, 73.72706985, 75.84652936, 73.82996561]",119.44762227067375,0.5966873480370294,1,63.69,63.69,Invest,N/A,N/A,N/A,N/A,N/A,N/A,N/A,N/A,N/A,N/A,N/A
aave_2026-06-20,aave,AAVE,2026-06-20T00:00:00Z,73.56787618235208,-1.6599117761126436,134470398.44852096,1095190363.5692072,14,Decentralized Finance (DeFi),kucoin,-16.378803728102255,-16.41742896276733,Grayscale Applies Wall Street Valuation Models to AAVE,NULL,Grayscale Applies Wall Street Valuation Models to AAVE,neutral,none,1,0.0,Grayscale Applies Wall Street Valuation Models to AAVE,"[87.97754572, 88.01820196, 85.99917539, 86.61130078, 85.5416873, 86.33412838, 85.74891717, 83.22156313, 80.7490703, 82.39308323, 82.78232012, 82.05125464, 80.19032053, 73.53517785, 74.32524824, 71.26414752, 62.25558248, 60.93207129, 63.64395268, 63.4318057, 62.06274648, 61.24657392, 64.25160027, 64.18445066, 67.06858781, 68.30307487, 73.72706985, 75.84652936, 73.82996561, 74.80965038]",127.9762882574679,0.7395675245572422,1,68.51,68.51,Invest,N/A,N/A,N/A,N/A,N/A,N/A,N/A,N/A,N/A,N/A,N/A
aave_2026-06-21,aave,AAVE,2026-06-21T00:00:00Z,75.99412445214746,3.2979724245151054,124000991.82861906,1131311909.6126907,14,Decentralized Finance (DeFi),kucoin,-13.66089881825866,-13.66089881825866,Grayscale Applies Wall Street Valuation Models to AAVE,NULL,Grayscale Applies Wall Street Valuation Models to AAVE,neutral,none,1,0.0,Grayscale Applies Wall Street Valuation Models to AAVE,"[88.01820196, 85.99917539, 86.61130078, 85.5416873, 86.33412838, 85.74891717, 83.22156313, 80.7490703, 82.39308323, 82.78232012, 82.05125464, 80.19032053, 73.53517785, 74.32524824, 71.26414752, 62.25558248, 60.93207129, 63.64395268, 63.4318057, 62.06274648, 61.24657392, 64.25160027, 64.18445066, 67.06858781, 68.30307487, 73.72706985, 75.84652936, 73.82996561, 74.80965038, 73.56787618]",127.9762882574679,0.6840287216948324,1,56.81,56.81,Invest,N/A,N/A,N/A,N/A,N/A,N/A,N/A,N/A,N/A,N/A,N/A
aave_2026-06-22,aave,AAVE,2026-06-22T00:00:00Z,73.98030505594501,-2.6499672319674206,110731823.70441134,1101341153.5494857,14,Decentralized Finance (DeFi),kucoin,-13.975564624712366,-14.583542344102963,Grayscale Applies Wall Street Valuation Models to AAVE,NULL,Grayscale Applies Wall Street Valuation Models to AAVE,neutral,none,1,0.0,Grayscale Applies Wall Street Valuation Models to AAVE,"[85.99917539, 86.61130078, 85.5416873, 86.33412838, 85.74891717, 83.22156313, 80.7490703, 82.39308323, 82.78232012, 82.05125464, 80.19032053, 73.53517785, 74.32524824, 71.26414752, 62.25558248, 60.93207129, 63.64395268, 63.4318057, 62.06274648, 61.24657392, 64.25160027, 64.18445066, 67.06858781, 68.30307487, 73.72706985, 75.84652936, 73.82996561, 74.80965038, 73.56787618, 75.99412445]",127.9762882574679,0.729869701952301,1,59.23,59.23,Invest,N/A,N/A,N/A,N/A,N/A,N/A,N/A,N/A,N/A,N/A,N/A
aave_2026-06-23,aave,AAVE,2026-06-23T00:00:00Z,74.94259165864939,1.3007334884286958,140397535.69999447,1115672178.7694762,14,Decentralized Finance (DeFi),kucoin,-13.472501874743193,-13.472501874743193,Grayscale Applies Wall Street Valuation Models to AAVE,NULL,Grayscale Applies Wall Street Valuation Models to AAVE,neutral,none,1,0.0,Grayscale Applies Wall Street Valuation Models to AAVE,"[86.61130078, 85.5416873, 86.33412838, 85.74891717, 83.22156313, 80.7490703, 82.39308323, 82.78232012, 82.05125464, 80.19032053, 73.53517785, 74.32524824, 71.26414752, 62.25558248, 60.93207129, 63.64395268, 63.4318057, 62.06274648, 61.24657392, 64.25160027, 64.18445066, 67.06858781, 68.30307487, 73.72706985, 75.84652936, 73.82996561, 74.80965038, 73.56787618, 75.99412445, 73.98030506]",127.9762882574679,0.7076576273259654,1,56.4,56.4,Invest,N/A,N/A,N/A,N/A,N/A,N/A,N/A,N/A,N/A,N/A,N/A
aave_2026-06-24,aave,AAVE,2026-06-24T00:00:00Z,72.36172349709702,-3.4437935817696053,176128301.02713344,1077251806.1126378,14,Decentralized Finance (DeFi),kucoin,-15.407650027749586,-16.184103720615695,"DeFi lending giant Aave could reach $3 , 500 by 2030 , Standard Chartered forecasts | Standard Chartered Extends Tokenization Thesis to Aave Lending | Grayscale Applies Wall Street Valuation Models to AAVE",NULL,"DeFi lending giant Aave could reach $3 , 500 by 2030 , Standard Chartered forecasts | Standard Chartered Extends Tokenization Thesis to Aave Lending | Grayscale Applies Wall Street Valuation Models to AAVE",neutral,none,3,0.0,"DeFi lending giant Aave could reach $3 , 500 by 2030 , Standard Chartered forecasts | Standard Chartered Extends Tokenization Thesis to Aave Lending | Grayscale Applies Wall Street Valuation Models to AAVE","[85.5416873, 86.33412838, 85.74891717, 83.22156313, 80.7490703, 82.39308323, 82.78232012, 82.05125464, 80.19032053, 73.53517785, 74.32524824, 71.26414752, 62.25558248, 60.93207129, 63.64395268, 63.4318057, 62.06274648, 61.24657392, 64.25160027, 64.18445066, 67.06858781, 68.30307487, 73.72706985, 75.84652936, 73.82996561, 74.80965038, 73.56787618, 75.99412445, 73.98030506, 74.94259166]",127.9762882574679,0.7685632966246583,1,68.41,68.41,Invest,N/A,N/A,N/A,N/A,N/A,N/A,N/A,N/A,N/A,N/A,N/A
aave_2026-06-25,aave,AAVE,2026-06-25T00:00:00Z,79.94157285992512,10.474943100453071,375665958.9421448,1190094700.542904,13,Decentralized Finance (DeFi),kucoin,-7.404436276215421,-7.404436276215421,"Kraken To Buy 15 % Stake In DeFi Lender Aave | Aave Jumps 15 % Off Standard Chartered Forecasts , While Bitcoin Drops Below $60 , 000 | DeFi lending giant Aave could reach $3 , 500 by 2030 , Standard Chartered forecasts | Standard Chartered Extends Tokenization Thesis to Aave Lending | Grayscale Applies Wall Street Valuation Models to AAVE",NULL,"Kraken To Buy 15 % Stake In DeFi Lender Aave | Aave Jumps 15 % Off Standard Chartered Forecasts , While Bitcoin Drops Below $60 , 000 | DeFi lending giant Aave could reach $3 , 500 by 2030 , Standard Chartered forecasts | Standard Chartered Extends Tokenization Thesis to Aave Lending | Grayscale Applies Wall Street Valuation Models to AAVE",neutral,none,5,0.0,"Kraken To Buy 15 % Stake In DeFi Lender Aave | Aave Jumps 15 % Off Standard Chartered Forecasts , While Bitcoin Drops Below $60 , 000 | DeFi lending giant Aave could reach $3 , 500 by 2030 , Standard Chartered forecasts | Standard Chartered Extends Tokenization Thesis to Aave Lending | Grayscale Applies Wall Street Valuation Models to AAVE","[86.33412838, 85.74891717, 83.22156313, 80.7490703, 82.39308323, 82.78232012, 82.05125464, 80.19032053, 73.53517785, 74.32524824, 71.26414752, 62.25558248, 60.93207129, 63.64395268, 63.4318057, 62.06274648, 61.24657392, 64.25160027, 64.18445066, 67.06858781, 68.30307487, 73.72706985, 75.84652936, 73.82996561, 74.80965038, 73.56787618, 75.99412445, 73.98030506, 74.94259166, 72.3617235]",127.9762882574679,0.600872783447856,1,31.53,31.53,Skip,N/A,N/A,N/A,N/A,N/A,N/A,N/A,N/A,N/A,N/A,N/A
aave_2026-06-26,aave,AAVE,2026-06-26T00:00:00Z,82.33192443962999,2.9901232790269017,491592400.4142457,1225683374.2612846,13,Decentralized Finance (DeFi),kucoin,-3.9848814935012133,-3.9848814935012133,"Aave Token Could Climb 50x by End of 2030 , Standard Chartered Says Here Why | Aave V4 Crosses $200M Deposits . How It Is DeFi Lending New Revenue Engine | Kraken To Buy 15 % Stake In DeFi Lender Aave | Aave Jumps 15 % Off Standard Chartered Forecasts , While Bitcoin Drops Below $60 , 000",NULL,"Aave Token Could Climb 50x by End of 2030 , Standard Chartered Says Here Why | Aave V4 Crosses $200M Deposits . How It Is DeFi Lending New Revenue Engine | Kraken To Buy 15 % Stake In DeFi Lender Aave | Aave Jumps 15 % Off Standard Chartered Forecasts , While Bitcoin Drops Below $60 , 000",neutral,none,4,0.0,"Aave Token Could Climb 50x by End of 2030 , Standard Chartered Says Here Why | Aave V4 Crosses $200M Deposits . How It Is DeFi Lending New Revenue Engine | Kraken To Buy 15 % Stake In DeFi Lender Aave | Aave Jumps 15 % Off Standard Chartered Forecasts , While Bitcoin Drops Below $60 , 000","[85.74891717, 83.22156313, 80.7490703, 82.39308323, 82.78232012, 82.05125464, 80.19032053, 73.53517785, 74.32524824, 71.26414752, 62.25558248, 60.93207129, 63.64395268, 63.4318057, 62.06274648, 61.24657392, 64.25160027, 64.18445066, 67.06858781, 68.30307487, 73.72706985, 75.84652936, 73.82996561, 74.80965038, 73.56787618, 75.99412445, 73.98030506, 74.94259166, 72.3617235, 79.94157286]",127.9762882574679,0.5543944724783727,1,21.22,21.22,Skip,N/A,N/A,N/A,N/A,N/A,N/A,N/A,N/A,N/A,N/A,N/A
aave_2026-09-26,aave,AAVE,2026-09-26T00:00:00Z,127.9762882574679,55.43944724783727,293188020.6193911,1974396546.1947925,12,Decentralized Finance (DeFi),kucoin,0.737445947371218,-6.467951729838239,NULL,NULL,NULL,none,none,0,0.0,NULL,"[127.03944105, 128.09827557, 122.19076193, 126.76906677, 122.39963778, 124.06015065, 127.83643026, 127.13435879, 132.7466968, 130.37390328, 134.42213793, 136.82613674, 132.00900941, 128.83269451, 125.7896333, 120.62792849, 124.9936749, 125.54545069, 124.41834481, 128.20495738, 122.15005576, 119.44762227, 127.97628826]",127.9762882574679,0.0,0,29.15,29.15,Skip,0,0,-999,0,-999,0,0,-999,0.0,0.0,N/A
uniswap_2026-05-24,uniswap,UNI,2026-05-24T00:00:00Z,3.4616335473817075,1.8472165555025288,255566568.57338503,2141434124.4857123,12,Decentralized Finance (DeFi),binance,5.070726046522633,-13.303516362331658,Uniswap ( UNI ) Market Cap Reaches $2 . 15 Billion,NULL,Uniswap ( UNI ) Market Cap Reaches $2 . 15 Billion,neutral,none,1,0.0,Uniswap ( UNI ) Market Cap Reaches $2 . 15 Billion,"[3.29457469, 3.25463615, 3.25804208, 3.28444982, 3.2508217, 3.24182895, 3.19171519, 3.18499242, 3.20401757, 3.25375723, 3.23232347, 3.2724441, 3.35902124, 3.47614867, 3.43469187, 3.71013215, 3.80690308, 3.99281886, 3.89191399, 3.76308685, 3.62234693, 3.73079341, 3.59936726, 3.48571186, 3.46969045, 3.54131352, 3.44767814, 3.61257703, 3.60238336, 3.39884944]",4.136905170974035,0.19507311052698983,1,20.08,20.08,Skip,N/A,N/A,N/A,N/A,N/A,N/A,N/A,N/A,N/A,N/A,N/A
uniswap_2026-05-25,uniswap,UNI,2026-05-25T00:00:00Z,3.386698766684126,-2.1647230901797876,106413372.59953424,2094989951.364047,12,Decentralized Finance (DeFi),binance,4.0576766980536805,-15.180255162010203,Uniswap ( UNI ) Market Cap Reaches $2 . 15 Billion,NULL,Uniswap ( UNI ) Market Cap Reaches $2 . 15 Billion,neutral,none,1,0.0,Uniswap ( UNI ) Market Cap Reaches $2 . 15 Billion,"[3.25463615, 3.25804208, 3.28444982, 3.2508217, 3.24182895, 3.19171519, 3.18499242, 3.20401757, 3.25375723, 3.23232347, 3.2724441, 3.35902124, 3.47614867, 3.43469187, 3.71013215, 3.80690308, 3.99281886, 3.89191399, 3.76308685, 3.62234693, 3.73079341, 3.59936726, 3.48571186, 3.46969045, 3.54131352, 3.44767814, 3.61257703, 3.60238336, 3.39884944, 3.46163355]",4.304580365289597,0.27102546220966617,1,21.25,21.25,Skip,N/A,N/A,N/A,N/A,N/A,N/A,N/A,N/A,N/A,N/A,N/A
uniswap_2026-05-26,uniswap,UNI,2026-05-26T00:00:00Z,3.3266252125463343,-1.773808604672833,222664164.5394691,2057689121.0807934,12,Decentralized Finance (DeFi),binance,2.105041286995668,-16.68479509440801,Phishing Scammers Net $400K With Fake Uniswap Google Ads | Uniswap ( UNI ) Market Cap Reaches $2 . 15 Billion,NULL,Phishing Scammers Net $400K With Fake Uniswap Google Ads | Uniswap ( UNI ) Market Cap Reaches $2 . 15 Billion,neutral,none,2,0.0,Phishing Scammers Net $400K With Fake Uniswap Google Ads | Uniswap ( UNI ) Market Cap Reaches $2 . 15 Billion,"[3.25804208, 3.28444982, 3.2508217, 3.24182895, 3.19171519, 3.18499242, 3.20401757, 3.25375723, 3.23232347, 3.2724441, 3.35902124, 3.47614867, 3.43469187, 3.71013215, 3.80690308, 3.99281886, 3.89191399, 3.76308685, 3.62234693, 3.73079341, 3.59936726, 3.48571186, 3.46969045, 3.54131352, 3.44767814, 3.61257703, 3.60238336, 3.39884944, 3.46163355, 3.38669877]",4.521476615539054,0.3591782442116862,1,30.3,30.3,Skip,N/A,N/A,N/A,N/A,N/A,N/A,N/A,N/A,N/A,N/A,N/A
uniswap_2026-05-27,uniswap,UNI,2026-05-27T00:00:00Z,3.251165454551141,-2.2683576650173065,139453869.6465526,2010876823.2314386,12,Decentralized Finance (DeFi),binance,-1.0133924078991718,-18.574681931008886,Phishing Scammers Net $400K With Fake Uniswap Google Ads | Uniswap ( UNI ) Market Cap Reaches $2 . 15 Billion,NULL,Phishing Scammers Net $400K With Fake Uniswap Google Ads | Uniswap ( UNI ) Market Cap Reaches $2 . 15 Billion,neutral,none,2,0.0,Phishing Scammers Net $400K With Fake Uniswap Google Ads | Uniswap ( UNI ) Market Cap Reaches $2 . 15 Billion,"[3.28444982, 3.2508217, 3.24182895, 3.19171519, 3.18499242, 3.20401757, 3.25375723, 3.23232347, 3.2724441, 3.35902124, 3.47614867, 3.43469187, 3.71013215, 3.80690308, 3.99281886, 3.89191399, 3.76308685, 3.62234693, 3.73079341, 3.59936726, 3.48571186, 3.46969045, 3.54131352, 3.44767814, 3.61257703, 3.60238336, 3.39884944, 3.46163355, 3.38669877, 3.32662521]",4.329036450713605,0.3315337257455193,1,35.42,35.42,Skip,N/A,N/A,N/A,N/A,N/A,N/A,N/A,N/A,N/A,N/A,N/A
uniswap_2026-05-28,uniswap,UNI,2026-05-28T00:00:00Z,3.093252574948963,-4.857116065290478,232678630.65577614,1913113404.4198132,12,Decentralized Finance (DeFi),binance,-4.84705524118162,-22.529604136151725,Phishing Scammers Net $400K With Fake Uniswap Google Ads | Uniswap ( UNI ) Market Cap Reaches $2 . 15 Billion,NULL,Phishing Scammers Net $400K With Fake Uniswap Google Ads | Uniswap ( UNI ) Market Cap Reaches $2 . 15 Billion,neutral,none,2,0.0,Phishing Scammers Net $400K With Fake Uniswap Google Ads | Uniswap ( UNI ) Market Cap Reaches $2 . 15 Billion,"[3.2508217, 3.24182895, 3.19171519, 3.18499242, 3.20401757, 3.25375723, 3.23232347, 3.2724441, 3.35902124, 3.47614867, 3.43469187, 3.71013215, 3.80690308, 3.99281886, 3.89191399, 3.76308685, 3.62234693, 3.73079341, 3.59936726, 3.48571186, 3.46969045, 3.54131352, 3.44767814, 3.61257703, 3.60238336, 3.39884944, 3.46163355, 3.38669877, 3.32662521, 3.25116545]",4.269455586382714,0.38024796971296704,1,55.72,55.72,Invest,N/A,N/A,N/A,N/A,N/A,N/A,N/A,N/A,N/A,N/A,N/A
uniswap_2026-05-29,uniswap,UNI,2026-05-29T00:00:00Z,3.0496933581172323,-1.408201101471629,233120152.81620023,1938243479.024607,12,Decentralized Finance (DeFi),binance,-5.926765202757133,-23.620543104020864,Phishing Scammers Net $400K With Fake Uniswap Google Ads | Uniswap ( UNI ) Market Cap Reaches $2 . 15 Billion,NULL,Phishing Scammers Net $400K With Fake Uniswap Google Ads | Uniswap ( UNI ) Market Cap Reaches $2 . 15 Billion,neutral,none,2,0.0,Phishing Scammers Net $400K With Fake Uniswap Google Ads | Uniswap ( UNI ) Market Cap Reaches $2 . 15 Billion,"[3.24182895, 3.19171519, 3.18499242, 3.20401757, 3.25375723, 3.23232347, 3.2724441, 3.35902124, 3.47614867, 3.43469187, 3.71013215, 3.80690308, 3.99281886, 3.89191399, 3.76308685, 3.62234693, 3.73079341, 3.59936726, 3.48571186, 3.46969045, 3.54131352, 3.44767814, 3.61257703, 3.60238336, 3.39884944, 3.46163355, 3.38669877, 3.32662521, 3.25116545, 3.09325257]",4.379796336852756,0.4361431863945431,1,60.78,60.78,Invest,N/A,N/A,N/A,N/A,N/A,N/A,N/A,N/A,N/A,N/A,N/A
uniswap_2026-05-30,uniswap,UNI,2026-05-30T00:00:00Z,3.017052443841905,-1.0703015169852503,201421105.16613787,1917413952.1973114,12,Decentralized Finance (DeFi),binance,-5.472378812402234,-24.438033589843634,Phishing Scammers Net $400K With Fake Uniswap Google Ads | Uniswap ( UNI ) Market Cap Reaches $2 . 15 Billion,NULL,Phishing Scammers Net $400K With Fake Uniswap Google Ads | Uniswap ( UNI ) Market Cap Reaches $2 . 15 Billion,neutral,none,2,0.0,Phishing Scammers Net $400K With Fake Uniswap Google Ads | Uniswap ( UNI ) Market Cap Reaches $2 . 15 Billion,"[3.19171519, 3.18499242, 3.20401757, 3.25375723, 3.23232347, 3.2724441, 3.35902124, 3.47614867, 3.43469187, 3.71013215, 3.80690308, 3.99281886, 3.89191399, 3.76308685, 3.62234693, 3.73079341, 3.59936726, 3.48571186, 3.46969045, 3.54131352, 3.44767814, 3.61257703, 3.60238336, 3.39884944, 3.46163355, 3.38669877, 3.32662521, 3.25116545, 3.09325257, 3.04969336]",4.684913503389672,0.5528114245915852,1,62.53,62.53,Invest,N/A,N/A,N/A,N/A,N/A,N/A,N/A,N/A,N/A,N/A,N/A
uniswap_2026-05-31,uniswap,UNI,2026-05-31T00:00:00Z,3.054861465927792,1.2531774899391834,108582283.96956602,1941393674.4517467,12,Decentralized Finance (DeFi),binance,-4.085753892372901,-23.491108035836138,Phishing Scammers Net $400K With Fake Uniswap Google Ads | Uniswap ( UNI ) Market Cap Reaches $2 . 15 Billion,NULL,Phishing Scammers Net $400K With Fake Uniswap Google Ads | Uniswap ( UNI ) Market Cap Reaches $2 . 15 Billion,neutral,none,2,0.0,Phishing Scammers Net $400K With Fake Uniswap Google Ads | Uniswap ( UNI ) Market Cap Reaches $2 . 15 Billion,"[3.18499242, 3.20401757, 3.25375723, 3.23232347, 3.2724441, 3.35902124, 3.47614867, 3.43469187, 3.71013215, 3.80690308, 3.99281886, 3.89191399, 3.76308685, 3.62234693, 3.73079341, 3.59936726, 3.48571186, 3.46969045, 3.54131352, 3.44767814, 3.61257703, 3.60238336, 3.39884944, 3.46163355, 3.38669877, 3.32662521, 3.25116545, 3.09325257, 3.04969336, 3.01705244]",4.435315647257612,0.45188765406439213,1,54.18,54.18,Invest,N/A,N/A,N/A,N/A,N/A,N/A,N/A,N/A,N/A,N/A,N/A
uniswap_2026-06-01,uniswap,UNI,2026-06-01T00:00:00Z,3.021205970959714,-1.1017028216648295,102825896.01444891,1920005285.5606892,12,Decentralized Finance (DeFi),binance,-5.705699107233908,-24.334008657429827,Uniswap Trading 12 . 8 % Lower Over Last 7 Days ( UNI ),NULL,Uniswap Trading 12 . 8 % Lower Over Last 7 Days ( UNI ),neutral,none,1,0.0,Uniswap Trading 12 . 8 % Lower Over Last 7 Days ( UNI ),"[3.20401757, 3.25375723, 3.23232347, 3.2724441, 3.35902124, 3.47614867, 3.43469187, 3.71013215, 3.80690308, 3.99281886, 3.89191399, 3.76308685, 3.62234693, 3.73079341, 3.59936726, 3.48571186, 3.46969045, 3.54131352, 3.44767814, 3.61257703, 3.60238336, 3.39884944, 3.46163355, 3.38669877, 3.32662521, 3.25116545, 3.09325257, 3.04969336, 3.01705244, 3.05486147]",4.681964086027825,0.5497003948196737,1,57.88,57.88,Invest,N/A,N/A,N/A,N/A,N/A,N/A,N/A,N/A,N/A,N/A,N/A
uniswap_2026-06-02,uniswap,UNI,2026-06-02T00:00:00Z,2.979920966273597,-1.3665074504338626,146299728.74547786,1856388138.1408045,12,Decentralized Finance (DeFi),binance,-8.416001707566178,-25.36799006657069,Uniswap Trading 12 . 8 % Lower Over Last 7 Days ( UNI ),NULL,Uniswap Trading 12 . 8 % Lower Over Last 7 Days ( UNI ),neutral,none,1,0.0,Uniswap Trading 12 . 8 % Lower Over Last 7 Days ( UNI ),"[3.25375723, 3.23232347, 3.2724441, 3.35902124, 3.47614867, 3.43469187, 3.71013215, 3.80690308, 3.99281886, 3.89191399, 3.76308685, 3.62234693, 3.73079341, 3.59936726, 3.48571186, 3.46969045, 3.54131352, 3.44767814, 3.61257703, 3.60238336, 3.39884944, 3.46163355, 3.38669877, 3.32662521, 3.25116545, 3.09325257, 3.04969336, 3.01705244, 3.05486147, 3.02120597]",5.132216930650087,0.722266123409288,1,65.04,65.04,Invest,N/A,N/A,N/A,N/A,N/A,N/A,N/A,N/A,N/A,N/A,N/A
uniswap_2026-06-03,uniswap,UNI,2026-06-03T00:00:00Z,2.797365270340815,-6.126192539967546,170710144.98960167,1742634252.8564768,12,Decentralized Finance (DeFi),binance,-13.456518365635194,-29.940090691540266,Uniswap Trading 12 . 8 % Lower Over Last 7 Days ( UNI ),NULL,Uniswap Trading 12 . 8 % Lower Over Last 7 Days ( UNI ),neutral,none,1,0.0,Uniswap Trading 12 . 8 % Lower Over Last 7 Days ( UNI ),"[3.23232347, 3.2724441, 3.35902124, 3.47614867, 3.43469187, 3.71013215, 3.80690308, 3.99281886, 3.89191399, 3.76308685, 3.62234693, 3.73079341, 3.59936726, 3.48571186, 3.46969045, 3.54131352, 3.44767814, 3.61257703, 3.60238336, 3.39884944, 3.46163355, 3.38669877, 3.32662521, 3.25116545, 3.09325257, 3.04969336, 3.01705244, 3.05486147, 3.02120597, 2.97992097]",5.229010681436265,0.8692627440817524,1,81.32,81.32,Invest,N/A,N/A,N/A,N/A,N/A,N/A,N/A,N/A,N/A,N/A,N/A
uniswap_2026-06-04,uniswap,UNI,2026-06-04T00:00:00Z,2.7983961402561244,0.036851458986753016,164780318.22035778,1743091744.8582003,12,Decentralized Finance (DeFi),binance,-14.486052113002756,-29.91427259279531,Uniswap Trading 12 . 8 % Lower Over Last 7 Days ( UNI ),NULL,Uniswap Trading 12 . 8 % Lower Over Last 7 Days ( UNI ),neutral,none,1,0.0,Uniswap Trading 12 . 8 % Lower Over Last 7 Days ( UNI ),"[3.2724441, 3.35902124, 3.47614867, 3.43469187, 3.71013215, 3.80690308, 3.99281886, 3.89191399, 3.76308685, 3.62234693, 3.73079341, 3.59936726, 3.48571186, 3.46969045, 3.54131352, 3.44767814, 3.61257703, 3.60238336, 3.39884944, 3.46163355, 3.38669877, 3.32662521, 3.25116545, 3.09325257, 3.04969336, 3.01705244, 3.05486147, 3.02120597, 2.97992097, 2.79736527]",5.843678770140224,1.0882242817864163,1,81.47,81.47,Invest,N/A,N/A,N/A,N/A,N/A,N/A,N/A,N/A,N/A,N/A,N/A
uniswap_2026-06-05,uniswap,UNI,2026-06-05T00:00:00Z,2.6519810367121406,-5.232107829114685,188567576.21963432,1651620803.141078,12,Decentralized Finance (DeFi),binance,-21.04899475928447,-33.581233423559645,Uniswap Trading 12 . 8 % Lower Over Last 7 Days ( UNI ),NULL,Uniswap Trading 12 . 8 % Lower Over Last 7 Days ( UNI ),neutral,none,1,0.0,Uniswap Trading 12 . 8 % Lower Over Last 7 Days ( UNI ),"[3.35902124, 3.47614867, 3.43469187, 3.71013215, 3.80690308, 3.99281886, 3.89191399, 3.76308685, 3.62234693, 3.73079341, 3.59936726, 3.48571186, 3.46969045, 3.54131352, 3.44767814, 3.61257703, 3.60238336, 3.39884944, 3.46163355, 3.38669877, 3.32662521, 3.25116545, 3.09325257, 3.04969336, 3.01705244, 3.05486147, 3.02120597, 2.97992097, 2.79736527, 2.79839614]",5.8496825641210926,1.205778428707538,1,90.21,90.21,Invest,N/A,N/A,N/A,N/A,N/A,N/A,N/A,N/A,N/A,N/A,N/A
uniswap_2026-06-06,uniswap,UNI,2026-06-06T00:00:00Z,2.4604063594841863,-7.223832847065292,229862012.44312924,1532143169.4223642,12,Decentralized Finance (DeFi),binance,-29.2203357929218,-38.37921410012416,Uniswap Trading 12 . 8 % Lower Over Last 7 Days ( UNI ),NULL,Uniswap Trading 12 . 8 % Lower Over Last 7 Days ( UNI ),neutral,none,1,0.0,Uniswap Trading 12 . 8 % Lower Over Last 7 Days ( UNI ),"[3.47614867, 3.43469187, 3.71013215, 3.80690308, 3.99281886, 3.89191399, 3.76308685, 3.62234693, 3.73079341, 3.59936726, 3.48571186, 3.46969045, 3.54131352, 3.44767814, 3.61257703, 3.60238336, 3.39884944, 3.46163355, 3.38669877, 3.32662521, 3.25116545, 3.09325257, 3.04969336, 3.01705244, 3.05486147, 3.02120597, 2.97992097, 2.79736527, 2.79839614, 2.65198104]",6.327780516733257,1.5718436681572587,1,96.01,96.01,Invest,N/A,N/A,N/A,N/A,N/A,N/A,N/A,N/A,N/A,N/A,N/A
uniswap_2026-06-07,uniswap,UNI,2026-06-07T00:00:00Z,2.4642256870072803,0.1552315741816912,112710862.20073827,1534413113.4527478,12,Decentralized Finance (DeFi),binance,-28.254825143813655,-38.28355918414865,Uniswap Trading 12 . 8 % Lower Over Last 7 Days ( UNI ),NULL,Uniswap Trading 12 . 8 % Lower Over Last 7 Days ( UNI ),neutral,none,1,0.0,Uniswap Trading 12 . 8 % Lower Over Last 7 Days ( UNI ),"[3.43469187, 3.71013215, 3.80690308, 3.99281886, 3.89191399, 3.76308685, 3.62234693, 3.73079341, 3.59936726, 3.48571186, 3.46969045, 3.54131352, 3.44767814, 3.61257703, 3.60238336, 3.39884944, 3.46163355, 3.38669877, 3.32662521, 3.25116545, 3.09325257, 3.04969336, 3.01705244, 3.05486147, 3.02120597, 2.97992097, 2.79736527, 2.79839614, 2.65198104, 2.46040636]",6.182292466229112,1.5088174751304129,1,95.02,95.02,Invest,N/A,N/A,N/A,N/A,N/A,N/A,N/A,N/A,N/A,N/A,N/A
uniswap_2026-06-08,uniswap,UNI,2026-06-08T00:00:00Z,2.5686651733806007,4.238227323251342,147090660.08834285,1599393655.975186,12,Decentralized Finance (DeFi),binance,-30.766207982070547,-35.667876126553,Uniswap Trading 12 . 8 % Lower Over Last 7 Days ( UNI ),NULL,Uniswap Trading 12 . 8 % Lower Over Last 7 Days ( UNI ),neutral,none,1,0.0,Uniswap Trading 12 . 8 % Lower Over Last 7 Days ( UNI ),"[3.71013215, 3.80690308, 3.99281886, 3.89191399, 3.76308685, 3.62234693, 3.73079341, 3.59936726, 3.48571186, 3.46969045, 3.54131352, 3.44767814, 3.61257703, 3.60238336, 3.39884944, 3.46163355, 3.38669877, 3.32662521, 3.25116545, 3.09325257, 3.04969336, 3.01705244, 3.05486147, 3.02120597, 2.97992097, 2.79736527, 2.79839614, 2.65198104, 2.46040636, 2.46422569]",7.048641772873636,1.7440874139298477,1,93.63,93.63,Invest,N/A,N/A,N/A,N/A,N/A,N/A,N/A,N/A,N/A,N/A,N/A
uniswap_2026-06-09,uniswap,UNI,2026-06-09T00:00:00Z,2.5146044103490235,-2.104624751867845,158211449.36389405,1565682129.123521,12,Decentralized Finance (DeFi),binance,-33.946193125848524,-37.021825928995845,Uniswap Trading 12 . 8 % Lower Over Last 7 Days ( UNI ),NULL,Uniswap Trading 12 . 8 % Lower Over Last 7 Days ( UNI ),neutral,none,1,0.0,Uniswap Trading 12 . 8 % Lower Over Last 7 Days ( UNI ),"[3.80690308, 3.99281886, 3.89191399, 3.76308685, 3.62234693, 3.73079341, 3.59936726, 3.48571186, 3.46969045, 3.54131352, 3.44767814, 3.61257703, 3.60238336, 3.39884944, 3.46163355, 3.38669877, 3.32662521, 3.25116545, 3.09325257, 3.04969336, 3.01705244, 3.05486147, 3.02120597, 2.97992097, 2.79736527, 2.79839614, 2.65198104, 2.46040636, 2.46422569, 2.56866517]",7.291165865788254,1.899527987694991,1,95.18,95.18,Invest,N/A,N/A,N/A,N/A,N/A,N/A,N/A,N/A,N/A,N/A,N/A
uniswap_2026-06-10,uniswap,UNI,2026-06-10T00:00:00Z,2.477761576451565,-1.4651542702235565,113746614.76070276,1542222140.6194859,12,Decentralized Finance (DeFi),binance,-37.94455333570599,-37.94455333570599,Uniswap Trading 12 . 8 % Lower Over Last 7 Days ( UNI ),NULL,Uniswap Trading 12 . 8 % Lower Over Last 7 Days ( UNI ),neutral,none,1,0.0,Uniswap Trading 12 . 8 % Lower Over Last 7 Days ( UNI ),"[3.99281886, 3.89191399, 3.76308685, 3.62234693, 3.73079341, 3.59936726, 3.48571186, 3.46969045, 3.54131352, 3.44767814, 3.61257703, 3.60238336, 3.39884944, 3.46163355, 3.38669877, 3.32662521, 3.25116545, 3.09325257, 3.04969336, 3.01705244, 3.05486147, 3.02120597, 2.97992097, 2.79736527, 2.79839614, 2.65198104, 2.46040636, 2.46422569, 2.56866517, 2.51460441]",6.853478920682117,1.7659961256228192,1,95.78,95.78,Invest,N/A,N/A,N/A,N/A,N/A,N/A,N/A,N/A,N/A,N/A,N/A
uniswap_2026-06-11,uniswap,UNI,2026-06-11T00:00:00Z,2.3949652546160225,-3.341577439186705,123248123.20051499,1490543895.591126,12,Decentralized Finance (DeFi),binance,-38.46304770293867,-38.46304770293867,Uniswap Trading 12 . 8 % Lower Over Last 7 Days ( UNI ),NULL,Uniswap Trading 12 . 8 % Lower Over Last 7 Days ( UNI ),neutral,none,1,0.0,Uniswap Trading 12 . 8 % Lower Over Last 7 Days ( UNI ),"[3.89191399, 3.76308685, 3.62234693, 3.73079341, 3.59936726, 3.48571186, 3.46969045, 3.54131352, 3.44767814, 3.61257703, 3.60238336, 3.39884944, 3.46163355, 3.38669877, 3.32662521, 3.25116545, 3.09325257, 3.04969336, 3.01705244, 3.05486147, 3.02120597, 2.97992097, 2.79736527, 2.79839614, 2.65198104, 2.46040636, 2.46422569, 2.56866517, 2.51460441, 2.47776158]",6.74787291968688,1.8175243489153439,1,96.12,96.12,Invest,N/A,N/A,N/A,N/A,N/A,N/A,N/A,N/A,N/A,N/A,N/A
uniswap_2026-06-12,uniswap,UNI,2026-06-12T00:00:00Z,2.495411550300696,4.194060665016952,166828064.94073188,1553028265.872321,12,Decentralized Finance (DeFi),binance,-33.68711242666221,-33.68711242666221,NULL,NULL,NULL,none,none,0,0.0,NULL,"[3.76308685, 3.62234693, 3.73079341, 3.59936726, 3.48571186, 3.46969045, 3.54131352, 3.44767814, 3.61257703, 3.60238336, 3.39884944, 3.46163355, 3.38669877, 3.32662521, 3.25116545, 3.09325257, 3.04969336, 3.01705244, 3.05486147, 3.02120597, 2.97992097, 2.79736527, 2.79839614, 2.65198104, 2.46040636, 2.46422569, 2.56866517, 2.51460441, 2.47776158, 2.39496525]",6.158707279106767,1.4680126524078343,1,91.95,91.95,Invest,N/A,N/A,N/A,N/A,N/A,N/A,N/A,N/A,N/A,N/A,N/A
uniswap_2026-06-13,uniswap,UNI,2026-06-13T00:00:00Z,2.4987951361589253,0.13559229770423453,110917012.70375025,1554524346.5687907,12,Decentralized Finance (DeFi),binance,-31.01723320973416,-33.022420135409526,NULL,NULL,NULL,none,none,0,0.0,NULL,"[3.62234693, 3.73079341, 3.59936726, 3.48571186, 3.46969045, 3.54131352, 3.44767814, 3.61257703, 3.60238336, 3.39884944, 3.46163355, 3.38669877, 3.32662521, 3.25116545, 3.09325257, 3.04969336, 3.01705244, 3.05486147, 3.02120597, 2.97992097, 2.79736527, 2.79839614, 2.65198104, 2.46040636, 2.46422569, 2.56866517, 2.51460441, 2.47776158, 2.39496525, 2.49541155]",5.948949473944197,1.3807271704109154,1,89.61,89.61,Invest,N/A,N/A,N/A,N/A,N/A,N/A,N/A,N/A,N/A,N/A,N/A
uniswap_2026-06-14,uniswap,UNI,2026-06-14T00:00:00Z,2.5562552908193603,2.2995144271315215,94798790.25803505,1590204395.5538504,12,Decentralized Finance (DeFi),binance,-31.48226102347973,-31.48226102347973,NULL,NULL,NULL,none,none,0,0.0,NULL,"[3.73079341, 3.59936726, 3.48571186, 3.46969045, 3.54131352, 3.44767814, 3.61257703, 3.60238336, 3.39884944, 3.46163355, 3.38669877, 3.32662521, 3.25116545, 3.09325257, 3.04969336, 3.01705244, 3.05486147, 3.02120597, 2.97992097, 2.79736527, 2.79839614, 2.65198104, 2.46040636, 2.46422569, 2.56866517, 2.51460441, 2.47776158, 2.39496525, 2.49541155, 2.49879514]",6.007699046237661,1.3501952515517357,1,86.88,86.88,Invest,N/A,N/A,N/A,N/A,N/A,N/A,N/A,N/A,N/A,N/A,N/A
uniswap_2026-06-15,uniswap,UNI,2026-06-15T00:00:00Z,2.590450503393332,1.3377072586130856,87863712.50760534,1611455951.5759315,12,Decentralized Finance (DeFi),binance,-28.030392144221672,-28.293556695322376,NULL,NULL,NULL,none,none,0,0.0,NULL,"[3.59936726, 3.48571186, 3.46969045, 3.54131352, 3.44767814, 3.61257703, 3.60238336, 3.39884944, 3.46163355, 3.38669877, 3.32662521, 3.25116545, 3.09325257, 3.04969336, 3.01705244, 3.05486147, 3.02120597, 2.97992097, 2.79736527, 2.79839614, 2.65198104, 2.46040636, 2.46422569, 2.56866517, 2.51460441, 2.47776158, 2.39496525, 2.49541155, 2.49879514, 2.55625529]",6.370444231878948,1.4592032248962314,1,78.22,78.22,Invest,N/A,N/A,N/A,N/A,N/A,N/A,N/A,N/A,N/A,N/A,N/A
uniswap_2026-06-16,uniswap,UNI,2026-06-16T00:00:00Z,2.843882875845494,9.783331977205556,196497108.94416758,1769030408.264518,11,Decentralized Finance (DeFi),binance,-18.41313939152699,-21.27827729777908,Standard Chartered Sees UNI Surging 40x to $100 by 2030,NULL,Standard Chartered Sees UNI Surging 40x to $100 by 2030,neutral,none,1,0.0,Standard Chartered Sees UNI Surging 40x to $100 by 2030,"[3.48571186, 3.46969045, 3.54131352, 3.44767814, 3.61257703, 3.60238336, 3.39884944, 3.46163355, 3.38669877, 3.32662521, 3.25116545, 3.09325257, 3.04969336, 3.01705244, 3.05486147, 3.02120597, 2.97992097, 2.79736527, 2.79839614, 2.65198104, 2.46040636, 2.46422569, 2.56866517, 2.51460441, 2.47776158, 2.39496525, 2.49541155, 2.49879514, 2.55625529, 2.5904505]",6.125305764473013,1.153853035403908,1,49.47,49.47,Skip,N/A,N/A,N/A,N/A,N/A,N/A,N/A,N/A,N/A,N/A,N/A
uniswap_2026-06-17,uniswap,UNI,2026-06-17T00:00:00Z,3.2894261783359364,15.666724754196526,665813091.9308461,2045271651.5201387,11,Decentralized Finance (DeFi),binance,-5.195399149820423,-8.945161680260282,"Standard Chartered Says UNI Could Hit $100 as Wall Street Moves Onchain | HYPE , UNI and WLD outperform on Tuesday | Standard Chartered Sees UNI Surging 40x to $100 by 2030",NULL,"Standard Chartered Says UNI Could Hit $100 as Wall Street Moves Onchain | HYPE , UNI and WLD outperform on Tuesday | Standard Chartered Sees UNI Surging 40x to $100 by 2030",neutral,none,3,0.0,"Standard Chartered Says UNI Could Hit $100 as Wall Street Moves Onchain | HYPE , UNI and WLD outperform on Tuesday | Standard Chartered Sees UNI Surging 40x to $100 by 2030","[3.46969045, 3.54131352, 3.44767814, 3.61257703, 3.60238336, 3.39884944, 3.46163355, 3.38669877, 3.32662521, 3.25116545, 3.09325257, 3.04969336, 3.01705244, 3.05486147, 3.02120597, 2.97992097, 2.79736527, 2.79839614, 2.65198104, 2.46040636, 2.46422569, 2.56866517, 2.51460441, 2.47776158, 2.39496525, 2.49541155, 2.49879514, 2.55625529, 2.5904505, 2.84388288]",6.52865320247868,0.984739236732594,1,13.23,13.23,Skip,N/A,N/A,N/A,N/A,N/A,N/A,N/A,N/A,N/A,N/A,N/A
uniswap_2026-06-18,uniswap,UNI,2026-06-18T00:00:00Z,3.223939319779286,-1.9908292512519354,810155363.0045869,2004373244.6122046,11,Decentralized Finance (DeFi),binance,-8.962047478252089,-10.757908036209818,"Standard Chartered Says UNI Could Hit $100 as Wall Street Moves Onchain | HYPE , UNI and WLD outperform on Tuesday",NULL,"Standard Chartered Says UNI Could Hit $100 as Wall Street Moves Onchain | HYPE , UNI and WLD outperform on Tuesday",neutral,none,2,0.0,"Standard Chartered Says UNI Could Hit $100 as Wall Street Moves Onchain | HYPE , UNI and WLD outperform on Tuesday","[3.54131352, 3.44767814, 3.61257703, 3.60238336, 3.39884944, 3.46163355, 3.38669877, 3.32662521, 3.25116545, 3.09325257, 3.04969336, 3.01705244, 3.05486147, 3.02120597, 2.97992097, 2.79736527, 2.79839614, 2.65198104, 2.46040636, 2.46422569, 2.56866517, 2.51460441, 2.47776158, 2.39496525, 2.49541155, 2.49879514, 2.55625529, 2.5904505, 2.84388288, 3.28942618]",6.364785712694603,0.9742262745597652,1,18.81,18.81,Skip,N/A,N/A,N/A,N/A,N/A,N/A,N/A,N/A,N/A,N/A,N/A
uniswap_2026-06-19,uniswap,UNI,2026-06-19T00:00:00Z,3.2072023336818343,-0.5191470569798851,427910066.49089533,1993890627.0458996,11,Decentralized Finance (DeFi),binance,-6.975007487938123,-11.221205730227124,"Standard Chartered Says UNI Could Hit $100 as Wall Street Moves Onchain | HYPE , UNI and WLD outperform on Tuesday",NULL,"Standard Chartered Says UNI Could Hit $100 as Wall Street Moves Onchain | HYPE , UNI and WLD outperform on Tuesday",neutral,none,2,0.0,"Standard Chartered Says UNI Could Hit $100 as Wall Street Moves Onchain | HYPE , UNI and WLD outperform on Tuesday","[3.44767814, 3.61257703, 3.60238336, 3.39884944, 3.46163355, 3.38669877, 3.32662521, 3.25116545, 3.09325257, 3.04969336, 3.01705244, 3.05486147, 3.02120597, 2.97992097, 2.79736527, 2.79839614, 2.65198104, 2.46040636, 2.46422569, 2.56866517, 2.51460441, 2.47776158, 2.39496525, 2.49541155, 2.49879514, 2.55625529, 2.5904505, 2.84388288, 3.28942618, 3.22393932]",6.694025980458844,1.087185429543565,1,16.65,16.65,Skip,N/A,N/A,N/A,N/A,N/A,N/A,N/A,N/A,N/A,N/A,N/A
uniswap_2026-06-20,uniswap,UNI,2026-06-20T00:00:00Z,3.0815476144303395,-3.9178918626953108,239989768.41820478,1915722843.6559927,11,Decentralized Finance (DeFi),binance,-14.699462886721559,-14.699462886721559,"Standard Chartered Says UNI Could Hit $100 as Wall Street Moves Onchain | HYPE , UNI and WLD outperform on Tuesday",NULL,"Standard Chartered Says UNI Could Hit $100 as Wall Street Moves Onchain | HYPE , UNI and WLD outperform on Tuesday",neutral,none,2,0.0,"Standard Chartered Says UNI Could Hit $100 as Wall Street Moves Onchain | HYPE , UNI and WLD outperform on Tuesday","[3.61257703, 3.60238336, 3.39884944, 3.46163355, 3.38669877, 3.32662521, 3.25116545, 3.09325257, 3.04969336, 3.01705244, 3.05486147, 3.02120597, 2.97992097, 2.79736527, 2.79839614, 2.65198104, 2.46040636, 2.46422569, 2.56866517, 2.51460441, 2.47776158, 2.39496525, 2.49541155, 2.49879514, 2.55625529, 2.5904505, 2.84388288, 3.28942618, 3.22393932, 3.20720233]",7.691082283201773,1.4958505418465067,1,25.78,25.78,Skip,N/A,N/A,N/A,N/A,N/A,N/A,N/A,N/A,N/A,N/A,N/A
uniswap_2026-06-21,uniswap,UNI,2026-06-21T00:00:00Z,3.0032254464385777,-2.5416504234753057,176078164.75208887,1866995827.18224,11,Decentralized Finance (DeFi),binance,-16.632264095553097,-16.632264095553097,Standard Chartered Says UNI Could Hit $100 as Wall Street Moves Onchain,NULL,Standard Chartered Says UNI Could Hit $100 as Wall Street Moves Onchain,neutral,none,1,0.0,Standard Chartered Says UNI Could Hit $100 as Wall Street Moves Onchain,"[3.60238336, 3.39884944, 3.46163355, 3.38669877, 3.32662521, 3.25116545, 3.09325257, 3.04969336, 3.01705244, 3.05486147, 3.02120597, 2.97992097, 2.79736527, 2.79839614, 2.65198104, 2.46040636, 2.46422569, 2.56866517, 2.51460441, 2.47776158, 2.39496525, 2.49541155, 2.49879514, 2.55625529, 2.5904505, 2.84388288, 3.28942618, 3.22393932, 3.20720233, 3.08154761]",7.691082283201773,1.5609407020449844,1,30.9,30.9,Skip,N/A,N/A,N/A,N/A,N/A,N/A,N/A,N/A,N/A,N/A,N/A
uniswap_2026-06-22,uniswap,UNI,2026-06-22T00:00:00Z,2.9827574037586757,-0.681535337421113,162262386.70348677,1854247728.812585,11,Decentralized Finance (DeFi),binance,-12.242143752358158,-13.833819700102046,Standard Chartered Says UNI Could Hit $100 as Wall Street Moves Onchain,NULL,Standard Chartered Says UNI Could Hit $100 as Wall Street Moves Onchain,neutral,none,1,0.0,Standard Chartered Says UNI Could Hit $100 as Wall Street Moves Onchain,"[3.39884944, 3.46163355, 3.38669877, 3.32662521, 3.25116545, 3.09325257, 3.04969336, 3.01705244, 3.05486147, 3.02120597, 2.97992097, 2.79736527, 2.79839614, 2.65198104, 2.46040636, 2.46422569, 2.56866517, 2.51460441, 2.47776158, 2.39496525, 2.49541155, 2.49879514, 2.55625529, 2.5904505, 2.84388288, 3.28942618, 3.22393932, 3.20720233, 3.08154761, 3.00322545]",7.691082283201773,1.5785141874126185,1,19.86,19.86,Skip,N/A,N/A,N/A,N/A,N/A,N/A,N/A,N/A,N/A,N/A,N/A
uniswap_2026-06-23,uniswap,UNI,2026-06-23T00:00:00Z,2.9791778166719625,-0.12000932701407008,177409381.0465397,1851974791.7469966,11,Decentralized Finance (DeFi),binance,-13.937227153193676,-13.937227153193676,NULL,NULL,NULL,none,none,0,0.0,NULL,"[3.46163355, 3.38669877, 3.32662521, 3.25116545, 3.09325257, 3.04969336, 3.01705244, 3.05486147, 3.02120597, 2.97992097, 2.79736527, 2.79839614, 2.65198104, 2.46040636, 2.46422569, 2.56866517, 2.51460441, 2.47776158, 2.39496525, 2.49541155, 2.49879514, 2.55625529, 2.5904505, 2.84388288, 3.28942618, 3.22393932, 3.20720233, 3.08154761, 3.00322545, 2.9827574]",7.691082283201773,1.5816123630356094,1,21.15,21.15,Skip,N/A,N/A,N/A,N/A,N/A,N/A,N/A,N/A,N/A,N/A,N/A
uniswap_2026-06-24,uniswap,UNI,2026-06-24T00:00:00Z,2.9210448151081363,-1.9513102319205111,186151284.11697572,1815778597.2467468,11,Decentralized Finance (DeFi),binance,-13.749494231868331,-13.749494231868331,NULL,NULL,NULL,none,none,0,0.0,NULL,"[3.38669877, 3.32662521, 3.25116545, 3.09325257, 3.04969336, 3.01705244, 3.05486147, 3.02120597, 2.97992097, 2.79736527, 2.79839614, 2.65198104, 2.46040636, 2.46422569, 2.56866517, 2.51460441, 2.47776158, 2.39496525, 2.49541155, 2.49879514, 2.55625529, 2.5904505, 2.84388288, 3.28942618, 3.22393932, 3.20720233, 3.08154761, 3.00322545, 2.9827574, 2.97917782]",7.691082283201773,1.632990169620883,1,20.47,20.47,Skip,N/A,N/A,N/A,N/A,N/A,N/A,N/A,N/A,N/A,N/A,N/A
uniswap_2026-06-25,uniswap,UNI,2026-06-25T00:00:00Z,2.9187802479466516,-0.07752593009775488,187042425.1276921,1814359222.8797235,11,Decentralized Finance (DeFi),binance,-12.26002144941063,-12.26002144941063,NULL,NULL,NULL,none,none,0,0.0,NULL,"[3.32662521, 3.25116545, 3.09325257, 3.04969336, 3.01705244, 3.05486147, 3.02120597, 2.97992097, 2.79736527, 2.79839614, 2.65198104, 2.46040636, 2.46422569, 2.56866517, 2.51460441, 2.47776158, 2.39496525, 2.49541155, 2.49879514, 2.55625529, 2.5904505, 2.84388288, 3.28942618, 3.22393932, 3.20720233, 3.08154761, 3.00322545, 2.9827574, 2.97917782, 2.92104482]",7.691082283201773,1.6350330034652023,1,16.3,16.3,Skip,N/A,N/A,N/A,N/A,N/A,N/A,N/A,N/A,N/A,N/A,N/A
uniswap_2026-06-26,uniswap,UNI,2026-06-26T00:00:00Z,2.882906245326549,-1.2290751468987726,200831482.70148256,1791967131.5959928,11,Decentralized Finance (DeFi),binance,-11.326990716793105,-12.358384440627235,NULL,NULL,NULL,none,none,0,0.0,NULL,"[3.25116545, 3.09325257, 3.04969336, 3.01705244, 3.05486147, 3.02120597, 2.97992097, 2.79736527, 2.79839614, 2.65198104, 2.46040636, 2.46422569, 2.56866517, 2.51460441, 2.47776158, 2.39496525, 2.49541155, 2.49879514, 2.55625529, 2.5904505, 2.84388288, 3.28942618, 3.22393932, 3.20720233, 3.08154761, 3.00322545, 2.9827574, 2.97917782, 2.92104482, 2.91878025]",7.691082283201773,1.667822547358143,1,16.33,16.33,Skip,N/A,N/A,N/A,N/A,N/A,N/A,N/A,N/A,N/A,N/A,N/A
uniswap_2026-09-26,uniswap,UNI,2026-09-26T00:00:00Z,7.691082283201773,166.7822547358143,1252046324.5096178,4777088278.074223,8,Decentralized Finance (DeFi),binance,75.60365121288832,0.0,NULL,NULL,NULL,none,none,0,0.0,NULL,"[4.37979634, 4.6849135, 4.43531565, 4.68196409, 5.13221693, 5.22901068, 5.84367877, 5.84968256, 6.32778052, 6.18229247, 7.04864177, 7.29116587, 6.85347892, 6.74787292, 6.15870728, 5.94894947, 6.00769905, 6.37044423, 6.12530576, 6.5286532, 6.36478571, 6.69402598, 7.69108228]",7.691082283201773,0.0,0,0.75,0.75,Skip,0,0,-999,0,-999,0,0,-999,0.0,0.0,N/A
pepe_2026-05-24,pepe,PEPE,2026-05-24T00:00:00Z,3.6425150485004692e-06,1.1127826064736945,216949162.11782706,1532369655.7536623,13,Meme,binance,-4.86405783215027,-17.366206201931732,Solana Price Prediction Faces Goldman Sachs Exit as Pepeto | Top 3 Cryptos to Buy Now : Why Pepeto Could 100x While Solana | Render Price Prediction : Burns Jump 278 % and Pepeto Crosses $10 | Top 3 Cryptos to Buy Now : ETFs Pull $2 . 4 Billion as Pepeto Presale,NULL,Solana Price Prediction Faces Goldman Sachs Exit as Pepeto | Top 3 Cryptos to Buy Now : Why Pepeto Could 100x While Solana | Render Price Prediction : Burns Jump 278 % and Pepeto Crosses $10 | Top 3 Cryptos to Buy Now : ETFs Pull $2 . 4 Billion as Pepeto Presale,neutral,none,4,0.0,Solana Price Prediction Faces Goldman Sachs Exit as Pepeto | Top 3 Cryptos to Buy Now : Why Pepeto Could 100x While Solana | Render Price Prediction : Burns Jump 278 % and Pepeto Crosses $10 | Top 3 Cryptos to Buy Now : ETFs Pull $2 . 4 Billion as Pepeto Presale,"[3.83e-06, 3.86e-06, 3.85e-06, 3.9e-06, 3.91e-06, 3.88e-06, 3.85e-06, 3.87e-06, 3.94e-06, 3.99e-06, 3.94e-06, 3.99e-06, 4.11e-06, 4.16e-06, 4.16e-06, 4.32e-06, 4.25e-06, 4.41e-06, 4.34e-06, 4.14e-06, 4.05e-06, 4.09e-06, 3.9e-06, 3.76e-06, 3.67e-06, 3.69e-06, 3.64e-06, 3.71e-06, 3.8e-06, 3.6e-06]",4.122123035488615e-06,0.13166945931646534,1,23.39,23.39,Skip,N/A,N/A,N/A,N/A,N/A,N/A,N/A,N/A,N/A,N/A,N/A
pepe_2026-05-25,pepe,PEPE,2026-05-25T00:00:00Z,3.57449940946505e-06,-1.8672713257126938,119612518.61933812,1503756156.5678518,13,Meme,binance,-7.496703686312689,-18.909203338871617,"Why Pepeto Could Be the Best Crypto Presale to Buy Before Binance Lists It , Iran Peace Deal Lifts ETH and SOL | Solana Price Prediction Faces Goldman Sachs Exit as Pepeto | Top 3 Cryptos to Buy Now : Why Pepeto Could 100x While Solana | Render Price Prediction : Burns Jump 278 % and Pepeto Crosses $10 | Top 3 Cryptos to Buy Now : ETFs Pull $2 . 4 Billion as Pepeto Presale",NULL,"Why Pepeto Could Be the Best Crypto Presale to Buy Before Binance Lists It , Iran Peace Deal Lifts ETH and SOL | Solana Price Prediction Faces Goldman Sachs Exit as Pepeto | Top 3 Cryptos to Buy Now : Why Pepeto Could 100x While Solana | Render Price Prediction : Burns Jump 278 % and Pepeto Crosses $10 | Top 3 Cryptos to Buy Now : ETFs Pull $2 . 4 Billion as Pepeto Presale",bullish,none,5,5.0,"Why Pepeto Could Be the Best Crypto Presale to Buy Before Binance Lists It , Iran Peace Deal Lifts ETH and SOL | Solana Price Prediction Faces Goldman Sachs Exit as Pepeto | Top 3 Cryptos to Buy Now : Why Pepeto Could 100x While Solana | Render Price Prediction : Burns Jump 278 % and Pepeto Crosses $10 | Top 3 Cryptos to Buy Now : ETFs Pull $2 . 4 Billion as Pepeto Presale","[3.86e-06, 3.85e-06, 3.9e-06, 3.91e-06, 3.88e-06, 3.85e-06, 3.87e-06, 3.94e-06, 3.99e-06, 3.94e-06, 3.99e-06, 4.11e-06, 4.16e-06, 4.16e-06, 4.32e-06, 4.25e-06, 4.41e-06, 4.34e-06, 4.14e-06, 4.05e-06, 4.09e-06, 3.9e-06, 3.76e-06, 3.67e-06, 3.69e-06, 3.64e-06, 3.71e-06, 3.8e-06, 3.6e-06, 3.64e-06]",4.06845378692657e-06,0.1381884065090513,1,25.99,30.99,Skip,N/A,N/A,N/A,N/A,N/A,N/A,N/A,N/A,N/A,N/A,N/A
pepe_2026-05-26,pepe,PEPE,2026-05-26T00:00:00Z,3.5923017640819872e-06,0.4980376992033575,111750705.89229737,1511245429.1316512,13,Meme,binance,-6.743737267834682,-18.505340600914867,"Best Crypto to Buy Right Now : Pepe Dollar Merges Meme Strength | Why Pepeto Could Be the Best Crypto Presale to Buy Before Binance Lists It , Iran Peace Deal Lifts ETH and SOL | Solana Price Prediction Faces Goldman Sachs Exit as Pepeto | Top 3 Cryptos to Buy Now : Why Pepeto Could 100x While Solana",NULL,"Best Crypto to Buy Right Now : Pepe Dollar Merges Meme Strength | Why Pepeto Could Be the Best Crypto Presale to Buy Before Binance Lists It , Iran Peace Deal Lifts ETH and SOL | Solana Price Prediction Faces Goldman Sachs Exit as Pepeto | Top 3 Cryptos to Buy Now : Why Pepeto Could 100x While Solana",bullish,none,4,5.0,"Best Crypto to Buy Right Now : Pepe Dollar Merges Meme Strength | Why Pepeto Could Be the Best Crypto Presale to Buy Before Binance Lists It , Iran Peace Deal Lifts ETH and SOL | Solana Price Prediction Faces Goldman Sachs Exit as Pepeto | Top 3 Cryptos to Buy Now : Why Pepeto Could 100x While Solana","[3.85e-06, 3.9e-06, 3.91e-06, 3.88e-06, 3.85e-06, 3.87e-06, 3.94e-06, 3.99e-06, 3.94e-06, 3.99e-06, 4.11e-06, 4.16e-06, 4.16e-06, 4.32e-06, 4.25e-06, 4.41e-06, 4.34e-06, 4.14e-06, 4.05e-06, 4.09e-06, 3.9e-06, 3.76e-06, 3.67e-06, 3.69e-06, 3.64e-06, 3.71e-06, 3.8e-06, 3.6e-06, 3.64e-06, 3.57e-06]",4.092195318983423e-06,0.13915689374976092,1,24.13,29.13,Skip,N/A,N/A,N/A,N/A,N/A,N/A,N/A,N/A,N/A,N/A,N/A
pepe_2026-05-27,pepe,PEPE,2026-05-27T00:00:00Z,3.5074193730010393e-06,-2.3628970129863203,167602032.60611996,1475536256.0278072,13,Meme,binance,-10.120347257362871,-20.43097547359921,"Best Crypto to Buy Right Now : Pepe Dollar Merges Meme Strength | Why Pepeto Could Be the Best Crypto Presale to Buy Before Binance Lists It , Iran Peace Deal Lifts ETH and SOL | Solana Price Prediction Faces Goldman Sachs Exit as Pepeto | Top 3 Cryptos to Buy Now : Why Pepeto Could 100x While Solana",NULL,"Best Crypto to Buy Right Now : Pepe Dollar Merges Meme Strength | Why Pepeto Could Be the Best Crypto Presale to Buy Before Binance Lists It , Iran Peace Deal Lifts ETH and SOL | Solana Price Prediction Faces Goldman Sachs Exit as Pepeto | Top 3 Cryptos to Buy Now : Why Pepeto Could 100x While Solana",bullish,none,4,5.0,"Best Crypto to Buy Right Now : Pepe Dollar Merges Meme Strength | Why Pepeto Could Be the Best Crypto Presale to Buy Before Binance Lists It , Iran Peace Deal Lifts ETH and SOL | Solana Price Prediction Faces Goldman Sachs Exit as Pepeto | Top 3 Cryptos to Buy Now : Why Pepeto Could 100x While Solana","[3.9e-06, 3.91e-06, 3.88e-06, 3.85e-06, 3.87e-06, 3.94e-06, 3.99e-06, 3.94e-06, 3.99e-06, 4.11e-06, 4.16e-06, 4.16e-06, 4.32e-06, 4.25e-06, 4.41e-06, 4.34e-06, 4.14e-06, 4.05e-06, 4.09e-06, 3.9e-06, 3.76e-06, 3.67e-06, 3.69e-06, 3.64e-06, 3.71e-06, 3.8e-06, 3.6e-06, 3.64e-06, 3.57e-06, 3.59e-06]",4.0416561468202885e-06,0.1523161951865888,1,34.17,39.17,Skip,N/A,N/A,N/A,N/A,N/A,N/A,N/A,N/A,N/A,N/A,N/A
pepe_2026-05-28,pepe,PEPE,2026-05-28T00:00:00Z,3.4653395167569873e-06,-1.1997383765388503,187105058.24626198,1457833681.304497,13,Meme,binance,-11.318280855293327,-21.385595596680062,"Best Crypto to Buy Right Now : Pepe Dollar Merges Meme Strength | Why Pepeto Could Be the Best Crypto Presale to Buy Before Binance Lists It , Iran Peace Deal Lifts ETH and SOL | Solana Price Prediction Faces Goldman Sachs Exit as Pepeto | Top 3 Cryptos to Buy Now : Why Pepeto Could 100x While Solana",NULL,"Best Crypto to Buy Right Now : Pepe Dollar Merges Meme Strength | Why Pepeto Could Be the Best Crypto Presale to Buy Before Binance Lists It , Iran Peace Deal Lifts ETH and SOL | Solana Price Prediction Faces Goldman Sachs Exit as Pepeto | Top 3 Cryptos to Buy Now : Why Pepeto Could 100x While Solana",bullish,none,4,5.0,"Best Crypto to Buy Right Now : Pepe Dollar Merges Meme Strength | Why Pepeto Could Be the Best Crypto Presale to Buy Before Binance Lists It , Iran Peace Deal Lifts ETH and SOL | Solana Price Prediction Faces Goldman Sachs Exit as Pepeto | Top 3 Cryptos to Buy Now : Why Pepeto Could 100x While Solana","[3.91e-06, 3.88e-06, 3.85e-06, 3.87e-06, 3.94e-06, 3.99e-06, 3.94e-06, 3.99e-06, 4.11e-06, 4.16e-06, 4.16e-06, 4.32e-06, 4.25e-06, 4.41e-06, 4.34e-06, 4.14e-06, 4.05e-06, 4.09e-06, 3.9e-06, 3.76e-06, 3.67e-06, 3.69e-06, 3.64e-06, 3.71e-06, 3.8e-06, 3.6e-06, 3.64e-06, 3.57e-06, 3.59e-06, 3.51e-06]",3.818105235158284e-06,0.10179831346841017,1,38.98,43.98,Skip,N/A,N/A,N/A,N/A,N/A,N/A,N/A,N/A,N/A,N/A,N/A
pepe_2026-05-29,pepe,PEPE,2026-05-29T00:00:00Z,3.380616608263649e-06,-2.4448660249205667,196266774.731186,1422191600.9304345,13,Meme,binance,-12.897100414562946,-23.307612460630487,"Best Crypto to Buy Right Now : Pepe Dollar Merges Meme Strength | Why Pepeto Could Be the Best Crypto Presale to Buy Before Binance Lists It , Iran Peace Deal Lifts ETH and SOL | Solana Price Prediction Faces Goldman Sachs Exit as Pepeto | Top 3 Cryptos to Buy Now : Why Pepeto Could 100x While Solana",NULL,"Best Crypto to Buy Right Now : Pepe Dollar Merges Meme Strength | Why Pepeto Could Be the Best Crypto Presale to Buy Before Binance Lists It , Iran Peace Deal Lifts ETH and SOL | Solana Price Prediction Faces Goldman Sachs Exit as Pepeto | Top 3 Cryptos to Buy Now : Why Pepeto Could 100x While Solana",bullish,none,4,5.0,"Best Crypto to Buy Right Now : Pepe Dollar Merges Meme Strength | Why Pepeto Could Be the Best Crypto Presale to Buy Before Binance Lists It , Iran Peace Deal Lifts ETH and SOL | Solana Price Prediction Faces Goldman Sachs Exit as Pepeto | Top 3 Cryptos to Buy Now : Why Pepeto Could 100x While Solana","[3.88e-06, 3.85e-06, 3.87e-06, 3.94e-06, 3.99e-06, 3.94e-06, 3.99e-06, 4.11e-06, 4.16e-06, 4.16e-06, 4.32e-06, 4.25e-06, 4.41e-06, 4.34e-06, 4.14e-06, 4.05e-06, 4.09e-06, 3.9e-06, 3.76e-06, 3.67e-06, 3.69e-06, 3.64e-06, 3.71e-06, 3.8e-06, 3.6e-06, 3.64e-06, 3.57e-06, 3.59e-06, 3.51e-06, 3.47e-06]",3.8550158386151945e-06,0.14032920183611308,1,47.55,52.55,Invest,N/A,N/A,N/A,N/A,N/A,N/A,N/A,N/A,N/A,N/A,N/A
pepe_2026-05-30,pepe,PEPE,2026-05-30T00:00:00Z,3.38346393470177e-06,0.08422506211325231,148237032.41783857,1423389442.6896875,13,Meme,binance,-12.2031891823419,-23.24301824958932,"Little Pepe ( LILPEPE ) Raises Over $28 . 16M in Presale , Here | Best Crypto to Buy Right Now : Pepe Dollar Merges Meme Strength | Why Pepeto Could Be the Best Crypto Presale to Buy Before Binance Lists It , Iran Peace Deal Lifts ETH and SOL | Solana Price Prediction Faces Goldman Sachs Exit as Pepeto",NULL,"Little Pepe ( LILPEPE ) Raises Over $28 . 16M in Presale , Here | Best Crypto to Buy Right Now : Pepe Dollar Merges Meme Strength | Why Pepeto Could Be the Best Crypto Presale to Buy Before Binance Lists It , Iran Peace Deal Lifts ETH and SOL | Solana Price Prediction Faces Goldman Sachs Exit as Pepeto",bullish,none,4,5.0,"Little Pepe ( LILPEPE ) Raises Over $28 . 16M in Presale , Here | Best Crypto to Buy Right Now : Pepe Dollar Merges Meme Strength | Why Pepeto Could Be the Best Crypto Presale to Buy Before Binance Lists It , Iran Peace Deal Lifts ETH and SOL | Solana Price Prediction Faces Goldman Sachs Exit as Pepeto","[3.85e-06, 3.87e-06, 3.94e-06, 3.99e-06, 3.94e-06, 3.99e-06, 4.11e-06, 4.16e-06, 4.16e-06, 4.32e-06, 4.25e-06, 4.41e-06, 4.34e-06, 4.14e-06, 4.05e-06, 4.09e-06, 3.9e-06, 3.76e-06, 3.67e-06, 3.69e-06, 3.64e-06, 3.71e-06, 3.8e-06, 3.6e-06, 3.64e-06, 3.57e-06, 3.59e-06, 3.51e-06, 3.47e-06, 3.38e-06]",3.893440847508548e-06,0.1507262742115587,1,45.0,50.0,Skip,N/A,N/A,N/A,N/A,N/A,N/A,N/A,N/A,N/A,N/A,N/A
pepe_2026-05-31,pepe,PEPE,2026-05-31T00:00:00Z,3.4109189630360634e-06,0.8114473469838623,97758694.07328802,1434939498.5596416,13,Meme,binance,-11.944397729912449,-22.62017575755072,"Little Pepe ( LILPEPE ) Raises Over $28 . 16M in Presale , Here | Best Crypto to Buy Right Now : Pepe Dollar Merges Meme Strength | Why Pepeto Could Be the Best Crypto Presale to Buy Before Binance Lists It , Iran Peace Deal Lifts ETH and SOL | Solana Price Prediction Faces Goldman Sachs Exit as Pepeto",NULL,"Little Pepe ( LILPEPE ) Raises Over $28 . 16M in Presale , Here | Best Crypto to Buy Right Now : Pepe Dollar Merges Meme Strength | Why Pepeto Could Be the Best Crypto Presale to Buy Before Binance Lists It , Iran Peace Deal Lifts ETH and SOL | Solana Price Prediction Faces Goldman Sachs Exit as Pepeto",bullish,none,4,5.0,"Little Pepe ( LILPEPE ) Raises Over $28 . 16M in Presale , Here | Best Crypto to Buy Right Now : Pepe Dollar Merges Meme Strength | Why Pepeto Could Be the Best Crypto Presale to Buy Before Binance Lists It , Iran Peace Deal Lifts ETH and SOL | Solana Price Prediction Faces Goldman Sachs Exit as Pepeto","[3.87e-06, 3.94e-06, 3.99e-06, 3.94e-06, 3.99e-06, 4.11e-06, 4.16e-06, 4.16e-06, 4.32e-06, 4.25e-06, 4.41e-06, 4.34e-06, 4.14e-06, 4.05e-06, 4.09e-06, 3.9e-06, 3.76e-06, 3.67e-06, 3.69e-06, 3.64e-06, 3.71e-06, 3.8e-06, 3.6e-06, 3.64e-06, 3.57e-06, 3.59e-06, 3.51e-06, 3.47e-06, 3.38e-06, 3.38e-06]",3.695995211345793e-06,0.08357754945194684,1,39.7,44.7,Skip,N/A,N/A,N/A,N/A,N/A,N/A,N/A,N/A,N/A,N/A,N/A
pepe_2026-06-01,pepe,PEPE,2026-06-01T00:00:00Z,3.4207166733245775e-06,0.2872454723988227,119588290.26198906,1439061297.3009164,13,Meme,binance,-13.106357409384572,-22.39790571586412,"Best Early Stage Presale Opportunity : Pepe Dollar Shines Against PEPETO in Q3 2026 | Ethereum Meme Coin Little Pepe ( LILPEPE ) Nearly Sells Out Presale , Tops $28 Million Raised | Little Pepe ( LILPEPE ) Raises Over $28 . 16M in Presale , Here | Best Crypto to Buy Right Now : Pepe Dollar Merges Meme Strength | Why Pepeto Could Be the Best Crypto Presale to Buy Before Binance Lists It , Iran Peace Deal Lifts ETH and SOL | Solana Price Prediction Faces Goldman Sachs Exit as Pepeto",NULL,"Best Early Stage Presale Opportunity : Pepe Dollar Shines Against PEPETO in Q3 2026 | Ethereum Meme Coin Little Pepe ( LILPEPE ) Nearly Sells Out Presale , Tops $28 Million Raised | Little Pepe ( LILPEPE ) Raises Over $28 . 16M in Presale , Here | Best Crypto to Buy Right Now : Pepe Dollar Merges Meme Strength | Why Pepeto Could Be the Best Crypto Presale to Buy Before Binance Lists It , Iran Peace Deal Lifts ETH and SOL | Solana Price Prediction Faces Goldman Sachs Exit as Pepeto",bullish,none,6,5.0,"Best Early Stage Presale Opportunity : Pepe Dollar Shines Against PEPETO in Q3 2026 | Ethereum Meme Coin Little Pepe ( LILPEPE ) Nearly Sells Out Presale , Tops $28 Million Raised | Little Pepe ( LILPEPE ) Raises Over $28 . 16M in Presale , Here | Best Crypto to Buy Right Now : Pepe Dollar Merges Meme Strength | Why Pepeto Could Be the Best Crypto Presale to Buy Before Binance Lists It , Iran Peace Deal Lifts ETH and SOL | Solana Price Prediction Faces Goldman Sachs Exit as Pepeto","[3.94e-06, 3.99e-06, 3.94e-06, 3.99e-06, 4.11e-06, 4.16e-06, 4.16e-06, 4.32e-06, 4.25e-06, 4.41e-06, 4.34e-06, 4.14e-06, 4.05e-06, 4.09e-06, 3.9e-06, 3.76e-06, 3.67e-06, 3.69e-06, 3.64e-06, 3.71e-06, 3.8e-06, 3.6e-06, 3.64e-06, 3.57e-06, 3.59e-06, 3.51e-06, 3.47e-06, 3.38e-06, 3.38e-06, 3.41e-06]",3.6570044715956477e-06,0.06907552446938658,1,40.83,45.83,Skip,N/A,N/A,N/A,N/A,N/A,N/A,N/A,N/A,N/A,N/A,N/A
pepe_2026-06-02,pepe,PEPE,2026-06-02T00:00:00Z,3.412367349766831e-06,-0.24408111969214108,189387834.0888058,1435548820.373408,13,Meme,binance,-14.51333671083116,-22.587317776497397,"Best Early Stage Presale Opportunity : Pepe Dollar Shines Against PEPETO in Q3 2026 | Ethereum Meme Coin Little Pepe ( LILPEPE ) Nearly Sells Out Presale , Tops $28 Million Raised | Little Pepe ( LILPEPE ) Raises Over $28 . 16M in Presale , Here | Best Crypto to Buy Right Now : Pepe Dollar Merges Meme Strength | Why Pepeto Could Be the Best Crypto Presale to Buy Before Binance Lists It , Iran Peace Deal Lifts ETH and SOL",NULL,"Best Early Stage Presale Opportunity : Pepe Dollar Shines Against PEPETO in Q3 2026 | Ethereum Meme Coin Little Pepe ( LILPEPE ) Nearly Sells Out Presale , Tops $28 Million Raised | Little Pepe ( LILPEPE ) Raises Over $28 . 16M in Presale , Here | Best Crypto to Buy Right Now : Pepe Dollar Merges Meme Strength | Why Pepeto Could Be the Best Crypto Presale to Buy Before Binance Lists It , Iran Peace Deal Lifts ETH and SOL",bullish,none,5,5.0,"Best Early Stage Presale Opportunity : Pepe Dollar Shines Against PEPETO in Q3 2026 | Ethereum Meme Coin Little Pepe ( LILPEPE ) Nearly Sells Out Presale , Tops $28 Million Raised | Little Pepe ( LILPEPE ) Raises Over $28 . 16M in Presale , Here | Best Crypto to Buy Right Now : Pepe Dollar Merges Meme Strength | Why Pepeto Could Be the Best Crypto Presale to Buy Before Binance Lists It , Iran Peace Deal Lifts ETH and SOL","[3.99e-06, 3.94e-06, 3.99e-06, 4.11e-06, 4.16e-06, 4.16e-06, 4.32e-06, 4.25e-06, 4.41e-06, 4.34e-06, 4.14e-06, 4.05e-06, 4.09e-06, 3.9e-06, 3.76e-06, 3.67e-06, 3.69e-06, 3.64e-06, 3.71e-06, 3.8e-06, 3.6e-06, 3.64e-06, 3.57e-06, 3.59e-06, 3.51e-06, 3.47e-06, 3.38e-06, 3.38e-06, 3.41e-06, 3.42e-06]",3.4043689457936663e-06,-0.0023439457576895917,0,45.43,50.43,Invest,N/A,N/A,N/A,N/A,N/A,N/A,N/A,N/A,N/A,N/A,N/A
pepe_2026-06-03,pepe,PEPE,2026-06-03T00:00:00Z,3.110819511056383e-06,-8.83691020930244,250542830.11704347,1308690660.1063097,13,Meme,binance,-21.070739275922712,-29.428206995200945,Crypto News : DeFi TVL Hits 20 Month Low as Pepeto Presale Crosses | Cardano Price Prediction Loses Ground as Pepeto Presale Crosses,NULL,Crypto News : DeFi TVL Hits 20 Month Low as Pepeto Presale Crosses | Cardano Price Prediction Loses Ground as Pepeto Presale Crosses,neutral,none,2,0.0,Crypto News : DeFi TVL Hits 20 Month Low as Pepeto Presale Crosses | Cardano Price Prediction Loses Ground as Pepeto Presale Crosses,"[3.94e-06, 3.99e-06, 4.11e-06, 4.16e-06, 4.16e-06, 4.32e-06, 4.25e-06, 4.41e-06, 4.34e-06, 4.14e-06, 4.05e-06, 4.09e-06, 3.9e-06, 3.76e-06, 3.67e-06, 3.69e-06, 3.64e-06, 3.71e-06, 3.8e-06, 3.6e-06, 3.64e-06, 3.57e-06, 3.59e-06, 3.51e-06, 3.47e-06, 3.38e-06, 3.38e-06, 3.41e-06, 3.42e-06, 3.41e-06]",3.5539414219205395e-06,0.14244539398355505,1,75.25,75.25,Invest,N/A,N/A,N/A,N/A,N/A,N/A,N/A,N/A,N/A,N/A,N/A
pepe_2026-06-04,pepe,PEPE,2026-06-04T00:00:00Z,3.123046243371405e-06,0.3930389491118458,218123216.89325017,1313834324.1239164,13,Meme,binance,-21.642818637100902,-29.150832361605495,Crypto News : DeFi TVL Hits 20 Month Low as Pepeto Presale Crosses | Cardano Price Prediction Loses Ground as Pepeto Presale Crosses,NULL,Crypto News : DeFi TVL Hits 20 Month Low as Pepeto Presale Crosses | Cardano Price Prediction Loses Ground as Pepeto Presale Crosses,neutral,none,2,0.0,Crypto News : DeFi TVL Hits 20 Month Low as Pepeto Presale Crosses | Cardano Price Prediction Loses Ground as Pepeto Presale Crosses,"[3.99e-06, 4.11e-06, 4.16e-06, 4.16e-06, 4.32e-06, 4.25e-06, 4.41e-06, 4.34e-06, 4.14e-06, 4.05e-06, 4.09e-06, 3.9e-06, 3.76e-06, 3.67e-06, 3.69e-06, 3.64e-06, 3.71e-06, 3.8e-06, 3.6e-06, 3.64e-06, 3.57e-06, 3.59e-06, 3.51e-06, 3.47e-06, 3.38e-06, 3.38e-06, 3.41e-06, 3.42e-06, 3.41e-06, 3.11e-06]",3.4742479886569208e-06,0.11245486551181672,1,73.96,73.96,Invest,N/A,N/A,N/A,N/A,N/A,N/A,N/A,N/A,N/A,N/A,N/A
pepe_2026-06-05,pepe,PEPE,2026-06-05T00:00:00Z,2.950499781179221e-06,-5.524940994979177,297506405.75812495,1241245752.9442866,13,Meme,binance,-28.29767170797982,-33.065207069060676,Bonk Price Drops 92 % From Peak While Pepeto Presale Adds $10 . 2 | Next 100x Crypto : Pepeto Presale Crosses $10 . 2M as JPMorgan,NULL,Bonk Price Drops 92 % From Peak While Pepeto Presale Adds $10 . 2 | Next 100x Crypto : Pepeto Presale Crosses $10 . 2M as JPMorgan,neutral,none,2,0.0,Bonk Price Drops 92 % From Peak While Pepeto Presale Adds $10 . 2 | Next 100x Crypto : Pepeto Presale Crosses $10 . 2M as JPMorgan,"[4.11e-06, 4.16e-06, 4.16e-06, 4.32e-06, 4.25e-06, 4.41e-06, 4.34e-06, 4.14e-06, 4.05e-06, 4.09e-06, 3.9e-06, 3.76e-06, 3.67e-06, 3.69e-06, 3.64e-06, 3.71e-06, 3.8e-06, 3.6e-06, 3.64e-06, 3.57e-06, 3.59e-06, 3.51e-06, 3.47e-06, 3.38e-06, 3.38e-06, 3.41e-06, 3.42e-06, 3.41e-06, 3.11e-06, 3.12e-06]",3.4311009725720206e-06,0.16288806203561834,1,86.88,86.88,Invest,N/A,N/A,N/A,N/A,N/A,N/A,N/A,N/A,N/A,N/A,N/A
pepe_2026-06-06,pepe,PEPE,2026-06-06T00:00:00Z,2.6904416278615037e-06,-8.81403737009533,389511041.7135886,1131841888.425056,13,Meme,binance,-35.38747437064291,-38.9648647315896,WLFI Price Prediction : USD1 Yield Programs Expand as Pepeto | Could Pepeto Be the Best Crypto Presale to Buy While SOL and ETH | Bitcoin Price Prediction Faces Record ETF Selloff While Pepeto | Ethereum Price Prediction Darkens After Death Cross as Pepeto | Bonk Price Drops 92 % From Peak While Pepeto Presale Adds $10 . 2 | Next 100x Crypto : Pepeto Presale Crosses $10 . 2M as JPMorgan,NULL,WLFI Price Prediction : USD1 Yield Programs Expand as Pepeto | Could Pepeto Be the Best Crypto Presale to Buy While SOL and ETH | Bitcoin Price Prediction Faces Record ETF Selloff While Pepeto | Ethereum Price Prediction Darkens After Death Cross as Pepeto | Bonk Price Drops 92 % From Peak While Pepeto Presale Adds $10 . 2 | Next 100x Crypto : Pepeto Presale Crosses $10 . 2M as JPMorgan,neutral,none,6,0.0,WLFI Price Prediction : USD1 Yield Programs Expand as Pepeto | Could Pepeto Be the Best Crypto Presale to Buy While SOL and ETH | Bitcoin Price Prediction Faces Record ETF Selloff While Pepeto | Ethereum Price Prediction Darkens After Death Cross as Pepeto | Bonk Price Drops 92 % From Peak While Pepeto Presale Adds $10 . 2 | Next 100x Crypto : Pepeto Presale Crosses $10 . 2M as JPMorgan,"[4.16e-06, 4.16e-06, 4.32e-06, 4.25e-06, 4.41e-06, 4.34e-06, 4.14e-06, 4.05e-06, 4.09e-06, 3.9e-06, 3.76e-06, 3.67e-06, 3.69e-06, 3.64e-06, 3.71e-06, 3.8e-06, 3.6e-06, 3.64e-06, 3.57e-06, 3.59e-06, 3.51e-06, 3.47e-06, 3.38e-06, 3.38e-06, 3.41e-06, 3.42e-06, 3.41e-06, 3.11e-06, 3.12e-06, 2.95e-06]",3.713223484697834e-06,0.38015389229956575,1,95.44,95.44,Invest,N/A,N/A,N/A,N/A,N/A,N/A,N/A,N/A,N/A,N/A,N/A
pepe_2026-06-07,pepe,PEPE,2026-06-07T00:00:00Z,2.6826428437057534e-06,-0.2898700375056684,250389904.25661498,1128561017.9185734,13,Meme,binance,-35.482813426382606,-39.141787301083774,The Crypto Market News That Shook June 2026 and Why Pepeto Presale | WLFI Price Prediction : USD1 Yield Programs Expand as Pepeto | Could Pepeto Be the Best Crypto Presale to Buy While SOL and ETH | Bitcoin Price Prediction Faces Record ETF Selloff While Pepeto | Ethereum Price Prediction Darkens After Death Cross as Pepeto | Bonk Price Drops 92 % From Peak While Pepeto Presale Adds $10 . 2,NULL,The Crypto Market News That Shook June 2026 and Why Pepeto Presale | WLFI Price Prediction : USD1 Yield Programs Expand as Pepeto | Could Pepeto Be the Best Crypto Presale to Buy While SOL and ETH | Bitcoin Price Prediction Faces Record ETF Selloff While Pepeto | Ethereum Price Prediction Darkens After Death Cross as Pepeto | Bonk Price Drops 92 % From Peak While Pepeto Presale Adds $10 . 2,neutral,none,6,0.0,The Crypto Market News That Shook June 2026 and Why Pepeto Presale | WLFI Price Prediction : USD1 Yield Programs Expand as Pepeto | Could Pepeto Be the Best Crypto Presale to Buy While SOL and ETH | Bitcoin Price Prediction Faces Record ETF Selloff While Pepeto | Ethereum Price Prediction Darkens After Death Cross as Pepeto | Bonk Price Drops 92 % From Peak While Pepeto Presale Adds $10 . 2,"[4.16e-06, 4.32e-06, 4.25e-06, 4.41e-06, 4.34e-06, 4.14e-06, 4.05e-06, 4.09e-06, 3.9e-06, 3.76e-06, 3.67e-06, 3.69e-06, 3.64e-06, 3.71e-06, 3.8e-06, 3.6e-06, 3.64e-06, 3.57e-06, 3.59e-06, 3.51e-06, 3.47e-06, 3.38e-06, 3.38e-06, 3.41e-06, 3.42e-06, 3.41e-06, 3.11e-06, 3.12e-06, 2.95e-06, 2.69e-06]",3.52616799744252e-06,0.31443811304062264,1,95.02,95.02,Invest,N/A,N/A,N/A,N/A,N/A,N/A,N/A,N/A,N/A,N/A,N/A
pepe_2026-06-08,pepe,PEPE,2026-06-08T00:00:00Z,2.8148106685632374e-06,4.9267767853476085,214951549.28329524,1184162700.1578684,13,Meme,binance,-34.804551698709844,-36.143439005856095,Is Pepe the Next Dogecoin -- or Just Another Meme Coin That Will Fade ? | The Crypto Market News That Shook June 2026 and Why Pepeto Presale | WLFI Price Prediction : USD1 Yield Programs Expand as Pepeto | Could Pepeto Be the Best Crypto Presale to Buy While SOL and ETH | Bitcoin Price Prediction Faces Record ETF Selloff While Pepeto | Ethereum Price Prediction Darkens After Death Cross as Pepeto | Bonk Price Drops 92 % From Peak While Pepeto Presale Adds $10 . 2,NULL,Is Pepe the Next Dogecoin -- or Just Another Meme Coin That Will Fade ? | The Crypto Market News That Shook June 2026 and Why Pepeto Presale | WLFI Price Prediction : USD1 Yield Programs Expand as Pepeto | Could Pepeto Be the Best Crypto Presale to Buy While SOL and ETH | Bitcoin Price Prediction Faces Record ETF Selloff While Pepeto | Ethereum Price Prediction Darkens After Death Cross as Pepeto | Bonk Price Drops 92 % From Peak While Pepeto Presale Adds $10 . 2,neutral,none,7,0.0,Is Pepe the Next Dogecoin -- or Just Another Meme Coin That Will Fade ? | The Crypto Market News That Shook June 2026 and Why Pepeto Presale | WLFI Price Prediction : USD1 Yield Programs Expand as Pepeto | Could Pepeto Be the Best Crypto Presale to Buy While SOL and ETH | Bitcoin Price Prediction Faces Record ETF Selloff While Pepeto | Ethereum Price Prediction Darkens After Death Cross as Pepeto | Bonk Price Drops 92 % From Peak While Pepeto Presale Adds $10 . 2,"[4.32e-06, 4.25e-06, 4.41e-06, 4.34e-06, 4.14e-06, 4.05e-06, 4.09e-06, 3.9e-06, 3.76e-06, 3.67e-06, 3.69e-06, 3.64e-06, 3.71e-06, 3.8e-06, 3.6e-06, 3.64e-06, 3.57e-06, 3.59e-06, 3.51e-06, 3.47e-06, 3.38e-06, 3.38e-06, 3.41e-06, 3.42e-06, 3.41e-06, 3.11e-06, 3.12e-06, 2.95e-06, 2.69e-06, 2.68e-06]",3.6093556251917255e-06,0.2822729661721963,1,91.9,91.9,Invest,N/A,N/A,N/A,N/A,N/A,N/A,N/A,N/A,N/A,N/A,N/A
pepe_2026-06-09,pepe,PEPE,2026-06-09T00:00:00Z,2.8139538685593107e-06,-0.03043899234487224,170718654.1492987,1183802252.9642165,13,Meme,binance,-33.720175475881234,-36.1628762995688,Little Pepe Surpasses $28 . 1 Million in Presale Funding as Project Advances Layer - 2 Ecosystem Development | Is Pepe the Next Dogecoin -- or Just Another Meme Coin That Will Fade ? | The Crypto Market News That Shook June 2026 and Why Pepeto Presale | WLFI Price Prediction : USD1 Yield Programs Expand as Pepeto | Could Pepeto Be the Best Crypto Presale to Buy While SOL and ETH | Bitcoin Price Prediction Faces Record ETF Selloff While Pepeto | Ethereum Price Prediction Darkens After Death Cross as Pepeto,NULL,Little Pepe Surpasses $28 . 1 Million in Presale Funding as Project Advances Layer - 2 Ecosystem Development | Is Pepe the Next Dogecoin -- or Just Another Meme Coin That Will Fade ? | The Crypto Market News That Shook June 2026 and Why Pepeto Presale | WLFI Price Prediction : USD1 Yield Programs Expand as Pepeto | Could Pepeto Be the Best Crypto Presale to Buy While SOL and ETH | Bitcoin Price Prediction Faces Record ETF Selloff While Pepeto | Ethereum Price Prediction Darkens After Death Cross as Pepeto,bullish,none,7,5.0,Little Pepe Surpasses $28 . 1 Million in Presale Funding as Project Advances Layer - 2 Ecosystem Development | Is Pepe the Next Dogecoin -- or Just Another Meme Coin That Will Fade ? | The Crypto Market News That Shook June 2026 and Why Pepeto Presale | WLFI Price Prediction : USD1 Yield Programs Expand as Pepeto | Could Pepeto Be the Best Crypto Presale to Buy While SOL and ETH | Bitcoin Price Prediction Faces Record ETF Selloff While Pepeto | Ethereum Price Prediction Darkens After Death Cross as Pepeto,"[4.25e-06, 4.41e-06, 4.34e-06, 4.14e-06, 4.05e-06, 4.09e-06, 3.9e-06, 3.76e-06, 3.67e-06, 3.69e-06, 3.64e-06, 3.71e-06, 3.8e-06, 3.6e-06, 3.64e-06, 3.57e-06, 3.59e-06, 3.51e-06, 3.47e-06, 3.38e-06, 3.38e-06, 3.41e-06, 3.42e-06, 3.41e-06, 3.11e-06, 3.12e-06, 2.95e-06, 2.69e-06, 2.68e-06, 2.81e-06]",3.6535074807953536e-06,0.2983537227161006,1,91.24,96.24,Invest,N/A,N/A,N/A,N/A,N/A,N/A,N/A,N/A,N/A,N/A,N/A
pepe_2026-06-10,pepe,PEPE,2026-06-10T00:00:00Z,2.772984247484437e-06,-1.4559450150421038,174524608.22274917,1166566743.0742278,13,Meme,binance,-37.0923097198315,-37.0923097198315,Little Pepe Surpasses $28 . 1 Million in Presale Funding as Project Advances Layer - 2 Ecosystem Development | Is Pepe the Next Dogecoin -- or Just Another Meme Coin That Will Fade ? | The Crypto Market News That Shook June 2026 and Why Pepeto Presale | WLFI Price Prediction : USD1 Yield Programs Expand as Pepeto | Could Pepeto Be the Best Crypto Presale to Buy While SOL and ETH | Bitcoin Price Prediction Faces Record ETF Selloff While Pepeto | Ethereum Price Prediction Darkens After Death Cross as Pepeto,NULL,Little Pepe Surpasses $28 . 1 Million in Presale Funding as Project Advances Layer - 2 Ecosystem Development | Is Pepe the Next Dogecoin -- or Just Another Meme Coin That Will Fade ? | The Crypto Market News That Shook June 2026 and Why Pepeto Presale | WLFI Price Prediction : USD1 Yield Programs Expand as Pepeto | Could Pepeto Be the Best Crypto Presale to Buy While SOL and ETH | Bitcoin Price Prediction Faces Record ETF Selloff While Pepeto | Ethereum Price Prediction Darkens After Death Cross as Pepeto,bullish,none,7,5.0,Little Pepe Surpasses $28 . 1 Million in Presale Funding as Project Advances Layer - 2 Ecosystem Development | Is Pepe the Next Dogecoin -- or Just Another Meme Coin That Will Fade ? | The Crypto Market News That Shook June 2026 and Why Pepeto Presale | WLFI Price Prediction : USD1 Yield Programs Expand as Pepeto | Could Pepeto Be the Best Crypto Presale to Buy While SOL and ETH | Bitcoin Price Prediction Faces Record ETF Selloff While Pepeto | Ethereum Price Prediction Darkens After Death Cross as Pepeto,"[4.41e-06, 4.34e-06, 4.14e-06, 4.05e-06, 4.09e-06, 3.9e-06, 3.76e-06, 3.67e-06, 3.69e-06, 3.64e-06, 3.71e-06, 3.8e-06, 3.6e-06, 3.64e-06, 3.57e-06, 3.59e-06, 3.51e-06, 3.47e-06, 3.38e-06, 3.38e-06, 3.41e-06, 3.42e-06, 3.41e-06, 3.11e-06, 3.12e-06, 2.95e-06, 2.69e-06, 2.68e-06, 2.81e-06, 2.81e-06]",3.6232046767907043e-06,0.306608459848829,1,92.9,97.9,Invest,N/A,N/A,N/A,N/A,N/A,N/A,N/A,N/A,N/A,N/A,N/A
pepe_2026-06-11,pepe,PEPE,2026-06-11T00:00:00Z,2.689524021609349e-06,-3.009761990202442,178668361.27774104,1131455860.6508372,13,Meme,binance,-37.98415767809457,-37.98415767809457,New Cryptocurrency Alert : Morpho Lands $175 Million as Pepeto | Could Pepeto Be the Best Crypto Presale to Buy as CPI Hits 4 . 2 % | Top 3 Cryptos to Buy Now as CME Launches Crypto Futures and Pepeto | Best Crypto to Buy in 2026 : Why Analysts See Pepeto Past 100x While | Crypto News Today : Why Are Wallets Moving to Pepeto While Bybit | Little Pepe Surpasses $28 . 1 Million in Presale Funding as Project Advances Layer - 2 Ecosystem Development | Is Pepe the Next Dogecoin -- or Just Another Meme Coin That Will Fade ? | The Crypto Market News That Shook June 2026 and Why Pepeto Presale | WLFI Price Prediction : USD1 Yield Programs Expand as Pepeto,NULL,New Cryptocurrency Alert : Morpho Lands $175 Million as Pepeto | Could Pepeto Be the Best Crypto Presale to Buy as CPI Hits 4 . 2 % | Top 3 Cryptos to Buy Now as CME Launches Crypto Futures and Pepeto | Best Crypto to Buy in 2026 : Why Analysts See Pepeto Past 100x While | Crypto News Today : Why Are Wallets Moving to Pepeto While Bybit | Little Pepe Surpasses $28 . 1 Million in Presale Funding as Project Advances Layer - 2 Ecosystem Development | Is Pepe the Next Dogecoin -- or Just Another Meme Coin That Will Fade ? | The Crypto Market News That Shook June 2026 and Why Pepeto Presale | WLFI Price Prediction : USD1 Yield Programs Expand as Pepeto,bullish,none,9,5.0,New Cryptocurrency Alert : Morpho Lands $175 Million as Pepeto | Could Pepeto Be the Best Crypto Presale to Buy as CPI Hits 4 . 2 % | Top 3 Cryptos to Buy Now as CME Launches Crypto Futures and Pepeto | Best Crypto to Buy in 2026 : Why Analysts See Pepeto Past 100x While | Crypto News Today : Why Are Wallets Moving to Pepeto While Bybit | Little Pepe Surpasses $28 . 1 Million in Presale Funding as Project Advances Layer - 2 Ecosystem Development | Is Pepe the Next Dogecoin -- or Just Another Meme Coin That Will Fade ? | The Crypto Market News That Shook June 2026 and Why Pepeto Presale | WLFI Price Prediction : USD1 Yield Programs Expand as Pepeto,"[4.34e-06, 4.14e-06, 4.05e-06, 4.09e-06, 3.9e-06, 3.76e-06, 3.67e-06, 3.69e-06, 3.64e-06, 3.71e-06, 3.8e-06, 3.6e-06, 3.64e-06, 3.57e-06, 3.59e-06, 3.51e-06, 3.47e-06, 3.38e-06, 3.38e-06, 3.41e-06, 3.42e-06, 3.41e-06, 3.11e-06, 3.12e-06, 2.95e-06, 2.69e-06, 2.68e-06, 2.81e-06, 2.81e-06, 2.77e-06]",3.6559837849096976e-06,0.35934230575194537,1,93.85,98.85,Invest,N/A,N/A,N/A,N/A,N/A,N/A,N/A,N/A,N/A,N/A,N/A
pepe_2026-06-12,pepe,PEPE,2026-06-12T00:00:00Z,2.784356588823005e-06,3.5259981488066527,181867391.0329913,1171350973.3519502,13,Meme,binance,-32.80967896030066,-32.80967896030066,"Best Crypto to Buy in June 2026 as Pepeto Presale Hits $10 . 2M With | Bitcoin News Flashes Undervalued Signal , Here Is Why Pepeto | Ethereum Price Prediction Faces New Lows , Pepeto Presale Grows | New Cryptocurrency Alert : Morpho Lands $175 Million as Pepeto | Could Pepeto Be the Best Crypto Presale to Buy as CPI Hits 4 . 2 % | Top 3 Cryptos to Buy Now as CME Launches Crypto Futures and Pepeto | Best Crypto to Buy in 2026 : Why Analysts See Pepeto Past 100x While | Crypto News Today : Why Are Wallets Moving to Pepeto While Bybit",NULL,"Best Crypto to Buy in June 2026 as Pepeto Presale Hits $10 . 2M With | Bitcoin News Flashes Undervalued Signal , Here Is Why Pepeto | Ethereum Price Prediction Faces New Lows , Pepeto Presale Grows | New Cryptocurrency Alert : Morpho Lands $175 Million as Pepeto | Could Pepeto Be the Best Crypto Presale to Buy as CPI Hits 4 . 2 % | Top 3 Cryptos to Buy Now as CME Launches Crypto Futures and Pepeto | Best Crypto to Buy in 2026 : Why Analysts See Pepeto Past 100x While | Crypto News Today : Why Are Wallets Moving to Pepeto While Bybit",bullish,none,8,5.0,"Best Crypto to Buy in June 2026 as Pepeto Presale Hits $10 . 2M With | Bitcoin News Flashes Undervalued Signal , Here Is Why Pepeto | Ethereum Price Prediction Faces New Lows , Pepeto Presale Grows | New Cryptocurrency Alert : Morpho Lands $175 Million as Pepeto | Could Pepeto Be the Best Crypto Presale to Buy as CPI Hits 4 . 2 % | Top 3 Cryptos to Buy Now as CME Launches Crypto Futures and Pepeto | Best Crypto to Buy in 2026 : Why Analysts See Pepeto Past 100x While | Crypto News Today : Why Are Wallets Moving to Pepeto While Bybit","[4.14e-06, 4.05e-06, 4.09e-06, 3.9e-06, 3.76e-06, 3.67e-06, 3.69e-06, 3.64e-06, 3.71e-06, 3.8e-06, 3.6e-06, 3.64e-06, 3.57e-06, 3.59e-06, 3.51e-06, 3.47e-06, 3.38e-06, 3.38e-06, 3.41e-06, 3.42e-06, 3.41e-06, 3.11e-06, 3.12e-06, 2.95e-06, 2.69e-06, 2.68e-06, 2.81e-06, 2.81e-06, 2.77e-06, 2.69e-06]",3.4753009123307485e-06,0.24815223965254285,1,85.59,90.59,Invest,N/A,N/A,N/A,N/A,N/A,N/A,N/A,N/A,N/A,N/A,N/A
pepe_2026-06-13,pepe,PEPE,2026-06-13T00:00:00Z,2.805693359317996e-06,0.7663088334533441,232874073.4420924,1180327139.3314877,13,Meme,binance,-30.7843587515929,-31.336401921234735,"Top 3 Cryptos to Buy Now : CPI Data Cools and Pepeto Positions | Best Crypto to Buy in June 2026 as Pepeto Presale Hits $10 . 2M With | Bitcoin News Flashes Undervalued Signal , Here Is Why Pepeto | Ethereum Price Prediction Faces New Lows , Pepeto Presale Grows | New Cryptocurrency Alert : Morpho Lands $175 Million as Pepeto | Could Pepeto Be the Best Crypto Presale to Buy as CPI Hits 4 . 2 % | Top 3 Cryptos to Buy Now as CME Launches Crypto Futures and Pepeto | Best Crypto to Buy in 2026 : Why Analysts See Pepeto Past 100x While",NULL,"Top 3 Cryptos to Buy Now : CPI Data Cools and Pepeto Positions | Best Crypto to Buy in June 2026 as Pepeto Presale Hits $10 . 2M With | Bitcoin News Flashes Undervalued Signal , Here Is Why Pepeto | Ethereum Price Prediction Faces New Lows , Pepeto Presale Grows | New Cryptocurrency Alert : Morpho Lands $175 Million as Pepeto | Could Pepeto Be the Best Crypto Presale to Buy as CPI Hits 4 . 2 % | Top 3 Cryptos to Buy Now as CME Launches Crypto Futures and Pepeto | Best Crypto to Buy in 2026 : Why Analysts See Pepeto Past 100x While",bullish,none,8,5.0,"Top 3 Cryptos to Buy Now : CPI Data Cools and Pepeto Positions | Best Crypto to Buy in June 2026 as Pepeto Presale Hits $10 . 2M With | Bitcoin News Flashes Undervalued Signal , Here Is Why Pepeto | Ethereum Price Prediction Faces New Lows , Pepeto Presale Grows | New Cryptocurrency Alert : Morpho Lands $175 Million as Pepeto | Could Pepeto Be the Best Crypto Presale to Buy as CPI Hits 4 . 2 % | Top 3 Cryptos to Buy Now as CME Launches Crypto Futures and Pepeto | Best Crypto to Buy in 2026 : Why Analysts See Pepeto Past 100x While","[4.05e-06, 4.09e-06, 3.9e-06, 3.76e-06, 3.67e-06, 3.69e-06, 3.64e-06, 3.71e-06, 3.8e-06, 3.6e-06, 3.64e-06, 3.57e-06, 3.59e-06, 3.51e-06, 3.47e-06, 3.38e-06, 3.38e-06, 3.41e-06, 3.42e-06, 3.41e-06, 3.11e-06, 3.12e-06, 2.95e-06, 2.69e-06, 2.68e-06, 2.81e-06, 2.81e-06, 2.77e-06, 2.69e-06, 2.78e-06]",3.2338396695297777e-06,0.15259911023058303,1,82.7,87.7,Invest,N/A,N/A,N/A,N/A,N/A,N/A,N/A,N/A,N/A,N/A,N/A
pepe_2026-06-14,pepe,PEPE,2026-06-14T00:00:00Z,2.8542418386552567e-06,1.7303558557469012,162534808.80761668,1200750999.10388,13,Meme,binance,-30.148277331112304,-30.148277331112304,"Top 3 Cryptos to Buy Now : CPI Data Cools and Pepeto Positions | Best Crypto to Buy in June 2026 as Pepeto Presale Hits $10 . 2M With | Bitcoin News Flashes Undervalued Signal , Here Is Why Pepeto | Ethereum Price Prediction Faces New Lows , Pepeto Presale Grows | New Cryptocurrency Alert : Morpho Lands $175 Million as Pepeto | Could Pepeto Be the Best Crypto Presale to Buy as CPI Hits 4 . 2 % | Top 3 Cryptos to Buy Now as CME Launches Crypto Futures and Pepeto | Best Crypto to Buy in 2026 : Why Analysts See Pepeto Past 100x While",NULL,"Top 3 Cryptos to Buy Now : CPI Data Cools and Pepeto Positions | Best Crypto to Buy in June 2026 as Pepeto Presale Hits $10 . 2M With | Bitcoin News Flashes Undervalued Signal , Here Is Why Pepeto | Ethereum Price Prediction Faces New Lows , Pepeto Presale Grows | New Cryptocurrency Alert : Morpho Lands $175 Million as Pepeto | Could Pepeto Be the Best Crypto Presale to Buy as CPI Hits 4 . 2 % | Top 3 Cryptos to Buy Now as CME Launches Crypto Futures and Pepeto | Best Crypto to Buy in 2026 : Why Analysts See Pepeto Past 100x While",bullish,none,8,5.0,"Top 3 Cryptos to Buy Now : CPI Data Cools and Pepeto Positions | Best Crypto to Buy in June 2026 as Pepeto Presale Hits $10 . 2M With | Bitcoin News Flashes Undervalued Signal , Here Is Why Pepeto | Ethereum Price Prediction Faces New Lows , Pepeto Presale Grows | New Cryptocurrency Alert : Morpho Lands $175 Million as Pepeto | Could Pepeto Be the Best Crypto Presale to Buy as CPI Hits 4 . 2 % | Top 3 Cryptos to Buy Now as CME Launches Crypto Futures and Pepeto | Best Crypto to Buy in 2026 : Why Analysts See Pepeto Past 100x While","[4.09e-06, 3.9e-06, 3.76e-06, 3.67e-06, 3.69e-06, 3.64e-06, 3.71e-06, 3.8e-06, 3.6e-06, 3.64e-06, 3.57e-06, 3.59e-06, 3.51e-06, 3.47e-06, 3.38e-06, 3.38e-06, 3.41e-06, 3.42e-06, 3.41e-06, 3.11e-06, 3.12e-06, 2.95e-06, 2.69e-06, 2.68e-06, 2.81e-06, 2.81e-06, 2.77e-06, 2.69e-06, 2.78e-06, 2.81e-06]",3.301082187175982e-06,0.15655307916418493,1,78.02,83.02,Invest,N/A,N/A,N/A,N/A,N/A,N/A,N/A,N/A,N/A,N/A,N/A
pepe_2026-06-15,pepe,PEPE,2026-06-15T00:00:00Z,2.9160242875120516e-06,2.164583533885245,155226880.34518656,1226742257.513445,13,Meme,binance,-25.30263072312482,-25.30263072312482,"Crypto Market News Points to Regulation Shift as Pepeto Presale | Tron Price Prediction Moves Higher After CFTC Listing as Pepeto | Could Pepeto 100x as the Next Crypto to Explode While SpaceX IPO | The Tron Coin Price Just Hit a Record Nobody Expected as Pepeto | Crypto News : Pepeto Presale Crosses $10 . 27 Million Fast While the SpaceX IPO Proves Why Crypto Presales Beat Stocks | Pepe Coin Price Prediction Trapped 90 % Below Record as Pepeto | Best Crypto Presale to Buy : Pepeto , IPO Genie , and BDAG Compared",NULL,"Crypto Market News Points to Regulation Shift as Pepeto Presale | Tron Price Prediction Moves Higher After CFTC Listing as Pepeto | Could Pepeto 100x as the Next Crypto to Explode While SpaceX IPO | The Tron Coin Price Just Hit a Record Nobody Expected as Pepeto | Crypto News : Pepeto Presale Crosses $10 . 27 Million Fast While the SpaceX IPO Proves Why Crypto Presales Beat Stocks | Pepe Coin Price Prediction Trapped 90 % Below Record as Pepeto | Best Crypto Presale to Buy : Pepeto , IPO Genie , and BDAG Compared",bullish,none,7,5.0,"Crypto Market News Points to Regulation Shift as Pepeto Presale | Tron Price Prediction Moves Higher After CFTC Listing as Pepeto | Could Pepeto 100x as the Next Crypto to Explode While SpaceX IPO | The Tron Coin Price Just Hit a Record Nobody Expected as Pepeto | Crypto News : Pepeto Presale Crosses $10 . 27 Million Fast While the SpaceX IPO Proves Why Crypto Presales Beat Stocks | Pepe Coin Price Prediction Trapped 90 % Below Record as Pepeto | Best Crypto Presale to Buy : Pepeto , IPO Genie , and BDAG Compared","[3.9e-06, 3.76e-06, 3.67e-06, 3.69e-06, 3.64e-06, 3.71e-06, 3.8e-06, 3.6e-06, 3.64e-06, 3.57e-06, 3.59e-06, 3.51e-06, 3.47e-06, 3.38e-06, 3.38e-06, 3.41e-06, 3.42e-06, 3.41e-06, 3.11e-06, 3.12e-06, 2.95e-06, 2.69e-06, 2.68e-06, 2.81e-06, 2.81e-06, 2.77e-06, 2.69e-06, 2.78e-06, 2.81e-06, 2.85e-06]",3.425435747501506e-06,0.17469383302842223,1,58.87,63.87,Invest,N/A,N/A,N/A,N/A,N/A,N/A,N/A,N/A,N/A,N/A,N/A
pepe_2026-06-16,pepe,PEPE,2026-06-16T00:00:00Z,2.9452140239652694e-06,1.001011431153831,222367707.40035474,1239022087.741949,13,Meme,binance,-21.697289898326854,-22.507737213086855,Crypto Market News : Pepe Dollar Gains Visibility As Bitcoin | Best Crypto Under $1 : Pepe Dollar Draws Interest Ahead Of The Next | SpaceX IPO Hits $2T Market Cap As Crypto Presale Pepe Dollar | Crypto News : Pepeto Presale Advances Fast While Cathie Wood Sets Bitcoin Price Prediction at $1 . 25 Million | Crypto News : Pepeto Binance Listing Update While Standard Chartered Maps $8 XRP Price Prediction for 2026 | Crypto Market News Points to Regulation Shift as Pepeto Presale | Tron Price Prediction Moves Higher After CFTC Listing as Pepeto | Could Pepeto 100x as the Next Crypto to Explode While SpaceX IPO | The Tron Coin Price Just Hit a Record Nobody Expected as Pepeto | Crypto News : Pepeto Presale Crosses $10 . 27 Million Fast While the SpaceX IPO Proves Why Crypto Presales Beat Stocks,NULL,Crypto Market News : Pepe Dollar Gains Visibility As Bitcoin | Best Crypto Under $1 : Pepe Dollar Draws Interest Ahead Of The Next | SpaceX IPO Hits $2T Market Cap As Crypto Presale Pepe Dollar | Crypto News : Pepeto Presale Advances Fast While Cathie Wood Sets Bitcoin Price Prediction at $1 . 25 Million | Crypto News : Pepeto Binance Listing Update While Standard Chartered Maps $8 XRP Price Prediction for 2026 | Crypto Market News Points to Regulation Shift as Pepeto Presale | Tron Price Prediction Moves Higher After CFTC Listing as Pepeto | Could Pepeto 100x as the Next Crypto to Explode While SpaceX IPO | The Tron Coin Price Just Hit a Record Nobody Expected as Pepeto | Crypto News : Pepeto Presale Crosses $10 . 27 Million Fast While the SpaceX IPO Proves Why Crypto Presales Beat Stocks,bullish,none,10,5.0,Crypto Market News : Pepe Dollar Gains Visibility As Bitcoin | Best Crypto Under $1 : Pepe Dollar Draws Interest Ahead Of The Next | SpaceX IPO Hits $2T Market Cap As Crypto Presale Pepe Dollar | Crypto News : Pepeto Presale Advances Fast While Cathie Wood Sets Bitcoin Price Prediction at $1 . 25 Million | Crypto News : Pepeto Binance Listing Update While Standard Chartered Maps $8 XRP Price Prediction for 2026 | Crypto Market News Points to Regulation Shift as Pepeto Presale | Tron Price Prediction Moves Higher After CFTC Listing as Pepeto | Could Pepeto 100x as the Next Crypto to Explode While SpaceX IPO | The Tron Coin Price Just Hit a Record Nobody Expected as Pepeto | Crypto News : Pepeto Presale Crosses $10 . 27 Million Fast While the SpaceX IPO Proves Why Crypto Presales Beat Stocks,"[3.76e-06, 3.67e-06, 3.69e-06, 3.64e-06, 3.71e-06, 3.8e-06, 3.6e-06, 3.64e-06, 3.57e-06, 3.59e-06, 3.51e-06, 3.47e-06, 3.38e-06, 3.38e-06, 3.41e-06, 3.42e-06, 3.41e-06, 3.11e-06, 3.12e-06, 2.95e-06, 2.69e-06, 2.68e-06, 2.81e-06, 2.81e-06, 2.77e-06, 2.69e-06, 2.78e-06, 2.81e-06, 2.85e-06, 2.92e-06]",3.3645362663060315e-06,0.14237411574463787,1,48.01,53.01,Invest,N/A,N/A,N/A,N/A,N/A,N/A,N/A,N/A,N/A,N/A,N/A
pepe_2026-06-17,pepe,PEPE,2026-06-17T00:00:00Z,2.9463108759504267e-06,0.03724184307938305,150208593.84199548,1239483522.403585,13,Meme,binance,-19.802415084002657,-22.478877666181084,"Crypto News : Pepeto Staking at 170 % APY as the BNB Price Prediction Targets $10 , 000 After CZ Calls a Super Cycle | Crypto Market News : Pepe Dollar Gains Visibility As Bitcoin | Best Crypto Under $1 : Pepe Dollar Draws Interest Ahead Of The Next | SpaceX IPO Hits $2T Market Cap As Crypto Presale Pepe Dollar | Crypto News : Pepeto Presale Advances Fast While Cathie Wood Sets Bitcoin Price Prediction at $1 . 25 Million | Crypto News : Pepeto Binance Listing Update While Standard Chartered Maps $8 XRP Price Prediction for 2026 | Crypto Market News Points to Regulation Shift as Pepeto Presale | Tron Price Prediction Moves Higher After CFTC Listing as Pepeto | Could Pepeto 100x as the Next Crypto to Explode While SpaceX IPO | The Tron Coin Price Just Hit a Record Nobody Expected as Pepeto",NULL,"Crypto News : Pepeto Staking at 170 % APY as the BNB Price Prediction Targets $10 , 000 After CZ Calls a Super Cycle | Crypto Market News : Pepe Dollar Gains Visibility As Bitcoin | Best Crypto Under $1 : Pepe Dollar Draws Interest Ahead Of The Next | SpaceX IPO Hits $2T Market Cap As Crypto Presale Pepe Dollar | Crypto News : Pepeto Presale Advances Fast While Cathie Wood Sets Bitcoin Price Prediction at $1 . 25 Million | Crypto News : Pepeto Binance Listing Update While Standard Chartered Maps $8 XRP Price Prediction for 2026 | Crypto Market News Points to Regulation Shift as Pepeto Presale | Tron Price Prediction Moves Higher After CFTC Listing as Pepeto | Could Pepeto 100x as the Next Crypto to Explode While SpaceX IPO | The Tron Coin Price Just Hit a Record Nobody Expected as Pepeto",bullish,none,10,5.0,"Crypto News : Pepeto Staking at 170 % APY as the BNB Price Prediction Targets $10 , 000 After CZ Calls a Super Cycle | Crypto Market News : Pepe Dollar Gains Visibility As Bitcoin | Best Crypto Under $1 : Pepe Dollar Draws Interest Ahead Of The Next | SpaceX IPO Hits $2T Market Cap As Crypto Presale Pepe Dollar | Crypto News : Pepeto Presale Advances Fast While Cathie Wood Sets Bitcoin Price Prediction at $1 . 25 Million | Crypto News : Pepeto Binance Listing Update While Standard Chartered Maps $8 XRP Price Prediction for 2026 | Crypto Market News Points to Regulation Shift as Pepeto Presale | Tron Price Prediction Moves Higher After CFTC Listing as Pepeto | Could Pepeto 100x as the Next Crypto to Explode While SpaceX IPO | The Tron Coin Price Just Hit a Record Nobody Expected as Pepeto","[3.67e-06, 3.69e-06, 3.64e-06, 3.71e-06, 3.8e-06, 3.6e-06, 3.64e-06, 3.57e-06, 3.59e-06, 3.51e-06, 3.47e-06, 3.38e-06, 3.38e-06, 3.41e-06, 3.42e-06, 3.41e-06, 3.11e-06, 3.12e-06, 2.95e-06, 2.69e-06, 2.68e-06, 2.81e-06, 2.81e-06, 2.77e-06, 2.69e-06, 2.78e-06, 2.81e-06, 2.85e-06, 2.92e-06, 2.95e-06]",3.452984444621351e-06,0.171968807774733,1,44.15,49.15,Skip,N/A,N/A,N/A,N/A,N/A,N/A,N/A,N/A,N/A,N/A,N/A
pepe_2026-06-18,pepe,PEPE,2026-06-18T00:00:00Z,2.945896272416473e-06,-0.014071954773609008,181029280.95366082,1239309102.842886,13,Meme,binance,-20.234284222689126,-22.48978640345589,"3 Top Crypto To Buy Now : Can Pepeto Outrun Solana and Cardano | Best Crypto Presale 2026 : Pepeto Targets 100x Returns While ETH | Crypto News : Pepeto Staking at 170 % APY as the BNB Price Prediction Targets $10 , 000 After CZ Calls a Super Cycle | Crypto Market News : Pepe Dollar Gains Visibility As Bitcoin | Best Crypto Under $1 : Pepe Dollar Draws Interest Ahead Of The Next | SpaceX IPO Hits $2T Market Cap As Crypto Presale Pepe Dollar | Crypto News : Pepeto Presale Advances Fast While Cathie Wood Sets Bitcoin Price Prediction at $1 . 25 Million | Crypto News : Pepeto Binance Listing Update While Standard Chartered Maps $8 XRP Price Prediction for 2026 | Crypto Market News Points to Regulation Shift as Pepeto Presale | Tron Price Prediction Moves Higher After CFTC Listing as Pepeto",NULL,"3 Top Crypto To Buy Now : Can Pepeto Outrun Solana and Cardano | Best Crypto Presale 2026 : Pepeto Targets 100x Returns While ETH | Crypto News : Pepeto Staking at 170 % APY as the BNB Price Prediction Targets $10 , 000 After CZ Calls a Super Cycle | Crypto Market News : Pepe Dollar Gains Visibility As Bitcoin | Best Crypto Under $1 : Pepe Dollar Draws Interest Ahead Of The Next | SpaceX IPO Hits $2T Market Cap As Crypto Presale Pepe Dollar | Crypto News : Pepeto Presale Advances Fast While Cathie Wood Sets Bitcoin Price Prediction at $1 . 25 Million | Crypto News : Pepeto Binance Listing Update While Standard Chartered Maps $8 XRP Price Prediction for 2026 | Crypto Market News Points to Regulation Shift as Pepeto Presale | Tron Price Prediction Moves Higher After CFTC Listing as Pepeto",bullish,none,10,5.0,"3 Top Crypto To Buy Now : Can Pepeto Outrun Solana and Cardano | Best Crypto Presale 2026 : Pepeto Targets 100x Returns While ETH | Crypto News : Pepeto Staking at 170 % APY as the BNB Price Prediction Targets $10 , 000 After CZ Calls a Super Cycle | Crypto Market News : Pepe Dollar Gains Visibility As Bitcoin | Best Crypto Under $1 : Pepe Dollar Draws Interest Ahead Of The Next | SpaceX IPO Hits $2T Market Cap As Crypto Presale Pepe Dollar | Crypto News : Pepeto Presale Advances Fast While Cathie Wood Sets Bitcoin Price Prediction at $1 . 25 Million | Crypto News : Pepeto Binance Listing Update While Standard Chartered Maps $8 XRP Price Prediction for 2026 | Crypto Market News Points to Regulation Shift as Pepeto Presale | Tron Price Prediction Moves Higher After CFTC Listing as Pepeto","[3.69e-06, 3.64e-06, 3.71e-06, 3.8e-06, 3.6e-06, 3.64e-06, 3.57e-06, 3.59e-06, 3.51e-06, 3.47e-06, 3.38e-06, 3.38e-06, 3.41e-06, 3.42e-06, 3.41e-06, 3.11e-06, 3.12e-06, 2.95e-06, 2.69e-06, 2.68e-06, 2.81e-06, 2.81e-06, 2.77e-06, 2.69e-06, 2.78e-06, 2.81e-06, 2.85e-06, 2.92e-06, 2.95e-06, 2.95e-06]",3.383704622296261e-06,0.1486163494550543,1,45.7,50.7,Invest,N/A,N/A,N/A,N/A,N/A,N/A,N/A,N/A,N/A,N/A,N/A
pepe_2026-06-19,pepe,PEPE,2026-06-19T00:00:00Z,2.8438842805354347e-06,-3.462850774353965,136289360.31548735,1196393677.978452,13,Meme,binance,-21.873798650742383,-25.173849435187236,"3 Top Crypto To Buy Now : Can Pepeto Outrun Solana and Cardano | Best Crypto Presale 2026 : Pepeto Targets 100x Returns While ETH | Crypto News : Pepeto Staking at 170 % APY as the BNB Price Prediction Targets $10 , 000 After CZ Calls a Super Cycle | Crypto Market News : Pepe Dollar Gains Visibility As Bitcoin | Best Crypto Under $1 : Pepe Dollar Draws Interest Ahead Of The Next | SpaceX IPO Hits $2T Market Cap As Crypto Presale Pepe Dollar | Crypto News : Pepeto Presale Advances Fast While Cathie Wood Sets Bitcoin Price Prediction at $1 . 25 Million | Crypto News : Pepeto Binance Listing Update While Standard Chartered Maps $8 XRP Price Prediction for 2026 | Crypto Market News Points to Regulation Shift as Pepeto Presale | Tron Price Prediction Moves Higher After CFTC Listing as Pepeto",NULL,"3 Top Crypto To Buy Now : Can Pepeto Outrun Solana and Cardano | Best Crypto Presale 2026 : Pepeto Targets 100x Returns While ETH | Crypto News : Pepeto Staking at 170 % APY as the BNB Price Prediction Targets $10 , 000 After CZ Calls a Super Cycle | Crypto Market News : Pepe Dollar Gains Visibility As Bitcoin | Best Crypto Under $1 : Pepe Dollar Draws Interest Ahead Of The Next | SpaceX IPO Hits $2T Market Cap As Crypto Presale Pepe Dollar | Crypto News : Pepeto Presale Advances Fast While Cathie Wood Sets Bitcoin Price Prediction at $1 . 25 Million | Crypto News : Pepeto Binance Listing Update While Standard Chartered Maps $8 XRP Price Prediction for 2026 | Crypto Market News Points to Regulation Shift as Pepeto Presale | Tron Price Prediction Moves Higher After CFTC Listing as Pepeto",bullish,none,10,5.0,"3 Top Crypto To Buy Now : Can Pepeto Outrun Solana and Cardano | Best Crypto Presale 2026 : Pepeto Targets 100x Returns While ETH | Crypto News : Pepeto Staking at 170 % APY as the BNB Price Prediction Targets $10 , 000 After CZ Calls a Super Cycle | Crypto Market News : Pepe Dollar Gains Visibility As Bitcoin | Best Crypto Under $1 : Pepe Dollar Draws Interest Ahead Of The Next | SpaceX IPO Hits $2T Market Cap As Crypto Presale Pepe Dollar | Crypto News : Pepeto Presale Advances Fast While Cathie Wood Sets Bitcoin Price Prediction at $1 . 25 Million | Crypto News : Pepeto Binance Listing Update While Standard Chartered Maps $8 XRP Price Prediction for 2026 | Crypto Market News Points to Regulation Shift as Pepeto Presale | Tron Price Prediction Moves Higher After CFTC Listing as Pepeto","[3.64e-06, 3.71e-06, 3.8e-06, 3.6e-06, 3.64e-06, 3.57e-06, 3.59e-06, 3.51e-06, 3.47e-06, 3.38e-06, 3.38e-06, 3.41e-06, 3.42e-06, 3.41e-06, 3.11e-06, 3.12e-06, 2.95e-06, 2.69e-06, 2.68e-06, 2.81e-06, 2.81e-06, 2.77e-06, 2.69e-06, 2.78e-06, 2.81e-06, 2.85e-06, 2.92e-06, 2.95e-06, 2.95e-06, 2.95e-06]",3.4061337333808685e-06,0.19770475778275198,1,55.17,60.17,Invest,N/A,N/A,N/A,N/A,N/A,N/A,N/A,N/A,N/A,N/A,N/A
pepe_2026-06-20,pepe,PEPE,2026-06-20T00:00:00Z,2.8279228349232995e-06,-0.5612551017416978,124203013.75898057,1189678857.423883,13,Meme,binance,-23.83440883803467,-25.593815022669165,"3 Top Crypto To Buy Now : Can Pepeto Outrun Solana and Cardano | Best Crypto Presale 2026 : Pepeto Targets 100x Returns While ETH | Crypto News : Pepeto Staking at 170 % APY as the BNB Price Prediction Targets $10 , 000 After CZ Calls a Super Cycle | Crypto Market News : Pepe Dollar Gains Visibility As Bitcoin | Best Crypto Under $1 : Pepe Dollar Draws Interest Ahead Of The Next | SpaceX IPO Hits $2T Market Cap As Crypto Presale Pepe Dollar | Crypto News : Pepeto Presale Advances Fast While Cathie Wood Sets Bitcoin Price Prediction at $1 . 25 Million | Crypto News : Pepeto Binance Listing Update While Standard Chartered Maps $8 XRP Price Prediction for 2026 | Crypto Market News Points to Regulation Shift as Pepeto Presale | Tron Price Prediction Moves Higher After CFTC Listing as Pepeto",NULL,"3 Top Crypto To Buy Now : Can Pepeto Outrun Solana and Cardano | Best Crypto Presale 2026 : Pepeto Targets 100x Returns While ETH | Crypto News : Pepeto Staking at 170 % APY as the BNB Price Prediction Targets $10 , 000 After CZ Calls a Super Cycle | Crypto Market News : Pepe Dollar Gains Visibility As Bitcoin | Best Crypto Under $1 : Pepe Dollar Draws Interest Ahead Of The Next | SpaceX IPO Hits $2T Market Cap As Crypto Presale Pepe Dollar | Crypto News : Pepeto Presale Advances Fast While Cathie Wood Sets Bitcoin Price Prediction at $1 . 25 Million | Crypto News : Pepeto Binance Listing Update While Standard Chartered Maps $8 XRP Price Prediction for 2026 | Crypto Market News Points to Regulation Shift as Pepeto Presale | Tron Price Prediction Moves Higher After CFTC Listing as Pepeto",bullish,none,10,5.0,"3 Top Crypto To Buy Now : Can Pepeto Outrun Solana and Cardano | Best Crypto Presale 2026 : Pepeto Targets 100x Returns While ETH | Crypto News : Pepeto Staking at 170 % APY as the BNB Price Prediction Targets $10 , 000 After CZ Calls a Super Cycle | Crypto Market News : Pepe Dollar Gains Visibility As Bitcoin | Best Crypto Under $1 : Pepe Dollar Draws Interest Ahead Of The Next | SpaceX IPO Hits $2T Market Cap As Crypto Presale Pepe Dollar | Crypto News : Pepeto Presale Advances Fast While Cathie Wood Sets Bitcoin Price Prediction at $1 . 25 Million | Crypto News : Pepeto Binance Listing Update While Standard Chartered Maps $8 XRP Price Prediction for 2026 | Crypto Market News Points to Regulation Shift as Pepeto Presale | Tron Price Prediction Moves Higher After CFTC Listing as Pepeto","[3.71e-06, 3.8e-06, 3.6e-06, 3.64e-06, 3.57e-06, 3.59e-06, 3.51e-06, 3.47e-06, 3.38e-06, 3.38e-06, 3.41e-06, 3.42e-06, 3.41e-06, 3.11e-06, 3.12e-06, 2.95e-06, 2.69e-06, 2.68e-06, 2.81e-06, 2.81e-06, 2.77e-06, 2.69e-06, 2.78e-06, 2.81e-06, 2.85e-06, 2.92e-06, 2.95e-06, 2.95e-06, 2.95e-06, 2.84e-06]",3.6172354492766444e-06,0.279113915205099,1,57.27,62.27,Invest,N/A,N/A,N/A,N/A,N/A,N/A,N/A,N/A,N/A,N/A,N/A
pepe_2026-06-21,pepe,PEPE,2026-06-21T00:00:00Z,2.8319188522902262e-06,0.14130574277269048,90607587.06730875,1191359941.9699752,13,Meme,binance,-25.488674810318123,-25.488674810318123,"3 Top Crypto To Buy Now : Can Pepeto Outrun Solana and Cardano | Best Crypto Presale 2026 : Pepeto Targets 100x Returns While ETH | Crypto News : Pepeto Staking at 170 % APY as the BNB Price Prediction Targets $10 , 000 After CZ Calls a Super Cycle | Crypto Market News : Pepe Dollar Gains Visibility As Bitcoin | Best Crypto Under $1 : Pepe Dollar Draws Interest Ahead Of The Next | SpaceX IPO Hits $2T Market Cap As Crypto Presale Pepe Dollar | Crypto News : Pepeto Presale Advances Fast While Cathie Wood Sets Bitcoin Price Prediction at $1 . 25 Million | Crypto News : Pepeto Binance Listing Update While Standard Chartered Maps $8 XRP Price Prediction for 2026 | Crypto Market News Points to Regulation Shift as Pepeto Presale | Tron Price Prediction Moves Higher After CFTC Listing as Pepeto",NULL,"3 Top Crypto To Buy Now : Can Pepeto Outrun Solana and Cardano | Best Crypto Presale 2026 : Pepeto Targets 100x Returns While ETH | Crypto News : Pepeto Staking at 170 % APY as the BNB Price Prediction Targets $10 , 000 After CZ Calls a Super Cycle | Crypto Market News : Pepe Dollar Gains Visibility As Bitcoin | Best Crypto Under $1 : Pepe Dollar Draws Interest Ahead Of The Next | SpaceX IPO Hits $2T Market Cap As Crypto Presale Pepe Dollar | Crypto News : Pepeto Presale Advances Fast While Cathie Wood Sets Bitcoin Price Prediction at $1 . 25 Million | Crypto News : Pepeto Binance Listing Update While Standard Chartered Maps $8 XRP Price Prediction for 2026 | Crypto Market News Points to Regulation Shift as Pepeto Presale | Tron Price Prediction Moves Higher After CFTC Listing as Pepeto",bullish,none,10,5.0,"3 Top Crypto To Buy Now : Can Pepeto Outrun Solana and Cardano | Best Crypto Presale 2026 : Pepeto Targets 100x Returns While ETH | Crypto News : Pepeto Staking at 170 % APY as the BNB Price Prediction Targets $10 , 000 After CZ Calls a Super Cycle | Crypto Market News : Pepe Dollar Gains Visibility As Bitcoin | Best Crypto Under $1 : Pepe Dollar Draws Interest Ahead Of The Next | SpaceX IPO Hits $2T Market Cap As Crypto Presale Pepe Dollar | Crypto News : Pepeto Presale Advances Fast While Cathie Wood Sets Bitcoin Price Prediction at $1 . 25 Million | Crypto News : Pepeto Binance Listing Update While Standard Chartered Maps $8 XRP Price Prediction for 2026 | Crypto Market News Points to Regulation Shift as Pepeto Presale | Tron Price Prediction Moves Higher After CFTC Listing as Pepeto","[3.8e-06, 3.6e-06, 3.64e-06, 3.57e-06, 3.59e-06, 3.51e-06, 3.47e-06, 3.38e-06, 3.38e-06, 3.41e-06, 3.42e-06, 3.41e-06, 3.11e-06, 3.12e-06, 2.95e-06, 2.69e-06, 2.68e-06, 2.81e-06, 2.81e-06, 2.77e-06, 2.69e-06, 2.78e-06, 2.81e-06, 2.85e-06, 2.92e-06, 2.95e-06, 2.95e-06, 2.95e-06, 2.84e-06, 2.83e-06]",3.6172354492766444e-06,0.2773090042291706,1,55.68,60.68,Invest,N/A,N/A,N/A,N/A,N/A,N/A,N/A,N/A,N/A,N/A,N/A
pepe_2026-06-22,pepe,PEPE,2026-06-22T00:00:00Z,2.7866164071624233e-06,-1.5997084482546553,89531406.37288761,1172301656.3291597,13,Meme,binance,-22.646156506328964,-23.497463426826403,"3 Top Crypto To Buy Now : Can Pepeto Outrun Solana and Cardano | Best Crypto Presale 2026 : Pepeto Targets 100x Returns While ETH | Crypto News : Pepeto Staking at 170 % APY as the BNB Price Prediction Targets $10 , 000 After CZ Calls a Super Cycle | Crypto Market News : Pepe Dollar Gains Visibility As Bitcoin | Best Crypto Under $1 : Pepe Dollar Draws Interest Ahead Of The Next | SpaceX IPO Hits $2T Market Cap As Crypto Presale Pepe Dollar | Crypto News : Pepeto Presale Advances Fast While Cathie Wood Sets Bitcoin Price Prediction at $1 . 25 Million | Crypto News : Pepeto Binance Listing Update While Standard Chartered Maps $8 XRP Price Prediction for 2026 | Crypto Market News Points to Regulation Shift as Pepeto Presale | Tron Price Prediction Moves Higher After CFTC Listing as Pepeto",NULL,"3 Top Crypto To Buy Now : Can Pepeto Outrun Solana and Cardano | Best Crypto Presale 2026 : Pepeto Targets 100x Returns While ETH | Crypto News : Pepeto Staking at 170 % APY as the BNB Price Prediction Targets $10 , 000 After CZ Calls a Super Cycle | Crypto Market News : Pepe Dollar Gains Visibility As Bitcoin | Best Crypto Under $1 : Pepe Dollar Draws Interest Ahead Of The Next | SpaceX IPO Hits $2T Market Cap As Crypto Presale Pepe Dollar | Crypto News : Pepeto Presale Advances Fast While Cathie Wood Sets Bitcoin Price Prediction at $1 . 25 Million | Crypto News : Pepeto Binance Listing Update While Standard Chartered Maps $8 XRP Price Prediction for 2026 | Crypto Market News Points to Regulation Shift as Pepeto Presale | Tron Price Prediction Moves Higher After CFTC Listing as Pepeto",bullish,none,10,5.0,"3 Top Crypto To Buy Now : Can Pepeto Outrun Solana and Cardano | Best Crypto Presale 2026 : Pepeto Targets 100x Returns While ETH | Crypto News : Pepeto Staking at 170 % APY as the BNB Price Prediction Targets $10 , 000 After CZ Calls a Super Cycle | Crypto Market News : Pepe Dollar Gains Visibility As Bitcoin | Best Crypto Under $1 : Pepe Dollar Draws Interest Ahead Of The Next | SpaceX IPO Hits $2T Market Cap As Crypto Presale Pepe Dollar | Crypto News : Pepeto Presale Advances Fast While Cathie Wood Sets Bitcoin Price Prediction at $1 . 25 Million | Crypto News : Pepeto Binance Listing Update While Standard Chartered Maps $8 XRP Price Prediction for 2026 | Crypto Market News Points to Regulation Shift as Pepeto Presale | Tron Price Prediction Moves Higher After CFTC Listing as Pepeto","[3.6e-06, 3.64e-06, 3.57e-06, 3.59e-06, 3.51e-06, 3.47e-06, 3.38e-06, 3.38e-06, 3.41e-06, 3.42e-06, 3.41e-06, 3.11e-06, 3.12e-06, 2.95e-06, 2.69e-06, 2.68e-06, 2.81e-06, 2.81e-06, 2.77e-06, 2.69e-06, 2.78e-06, 2.81e-06, 2.85e-06, 2.92e-06, 2.95e-06, 2.95e-06, 2.95e-06, 2.84e-06, 2.83e-06, 2.83e-06]",3.6172354492766444e-06,0.2980744102343207,1,45.56,50.56,Invest,N/A,N/A,N/A,N/A,N/A,N/A,N/A,N/A,N/A,N/A,N/A
pepe_2026-06-23,pepe,PEPE,2026-06-23T00:00:00Z,2.8047570084868925e-06,0.6509902574980408,123557686.57562326,1179933225.9003508,13,Meme,binance,-22.999439366996178,-22.999439366996178,"3 Top Crypto To Buy Now : Can Pepeto Outrun Solana and Cardano | Best Crypto Presale 2026 : Pepeto Targets 100x Returns While ETH | Crypto News : Pepeto Staking at 170 % APY as the BNB Price Prediction Targets $10 , 000 After CZ Calls a Super Cycle | Crypto Market News : Pepe Dollar Gains Visibility As Bitcoin | Best Crypto Under $1 : Pepe Dollar Draws Interest Ahead Of The Next | SpaceX IPO Hits $2T Market Cap As Crypto Presale Pepe Dollar | Crypto News : Pepeto Presale Advances Fast While Cathie Wood Sets Bitcoin Price Prediction at $1 . 25 Million | Crypto News : Pepeto Binance Listing Update While Standard Chartered Maps $8 XRP Price Prediction for 2026 | Crypto Market News Points to Regulation Shift as Pepeto Presale | Tron Price Prediction Moves Higher After CFTC Listing as Pepeto",NULL,"3 Top Crypto To Buy Now : Can Pepeto Outrun Solana and Cardano | Best Crypto Presale 2026 : Pepeto Targets 100x Returns While ETH | Crypto News : Pepeto Staking at 170 % APY as the BNB Price Prediction Targets $10 , 000 After CZ Calls a Super Cycle | Crypto Market News : Pepe Dollar Gains Visibility As Bitcoin | Best Crypto Under $1 : Pepe Dollar Draws Interest Ahead Of The Next | SpaceX IPO Hits $2T Market Cap As Crypto Presale Pepe Dollar | Crypto News : Pepeto Presale Advances Fast While Cathie Wood Sets Bitcoin Price Prediction at $1 . 25 Million | Crypto News : Pepeto Binance Listing Update While Standard Chartered Maps $8 XRP Price Prediction for 2026 | Crypto Market News Points to Regulation Shift as Pepeto Presale | Tron Price Prediction Moves Higher After CFTC Listing as Pepeto",bullish,none,10,5.0,"3 Top Crypto To Buy Now : Can Pepeto Outrun Solana and Cardano | Best Crypto Presale 2026 : Pepeto Targets 100x Returns While ETH | Crypto News : Pepeto Staking at 170 % APY as the BNB Price Prediction Targets $10 , 000 After CZ Calls a Super Cycle | Crypto Market News : Pepe Dollar Gains Visibility As Bitcoin | Best Crypto Under $1 : Pepe Dollar Draws Interest Ahead Of The Next | SpaceX IPO Hits $2T Market Cap As Crypto Presale Pepe Dollar | Crypto News : Pepeto Presale Advances Fast While Cathie Wood Sets Bitcoin Price Prediction at $1 . 25 Million | Crypto News : Pepeto Binance Listing Update While Standard Chartered Maps $8 XRP Price Prediction for 2026 | Crypto Market News Points to Regulation Shift as Pepeto Presale | Tron Price Prediction Moves Higher After CFTC Listing as Pepeto","[3.64e-06, 3.57e-06, 3.59e-06, 3.51e-06, 3.47e-06, 3.38e-06, 3.38e-06, 3.41e-06, 3.42e-06, 3.41e-06, 3.11e-06, 3.12e-06, 2.95e-06, 2.69e-06, 2.68e-06, 2.81e-06, 2.81e-06, 2.77e-06, 2.69e-06, 2.78e-06, 2.81e-06, 2.85e-06, 2.92e-06, 2.95e-06, 2.95e-06, 2.95e-06, 2.84e-06, 2.83e-06, 2.83e-06, 2.79e-06]",3.6172354492766444e-06,0.28967872736614253,1,46.01,51.01,Invest,N/A,N/A,N/A,N/A,N/A,N/A,N/A,N/A,N/A,N/A,N/A
pepe_2026-06-24,pepe,PEPE,2026-06-24T00:00:00Z,2.6931694262491134e-06,-3.9785115751605926,120380231.530111,1132989445.9287395,13,Meme,binance,-24.65603941302187,-25.029421158961217,"3 Top Crypto To Buy Now : Can Pepeto Outrun Solana and Cardano | Best Crypto Presale 2026 : Pepeto Targets 100x Returns While ETH | Crypto News : Pepeto Staking at 170 % APY as the BNB Price Prediction Targets $10 , 000 After CZ Calls a Super Cycle | Crypto Market News : Pepe Dollar Gains Visibility As Bitcoin | Best Crypto Under $1 : Pepe Dollar Draws Interest Ahead Of The Next | SpaceX IPO Hits $2T Market Cap As Crypto Presale Pepe Dollar | Crypto News : Pepeto Presale Advances Fast While Cathie Wood Sets Bitcoin Price Prediction at $1 . 25 Million | Crypto News : Pepeto Binance Listing Update While Standard Chartered Maps $8 XRP Price Prediction for 2026 | Crypto Market News Points to Regulation Shift as Pepeto Presale",NULL,"3 Top Crypto To Buy Now : Can Pepeto Outrun Solana and Cardano | Best Crypto Presale 2026 : Pepeto Targets 100x Returns While ETH | Crypto News : Pepeto Staking at 170 % APY as the BNB Price Prediction Targets $10 , 000 After CZ Calls a Super Cycle | Crypto Market News : Pepe Dollar Gains Visibility As Bitcoin | Best Crypto Under $1 : Pepe Dollar Draws Interest Ahead Of The Next | SpaceX IPO Hits $2T Market Cap As Crypto Presale Pepe Dollar | Crypto News : Pepeto Presale Advances Fast While Cathie Wood Sets Bitcoin Price Prediction at $1 . 25 Million | Crypto News : Pepeto Binance Listing Update While Standard Chartered Maps $8 XRP Price Prediction for 2026 | Crypto Market News Points to Regulation Shift as Pepeto Presale",bullish,none,9,5.0,"3 Top Crypto To Buy Now : Can Pepeto Outrun Solana and Cardano | Best Crypto Presale 2026 : Pepeto Targets 100x Returns While ETH | Crypto News : Pepeto Staking at 170 % APY as the BNB Price Prediction Targets $10 , 000 After CZ Calls a Super Cycle | Crypto Market News : Pepe Dollar Gains Visibility As Bitcoin | Best Crypto Under $1 : Pepe Dollar Draws Interest Ahead Of The Next | SpaceX IPO Hits $2T Market Cap As Crypto Presale Pepe Dollar | Crypto News : Pepeto Presale Advances Fast While Cathie Wood Sets Bitcoin Price Prediction at $1 . 25 Million | Crypto News : Pepeto Binance Listing Update While Standard Chartered Maps $8 XRP Price Prediction for 2026 | Crypto Market News Points to Regulation Shift as Pepeto Presale","[3.57e-06, 3.59e-06, 3.51e-06, 3.47e-06, 3.38e-06, 3.38e-06, 3.41e-06, 3.42e-06, 3.41e-06, 3.11e-06, 3.12e-06, 2.95e-06, 2.69e-06, 2.68e-06, 2.81e-06, 2.81e-06, 2.77e-06, 2.69e-06, 2.78e-06, 2.81e-06, 2.85e-06, 2.92e-06, 2.95e-06, 2.95e-06, 2.95e-06, 2.84e-06, 2.83e-06, 2.83e-06, 2.79e-06, 2.8e-06]",3.6172354492766444e-06,0.3431147012219411,1,54.48,59.48,Invest,N/A,N/A,N/A,N/A,N/A,N/A,N/A,N/A,N/A,N/A,N/A
pepe_2026-06-25,pepe,PEPE,2026-06-25T00:00:00Z,2.5287179453179785e-06,-6.106243421906554,184715705.3501168,1063806352.4158204,14,Meme,binance,-29.60730719780741,-29.60730719780741,"3 Top Crypto To Buy Now : Can Pepeto Outrun Solana and Cardano | Best Crypto Presale 2026 : Pepeto Targets 100x Returns While ETH | Crypto News : Pepeto Staking at 170 % APY as the BNB Price Prediction Targets $10 , 000 After CZ Calls a Super Cycle | Crypto Market News : Pepe Dollar Gains Visibility As Bitcoin | Best Crypto Under $1 : Pepe Dollar Draws Interest Ahead Of The Next | SpaceX IPO Hits $2T Market Cap As Crypto Presale Pepe Dollar | Crypto News : Pepeto Presale Advances Fast While Cathie Wood Sets Bitcoin Price Prediction at $1 . 25 Million | Crypto News : Pepeto Binance Listing Update While Standard Chartered Maps $8 XRP Price Prediction for 2026",NULL,"3 Top Crypto To Buy Now : Can Pepeto Outrun Solana and Cardano | Best Crypto Presale 2026 : Pepeto Targets 100x Returns While ETH | Crypto News : Pepeto Staking at 170 % APY as the BNB Price Prediction Targets $10 , 000 After CZ Calls a Super Cycle | Crypto Market News : Pepe Dollar Gains Visibility As Bitcoin | Best Crypto Under $1 : Pepe Dollar Draws Interest Ahead Of The Next | SpaceX IPO Hits $2T Market Cap As Crypto Presale Pepe Dollar | Crypto News : Pepeto Presale Advances Fast While Cathie Wood Sets Bitcoin Price Prediction at $1 . 25 Million | Crypto News : Pepeto Binance Listing Update While Standard Chartered Maps $8 XRP Price Prediction for 2026",bullish,none,8,5.0,"3 Top Crypto To Buy Now : Can Pepeto Outrun Solana and Cardano | Best Crypto Presale 2026 : Pepeto Targets 100x Returns While ETH | Crypto News : Pepeto Staking at 170 % APY as the BNB Price Prediction Targets $10 , 000 After CZ Calls a Super Cycle | Crypto Market News : Pepe Dollar Gains Visibility As Bitcoin | Best Crypto Under $1 : Pepe Dollar Draws Interest Ahead Of The Next | SpaceX IPO Hits $2T Market Cap As Crypto Presale Pepe Dollar | Crypto News : Pepeto Presale Advances Fast While Cathie Wood Sets Bitcoin Price Prediction at $1 . 25 Million | Crypto News : Pepeto Binance Listing Update While Standard Chartered Maps $8 XRP Price Prediction for 2026","[3.59e-06, 3.51e-06, 3.47e-06, 3.38e-06, 3.38e-06, 3.41e-06, 3.42e-06, 3.41e-06, 3.11e-06, 3.12e-06, 2.95e-06, 2.69e-06, 2.68e-06, 2.81e-06, 2.81e-06, 2.77e-06, 2.69e-06, 2.78e-06, 2.81e-06, 2.85e-06, 2.92e-06, 2.95e-06, 2.95e-06, 2.95e-06, 2.84e-06, 2.83e-06, 2.83e-06, 2.79e-06, 2.8e-06, 2.69e-06]",3.6172354492766444e-06,0.43046220555127523,1,79.53,84.53,Invest,N/A,N/A,N/A,N/A,N/A,N/A,N/A,N/A,N/A,N/A,N/A
pepe_2026-06-26,pepe,PEPE,2026-06-26T00:00:00Z,2.35319785937609e-06,-6.941070128713678,197266236.81714314,989966807.4609272,14,Meme,binance,-32.90799847060681,-32.90799847060681,"3 Top Crypto To Buy Now : Can Pepeto Outrun Solana and Cardano | Best Crypto Presale 2026 : Pepeto Targets 100x Returns While ETH | Crypto News : Pepeto Staking at 170 % APY as the BNB Price Prediction Targets $10 , 000 After CZ Calls a Super Cycle | Crypto Market News : Pepe Dollar Gains Visibility As Bitcoin | Best Crypto Under $1 : Pepe Dollar Draws Interest Ahead Of The Next | SpaceX IPO Hits $2T Market Cap As Crypto Presale Pepe Dollar",NULL,"3 Top Crypto To Buy Now : Can Pepeto Outrun Solana and Cardano | Best Crypto Presale 2026 : Pepeto Targets 100x Returns While ETH | Crypto News : Pepeto Staking at 170 % APY as the BNB Price Prediction Targets $10 , 000 After CZ Calls a Super Cycle | Crypto Market News : Pepe Dollar Gains Visibility As Bitcoin | Best Crypto Under $1 : Pepe Dollar Draws Interest Ahead Of The Next | SpaceX IPO Hits $2T Market Cap As Crypto Presale Pepe Dollar",neutral,none,6,0.0,"3 Top Crypto To Buy Now : Can Pepeto Outrun Solana and Cardano | Best Crypto Presale 2026 : Pepeto Targets 100x Returns While ETH | Crypto News : Pepeto Staking at 170 % APY as the BNB Price Prediction Targets $10 , 000 After CZ Calls a Super Cycle | Crypto Market News : Pepe Dollar Gains Visibility As Bitcoin | Best Crypto Under $1 : Pepe Dollar Draws Interest Ahead Of The Next | SpaceX IPO Hits $2T Market Cap As Crypto Presale Pepe Dollar","[3.51e-06, 3.47e-06, 3.38e-06, 3.38e-06, 3.41e-06, 3.42e-06, 3.41e-06, 3.11e-06, 3.12e-06, 2.95e-06, 2.69e-06, 2.68e-06, 2.81e-06, 2.81e-06, 2.77e-06, 2.69e-06, 2.78e-06, 2.81e-06, 2.85e-06, 2.92e-06, 2.95e-06, 2.95e-06, 2.95e-06, 2.84e-06, 2.83e-06, 2.83e-06, 2.79e-06, 2.8e-06, 2.69e-06, 2.53e-06]",3.6172354492766444e-06,0.5371573770833244,1,87.54,87.54,Invest,N/A,N/A,N/A,N/A,N/A,N/A,N/A,N/A,N/A,N/A,N/A
pepe_2026-09-26,pepe,PEPE,2026-09-26T00:00:00Z,3.6172354492766444e-06,53.71573770833245,248517458.1359784,1521734781.1561916,14,Meme,binance,-6.168078142681921,-7.094120831671303,NULL,NULL,NULL,none,none,0,0.0,NULL,"[3.86e-06, 3.89e-06, 3.7e-06, 3.66e-06, 3.4e-06, 3.55e-06, 3.47e-06, 3.43e-06, 3.71e-06, 3.53e-06, 3.61e-06, 3.65e-06, 3.62e-06, 3.66e-06, 3.48e-06, 3.23e-06, 3.3e-06, 3.43e-06, 3.36e-06, 3.45e-06, 3.38e-06, 3.41e-06, 3.62e-06]",3.6172354492766444e-06,0.0,0,7.03,7.03,Skip,0,0,-999,0,-999,0,0,-999,0.0,0.0,N/A
