report_id,coingecko_id,token_symbol,report_date,price_usd,return_24h,volume_24h_usd,market_cap_usd,market_cap_rank,drawdown_from_peak_pct,momentum_30d_pct,press_opinion,press_conflict,news_delta,positive_90d_return,base_score,invest_score,decision
aave_2026-05-24,aave,AAVE,2026-05-24T00:00:00Z,86.61130077997036,0.7117805351280815,164119641.50592354,1288749629.291776,14,-15.098186435969286,-8.229081274538618,bullish,none,5.0,1,77.16,82.16,Invest
cardano_2026-05-24,cardano,ADA,2026-05-24T00:00:00Z,0.24583517559001003,1.4388427967078066,321802130.28250253,9096168020.195175,6,-12.966761963005125,-1.6452624769717206,bullish,none,5.0,0,6.11,11.11,Skip
arbitrum_2026-05-24,arbitrum,ARB,2026-05-24T00:00:00Z,0.10845758628178066,0.5996793203506101,56821836.74077148,678491299.2320079,15,-24.17757166784379,-15.062670094417674,none,none,0.0,0,31.54,31.54,Skip
avalanche-2_2026-05-24,avalanche-2,AVAX,2026-05-24T00:00:00Z,9.385538758544717,2.62784885943832,262074155.94394007,4052412476.481587,9,-8.234502189993764,0.01816527599920459,none,none,0.0,0,11.59,11.59,Skip
bitcoin_2026-05-24,bitcoin,BTC,2026-05-24T00:00:00Z,76684.37097078416,1.5977927275058423,30932098861.218105,1536256575896.3174,1,-6.503421221952577,-2.0325113180396426,none,none,0.0,1,99.99,99.99,Invest
dogecoin_2026-05-24,dogecoin,DOGE,2026-05-24T00:00:00Z,0.10294759713151198,0.7101257612554424,1141280737.4389892,15891273826.823448,5,-10.73069059127807,5.9400489249166855,bullish,none,5.0,0,9.03,14.03,Skip
polkadot_2026-05-24,polkadot,DOT,2026-05-24T00:00:00Z,1.2936224436095742,2.853578273026214,174630585.38295978,2179965912.2709584,11,-6.332902845224808,4.2271839494358865,none,none,0.0,0,2.96,2.96,Skip
ethereum_2026-05-24,ethereum,ETH,2026-05-24T00:00:00Z,2116.4299126571727,2.5382342301341065,15645737334.490585,255422534247.0047,2,-10.697836153202145,-9.208778179373011,none,none,0.0,1,99.83,99.83,Invest
chainlink_2026-05-24,chainlink,LINK,2026-05-24T00:00:00Z,9.551471638935041,1.489696809919594,341128915.33593637,6944874746.190126,7,-10.815590153333343,2.158286302250856,none,none,0.0,1,15.32,15.32,Skip
litecoin_2026-05-24,litecoin,LTC,2026-05-24T00:00:00Z,53.44590735800898,1.5337891751558308,247474107.63097015,4124408751.4968233,8,-11.478835848080527,-4.945136776136705,none,none,0.0,0,30.66,30.66,Skip
near_2026-05-24,near,NEAR,2026-05-24T00:00:00Z,2.452089791295446,16.684357039509212,1158176060.2296898,3178638665.6130805,10,16.684357039509212,74.41681538670053,bullish,none,5.0,0,0.05,5.05,Skip
pepe_2026-05-24,pepe,PEPE,2026-05-24T00:00:00Z,3.6425150485004692e-06,1.1127826064736945,216949162.11782706,1532369655.7536623,13,-17.366206201931732,-4.86405783215027,neutral,none,0.0,1,21.77,21.77,Skip
solana_2026-05-24,solana,SOL,2026-05-24T00:00:00Z,85.6707931191255,1.6117853351031552,3286970015.1963525,49526223443.17703,4,-11.90882479094525,-0.5448750159972149,none,none,0.0,1,91.19,91.19,Invest
uniswap_2026-05-24,uniswap,UNI,2026-05-24T00:00:00Z,3.4616335473817075,1.8472165555025288,255566568.57338503,2141434124.4857123,12,-13.303516362331658,5.070726046522633,neutral,none,0.0,1,22.77,22.77,Skip
ripple_2026-05-24,ripple,XRP,2026-05-24T00:00:00Z,1.354304495326544,1.646137057135677,912675749.776016,83775002535.45695,3,-8.651249430425478,-5.915677448358981,none,none,0.0,1,27.43,27.43,Skip
aave_2026-05-25,aave,AAVE,2026-05-25T00:00:00Z,85.54168730486207,-1.2349583316218382,136780840.64355463,1272839272.8846912,14,-16.146688456276326,-9.372285301744354,bullish,none,5.0,1,78.26,83.26,Invest
cardano_2026-05-25,cardano,ADA,2026-05-25T00:00:00Z,0.2421412215166872,-1.5026141252801772,178363550.2715458,8961053628.674688,6,-14.274535691437729,-3.314075071095879,bullish,none,5.0,0,5.33,10.33,Skip
arbitrum_2026-05-25,arbitrum,ARB,2026-05-25T00:00:00Z,0.10470921726383382,-3.4560690002894856,42060925.06092619,655042171.7695891,15,-26.798047108698153,-18.276125745034644,none,none,0.0,0,37.88,37.88,Skip
avalanche-2_2026-05-25,avalanche-2,AVAX,2026-05-25T00:00:00Z,9.20326342439848,-1.9420870643178656,123681870.5683033,3973711097.9830346,9,-10.016668052468791,-2.056104551565552,none,none,0.0,0,9.92,9.92,Skip
bitcoin_2026-05-25,bitcoin,BTC,2026-05-25T00:00:00Z,77016.06581859986,0.4325455677820944,21763916479.84379,1542935472694.078,1,-6.099005914420252,-0.5572176069489343,none,none,0.0,1,99.99,99.99,Invest
dogecoin_2026-05-25,dogecoin,DOGE,2026-05-25T00:00:00Z,0.10221371299195538,-0.7128715579627354,548684000.4457297,15779435779.552877,5,-11.3670661080426,3.7836457387637967,bullish,none,5.0,0,6.65,11.65,Skip
polkadot_2026-05-25,polkadot,DOT,2026-05-25T00:00:00Z,1.245464756669118,-3.722700327159034,99818703.72861715,2098973921.9999762,11,-9.819848177445989,-0.7075249708956899,none,none,0.0,0,3.89,3.89,Skip
ethereum_2026-05-25,ethereum,ETH,2026-05-25T00:00:00Z,2097.6582568011895,-0.8869490902448818,9972550889.11964,253157019396.1855,2,-11.489900883010307,-9.415809965847888,none,none,0.0,1,99.8,99.8,Invest
chainlink_2026-05-25,chainlink,LINK,2026-05-25T00:00:00Z,9.425019404408062,-1.3239031565724146,226960217.34449565,6852931330.205315,7,-11.996305370463833,0.541294009076676,none,none,0.0,1,14.67,14.67,Skip
litecoin_2026-05-25,litecoin,LTC,2026-05-25T00:00:00Z,52.738373418841206,-1.323831840721379,194979752.7137099,4071529104.635799,8,-12.650707204900868,-6.705301564740651,none,none,0.0,0,31.97,31.97,Skip
near_2026-05-25,near,NEAR,2026-05-25T00:00:00Z,2.394019658285933,-2.36818950169172,754260240.3149056,3103553652.87713,10,-2.36818950169172,69.96970170583148,bullish,none,5.0,0,1.13,6.13,Skip
pepe_2026-05-25,pepe,PEPE,2026-05-25T00:00:00Z,3.57449940946505e-06,-1.8672713257126938,119612518.61933812,1503756156.5678518,13,-18.909203338871617,-7.496703686312689,bullish,none,5.0,1,20.29,25.29,Skip
solana_2026-05-25,solana,SOL,2026-05-25T00:00:00Z,85.22303380051963,-0.5226510719741562,2299313017.9576964,49267316580.51776,4,-12.369234262490004,-1.1546475395559974,none,none,0.0,1,89.9,89.9,Invest
uniswap_2026-05-25,uniswap,UNI,2026-05-25T00:00:00Z,3.386698766684126,-2.1647230901797876,106413372.59953424,2094989951.364047,12,-15.180255162010203,4.0576766980536805,neutral,none,0.0,1,18.43,18.43,Skip
ripple_2026-05-25,ripple,XRP,2026-05-25T00:00:00Z,1.3489759781401205,-0.39345045407522816,751342231.8140342,83445389407.57967,3,-9.010661504333505,-6.068961650423155,none,none,0.0,1,26.09,26.09,Skip
aave_2026-05-26,aave,AAVE,2026-05-26T00:00:00Z,86.33412838048407,0.9263799915447457,127906629.87573685,1284633336.7363405,14,-15.36988815588759,-8.275426950070885,bullish,none,5.0,1,74.95,79.95,Invest
cardano_2026-05-26,cardano,ADA,2026-05-26T00:00:00Z,0.24330789302718994,0.48181449783524233,180962790.91009948,9004229284.216433,6,-13.861497976062498,-2.8215082658995305,bullish,none,5.0,0,5.0,10.0,Skip
arbitrum_2026-05-26,arbitrum,ARB,2026-05-26T00:00:00Z,0.10713560202966439,2.317259959757756,40251372.08396928,670221201.7355334,15,-25.101767564587284,-16.557476925207993,none,none,0.0,0,30.49,30.49,Skip
avalanche-2_2026-05-26,avalanche-2,AVAX,2026-05-26T00:00:00Z,9.298821180752354,1.038302957845838,130615760.96208356,4014970257.849641,9,-9.082368455289336,-0.70023315779697,none,none,0.0,0,8.77,8.77,Skip
bitcoin_2026-05-26,bitcoin,BTC,2026-05-26T00:00:00Z,77258.39912360838,0.31465292654562216,19879317349.277992,1547829534321.9758,1,-5.803543688474544,-0.4844711065073004,none,none,0.0,1,99.99,99.99,Invest
dogecoin_2026-05-26,dogecoin,DOGE,2026-05-26T00:00:00Z,0.10203472097739077,-0.1751154608566896,480122842.37750506,15753183057.294548,5,-11.522276078698312,4.100024295262483,bullish,none,5.0,0,6.23,11.23,Skip
polkadot_2026-05-26,polkadot,DOT,2026-05-26T00:00:00Z,1.2606346154503736,1.2180078721637955,99865188.34978412,2124709779.4593747,11,-8.721446829118007,1.1099731865064522,none,none,0.0,0,3.18,3.18,Skip
ethereum_2026-05-26,ethereum,ETH,2026-05-26T00:00:00Z,2110.5929717502054,0.616626416961763,9506066145.888752,254718006828.523,2,-10.94412423017591,-9.048369899626408,none,none,0.0,1,99.78,99.78,Invest
chainlink_2026-05-26,chainlink,LINK,2026-05-26T00:00:00Z,9.492603854943535,0.7170749219239214,190802597.5762535,6902071982.190885,7,-11.36525294590892,1.5784470404395012,none,none,0.0,1,11.99,11.99,Skip
litecoin_2026-05-26,litecoin,LTC,2026-05-26T00:00:00Z,52.67078823839385,-0.12815181065711778,208146973.53182068,4066311366.3667765,8,-12.76264690521398,-6.041111217236372,none,none,0.0,0,32.95,32.95,Skip
near_2026-05-26,near,NEAR,2026-05-26T00:00:00Z,2.7599789485227064,15.286394536074631,1154081784.9432557,3578268420.1374807,10,12.556194243792419,96.86072982736407,neutral,none,0.0,0,0.08,0.08,Skip
pepe_2026-05-26,pepe,PEPE,2026-05-26T00:00:00Z,3.5923017640819872e-06,0.4980376992033575,111750705.89229737,1511245429.1316512,13,-18.505340600914867,-6.743737267834682,bullish,none,5.0,1,18.35,23.35,Skip
solana_2026-05-26,solana,SOL,2026-05-26T00:00:00Z,84.97682971506052,-0.28889382890944226,1803658756.1874142,49135057185.50831,4,-12.622394136931769,-1.4152460275351442,none,none,0.0,1,88.81,88.81,Invest
uniswap_2026-05-26,uniswap,UNI,2026-05-26T00:00:00Z,3.3266252125463343,-1.773808604672833,222664164.5394691,2057689121.0807934,12,-16.68479509440801,2.105041286995668,neutral,none,0.0,1,32.47,32.47,Skip
ripple_2026-05-26,ripple,XRP,2026-05-26T00:00:00Z,1.347040252911395,-0.1434959006011649,537383626.6113791,83325648694.53911,3,-9.14122747505891,-5.56038017813234,none,none,0.0,1,22.23,22.23,Skip
aave_2026-05-27,aave,AAVE,2026-05-27T00:00:00Z,85.74891717084883,-0.6778445796732369,160595647.383457,1275938997.4573772,14,-15.943548781794314,-11.238056370045657,bullish,none,5.0,1,80.18,85.18,Invest
cardano_2026-05-27,cardano,ADA,2026-05-27T00:00:00Z,0.23986546473430084,-1.4148444795847204,248365068.8729072,8876833443.259546,6,-15.080223816745153,-4.9136188911119705,neutral,none,0.0,0,7.59,7.59,Skip
arbitrum_2026-05-27,arbitrum,ARB,2026-05-27T00:00:00Z,0.10752260809785064,0.3612301241179283,59809398.71610374,672642242.6144272,15,-24.831212586598706,-16.508442341065223,none,none,0.0,0,35.26,35.26,Skip
avalanche-2_2026-05-27,avalanche-2,AVAX,2026-05-27T00:00:00Z,9.131080622562365,-1.8038905677334127,170587196.0006691,3942544588.070989,9,-10.72242303513099,-3.517894374053465,none,none,0.0,0,13.53,13.53,Skip
bitcoin_2026-05-27,bitcoin,BTC,2026-05-27T00:00:00Z,75851.10409561773,-1.821543086518107,21937550660.277542,1521310703337.921,1,-7.519372726162188,-3.5436411825659486,none,none,0.0,1,99.99,99.99,Invest
dogecoin_2026-05-27,dogecoin,DOGE,2026-05-27T00:00:00Z,0.10094055924200365,-1.0723425564417188,737435678.3922615,15585676214.451136,5,-12.471060365277442,1.7139550260417247,bullish,none,5.0,0,9.73,14.73,Skip
polkadot_2026-05-27,polkadot,DOT,2026-05-27T00:00:00Z,1.2493655651403683,-0.8939188383288443,163521981.8694764,2105960396.6577232,11,-9.537403011266532,-0.9748465826672437,none,none,0.0,0,5.12,5.12,Skip
ethereum_2026-05-27,ethereum,ETH,2026-05-27T00:00:00Z,2072.3492159738144,-1.811991051248385,14155757179.744965,250102478155.41592,2,-12.557808729735997,-12.527881666733155,none,none,0.0,1,99.87,99.87,Invest
chainlink_2026-05-27,chainlink,LINK,2026-05-27T00:00:00Z,9.376687433174428,-1.2211235561962352,289490302.6897813,6817789155.350732,7,-12.44759272116137,-1.1742538423346827,none,none,0.0,1,18.32,18.32,Skip
litecoin_2026-05-27,litecoin,LTC,2026-05-27T00:00:00Z,51.9050480228278,-1.4538233453052274,211240628.20066372,4007194382.4297366,8,-14.030923910332337,-7.77588976322956,none,none,0.0,0,38.44,38.44,Skip
near_2026-05-27,near,NEAR,2026-05-27T00:00:00Z,2.5506837206562967,-7.583218269778335,1167274841.5951073,3307123646.910053,10,-7.583218269778335,82.87978889944327,none,none,0.0,0,3.0,3.0,Skip
pepe_2026-05-27,pepe,PEPE,2026-05-27T00:00:00Z,3.5074193730010393e-06,-2.3628970129863203,167602032.60611996,1475536256.0278072,13,-20.43097547359921,-10.120347257362871,bullish,none,5.0,1,29.94,34.94,Skip
solana_2026-05-27,solana,SOL,2026-05-27T00:00:00Z,83.66751400447032,-1.5407914310059834,2554928810.7284603,48378632579.133644,4,-13.968700800688104,-3.7611029414077346,none,none,0.0,1,92.79,92.79,Invest
uniswap_2026-05-27,uniswap,UNI,2026-05-27T00:00:00Z,3.251165454551141,-2.2683576650173065,139453869.6465526,2010876823.2314386,12,-18.574681931008886,-1.0133924078991718,neutral,none,0.0,1,33.56,33.56,Skip
ripple_2026-05-27,ripple,XRP,2026-05-27T00:00:00Z,1.3265991470275145,-1.517482928939995,1119055715.3953128,82061196200.17097,3,-10.519993837569308,-7.372022908709397,none,none,0.0,1,37.32,37.32,Skip
aave_2026-05-28,aave,AAVE,2026-05-28T00:00:00Z,83.22156312904774,-2.9473888711218477,174296340.64608493,1238337103.0315702,14,-18.42101927045967,-14.72561170538781,bullish,none,5.0,1,86.99,91.99,Invest
cardano_2026-05-28,cardano,ADA,2026-05-28T00:00:00Z,0.23689896073373767,-1.236736603099231,204000137.70423874,8767050394.870602,6,-16.130457772073413,-4.5750515741550535,neutral,none,0.0,0,7.79,7.79,Skip
arbitrum_2026-05-28,arbitrum,ARB,2026-05-28T00:00:00Z,0.10620851184194993,-1.222158092282155,50994325.819107115,664421491.0142069,15,-25.749894004841956,-15.603759483119672,none,none,0.0,0,35.65,35.65,Skip
avalanche-2_2026-05-28,avalanche-2,AVAX,2026-05-28T00:00:00Z,9.029727358063328,-1.1099810492155693,156874343.1960656,3898783090.286527,9,-11.71338722063988,-2.55320011305179,none,none,0.0,0,14.41,14.41,Skip
bitcoin_2026-05-28,bitcoin,BTC,2026-05-28T00:00:00Z,74339.61694703094,-1.9927028968245608,34389389567.3329,1489416527418.8489,1,-9.362236864849482,-3.912748213267947,none,none,0.0,1,100.0,100.0,Invest
dogecoin_2026-05-28,dogecoin,DOGE,2026-05-28T00:00:00Z,0.10033534205295684,-0.5995778045927103,753868734.1336595,15493499207.95741,5,-12.99586445992259,1.372018157690702,bullish,none,5.0,0,10.69,15.69,Skip
polkadot_2026-05-28,polkadot,DOT,2026-05-28T00:00:00Z,1.228957512079137,-1.6334733108270494,175851444.87179834,2071784707.467223,11,-11.015085389358525,-0.3736934374654055,none,none,0.0,0,6.55,6.55,Skip
ethereum_2026-05-28,ethereum,ETH,2026-05-28T00:00:00Z,2022.465974317952,-2.4070866662509793,13111439048.810225,244082228718.45593,2,-14.662618056480191,-12.21494855033949,none,none,0.0,1,99.9,99.9,Invest
chainlink_2026-05-28,chainlink,LINK,2026-05-28T00:00:00Z,9.124279445098834,-2.691867355870081,268980922.7531607,6634263314.685795,7,-14.804387391978846,-2.138067357434792,none,none,0.0,1,23.78,23.78,Skip
litecoin_2026-05-28,litecoin,LTC,2026-05-28T00:00:00Z,51.90542240363062,0.0007212801395706236,238831571.40579978,4007223285.5269704,8,-14.030303832460334,-6.581331618542496,none,none,0.0,0,39.72,39.72,Skip
near_2026-05-28,near,NEAR,2026-05-28T00:00:00Z,2.4855067477145387,-2.555274588296963,859684330.4012676,3222814975.5869575,10,-9.944720808652562,82.20994423186707,none,none,0.0,0,3.56,3.56,Skip
pepe_2026-05-28,pepe,PEPE,2026-05-28T00:00:00Z,3.4653395167569873e-06,-1.1997383765388503,187105058.24626198,1457833681.304497,13,-21.385595596680062,-11.318280855293327,bullish,none,5.0,1,35.39,40.39,Skip
solana_2026-05-28,solana,SOL,2026-05-28T00:00:00Z,82.33204554881856,-1.596161271841312,2299355218.816243,47616199394.08051,4,-15.341899080169451,-2.921303394036878,none,none,0.0,1,93.55,93.55,Invest
uniswap_2026-05-28,uniswap,UNI,2026-05-28T00:00:00Z,3.093252574948963,-4.857116065290478,232678630.65577614,1913113404.4198132,12,-22.529604136151725,-4.84705524118162,neutral,none,0.0,1,58.26,58.26,Invest
ripple_2026-05-28,ripple,XRP,2026-05-28T00:00:00Z,1.3005645361540241,-1.9625077350475917,603256098.9087565,80515754596.5486,3,-12.276045879828068,-7.365703998313955,none,none,0.0,1,34.26,34.26,Skip
aave_2026-05-29,aave,AAVE,2026-05-29T00:00:00Z,80.74907030021203,-2.970976193996422,230602681.0283068,1201554297.2613049,14,-20.844711367239242,-16.31357780640358,bullish,none,5.0,1,92.27,97.27,Invest
cardano_2026-05-29,cardano,ADA,2026-05-29T00:00:00Z,0.23465844104515332,-0.9457701636363836,434838317.1271382,8684134248.00495,6,-16.923670878843556,-4.926637607829409,neutral,none,0.0,0,13.65,13.65,Skip
arbitrum_2026-05-29,arbitrum,ARB,2026-05-29T00:00:00Z,0.10431001909765676,-1.7875146834919753,46349523.40177269,652544859.3020517,15,-27.07712555201377,-15.686667596582959,none,none,0.0,0,39.02,39.02,Skip
avalanche-2_2026-05-29,avalanche-2,AVAX,2026-05-29T00:00:00Z,8.919778368670212,-1.21763354565666,206995533.0334248,3851310199.5068088,9,-12.788394634165368,-2.7577978817465154,none,none,0.0,0,19.27,19.27,Skip
bitcoin_2026-05-29,bitcoin,BTC,2026-05-29T00:00:00Z,73651.64255141478,-0.9254478619473594,33586238604.416878,1477197114898.1526,1,-10.201042105900648,-3.511275275586323,none,none,0.0,1,100.0,100.0,Invest
dogecoin_2026-05-29,dogecoin,DOGE,2026-05-29T00:00:00Z,0.09947698775745545,-0.8554854928867983,871573877.5281235,15362381069.897245,5,-13.740172217679515,0.14030008595933285,bullish,none,5.0,0,13.2,18.2,Skip
polkadot_2026-05-29,polkadot,DOT,2026-05-29T00:00:00Z,1.212576333606478,-1.332932856640856,169570572.27691692,2044345978.7495422,11,-12.20119455365758,-1.3567814437834502,none,none,0.0,0,7.75,7.75,Skip
ethereum_2026-05-29,ethereum,ETH,2026-05-29T00:00:00Z,2008.1144631178963,-0.7096045808580587,16340884014.098196,242350127914.89413,2,-15.268176027935754,-12.415197480232331,none,none,0.0,1,99.92,99.92,Invest
chainlink_2026-05-29,chainlink,LINK,2026-05-29T00:00:00Z,8.994821419929538,-1.418830121855097,331066007.74781543,6540134388.413851,7,-16.01316840616044,-2.6699425130063625,none,none,0.0,1,30.26,30.26,Skip
litecoin_2026-05-29,litecoin,LTC,2026-05-29T00:00:00Z,51.608194484860775,-0.5726336575368141,284652588.4529644,3984276576.2613907,8,-14.522595247997804,-7.344283955097075,none,none,0.0,0,44.74,44.74,Skip
near_2026-05-29,near,NEAR,2026-05-29T00:00:00Z,2.418086598306617,-2.712531336714963,676324248.2501999,3135653141.052637,10,-12.387498477084014,79.4792573755546,none,none,0.0,0,4.65,4.65,Skip
pepe_2026-05-29,pepe,PEPE,2026-05-29T00:00:00Z,3.380616608263649e-06,-2.4448660249205667,196266774.731186,1422191600.9304345,13,-23.307612460630487,-12.897100414562946,bullish,none,5.0,1,44.14,49.14,Skip
solana_2026-05-29,solana,SOL,2026-05-29T00:00:00Z,82.0439463262634,-0.34992355726706226,2658713917.7802296,47448837599.658295,4,-15.63813771842285,-2.382120150172018,none,none,0.0,1,94.27,94.27,Invest
uniswap_2026-05-29,uniswap,UNI,2026-05-29T00:00:00Z,3.0496933581172323,-1.408201101471629,233120152.81620023,1938243479.024607,12,-23.620543104020864,-5.926765202757133,neutral,none,0.0,1,63.54,63.54,Invest
ripple_2026-05-29,ripple,XRP,2026-05-29T00:00:00Z,1.3143541072350677,1.060275803138655,2190748177.889036,81460832908.1269,3,-11.34593002073544,-4.964421636557126,none,none,0.0,1,49.92,49.92,Skip
aave_2026-05-30,aave,AAVE,2026-05-30T00:00:00Z,82.39308322530252,2.035952759552928,167885070.44168606,1226260932.2839937,14,-19.233147083988467,-11.677447950209096,bullish,none,5.0,1,87.31,92.31,Invest
cardano_2026-05-30,cardano,ADA,2026-05-30T00:00:00Z,0.23277971355109459,-0.8006221662817725,317171677.82864636,8646765930.855165,6,-17.58879838472073,-4.833593480506327,neutral,none,0.0,0,12.5,12.5,Skip
arbitrum_2026-05-30,arbitrum,ARB,2026-05-30T00:00:00Z,0.10310680524241876,-1.1534978764710324,45036964.24503673,645017768.2069815,15,-27.91828936023293,-17.26131900420157,none,none,0.0,0,42.55,42.55,Skip
avalanche-2_2026-05-30,avalanche-2,AVAX,2026-05-30T00:00:00Z,8.820044757812111,-1.1181175892038375,155095092.18981642,3808248022.751322,9,-13.7635229335878,-3.282928343035807,none,none,0.0,0,18.82,18.82,Skip
bitcoin_2026-05-30,bitcoin,BTC,2026-05-30T00:00:00Z,73500.91507629369,-0.20464916992974924,38828038484.70212,1474174043264.2876,1,-10.384814927836484,-3.0138465959724914,none,none,0.0,1,100.0,100.0,Invest
dogecoin_2026-05-30,dogecoin,DOGE,2026-05-30T00:00:00Z,0.09962218737506427,0.14596302208391698,645452509.1810496,15385898317.188292,5,-13.614264766204066,-4.308598306562727,neutral,none,0.0,0,11.92,11.92,Skip
polkadot_2026-05-30,polkadot,DOT,2026-05-30T00:00:00Z,1.193498007887163,-1.573371109971422,157729953.96006617,2012358130.8539388,11,-13.582595593450343,-1.486756843174819,none,none,0.0,0,9.04,9.04,Skip
ethereum_2026-05-30,ethereum,ETH,2026-05-30T00:00:00Z,2012.5607890669655,0.22141795354462257,13631910773.179047,242886602421.65924,2,-15.080564557295773,-10.696535128066188,none,none,0.0,1,99.91,99.91,Invest
chainlink_2026-05-30,chainlink,LINK,2026-05-30T00:00:00Z,9.013663214513427,0.20947380391722614,249290797.6005616,6553834256.69856,7,-15.837237995231257,-1.0774737651499389,none,none,0.0,1,25.3,25.3,Skip
litecoin_2026-05-30,litecoin,LTC,2026-05-30T00:00:00Z,51.84778981290569,0.46425830323360007,239652256.21637028,4002773911.0904756,8,-14.125759299048035,-6.249893865361733,none,none,0.0,0,39.94,39.94,Skip
near_2026-05-30,near,NEAR,2026-05-30T00:00:00Z,2.3778773918424463,-1.662852211013821,850655756.4798898,3083701149.640942,10,-13.844364895782347,79.16550164916858,none,none,0.0,0,6.65,6.65,Skip
pepe_2026-05-30,pepe,PEPE,2026-05-30T00:00:00Z,3.38346393470177e-06,0.08422506211325231,148237032.41783857,1423389442.6896875,13,-23.24301824958932,-12.2031891823419,bullish,none,5.0,1,39.06,44.06,Skip
solana_2026-05-30,solana,SOL,2026-05-30T00:00:00Z,81.9770412126185,-0.08154789797510942,2377985277.4282727,47419837877.91925,4,-15.706933043806137,-1.2748254847513407,none,none,0.0,1,93.78,93.78,Invest
uniswap_2026-05-30,uniswap,UNI,2026-05-30T00:00:00Z,3.017052443841905,-1.0703015169852503,201421105.16613787,1917413952.1973114,12,-24.438033589843634,-5.472378812402234,neutral,none,0.0,1,63.92,63.92,Invest
ripple_2026-05-30,ripple,XRP,2026-05-30T00:00:00Z,1.3289137152633566,1.107738618393861,1931837355.7194223,82363206013.11552,3,-10.3638746507972,-3.042503249852302,none,none,0.0,1,43.05,43.05,Skip
aave_2026-05-31,aave,AAVE,2026-05-31T00:00:00Z,82.78232011642115,0.47241452301798326,121952498.81236733,1232056296.6907113,14,-18.851592741028654,-10.82038467718055,bullish,none,5.0,1,83.8,88.8,Invest
cardano_2026-05-31,cardano,ADA,2026-05-31T00:00:00Z,0.23581508951182872,1.3039692825585814,343275019.4571647,8759517102.528257,6,-16.514181630270063,-4.216285881241144,neutral,none,0.0,0,11.16,11.16,Skip
arbitrum_2026-05-31,arbitrum,ARB,2026-05-31T00:00:00Z,0.10334032896931007,0.22648721036624408,34186050.704814315,646478650.9565601,15,-27.755033504620652,-15.900688986814448,none,none,0.0,0,36.91,36.91,Skip
avalanche-2_2026-05-31,avalanche-2,AVAX,2026-05-31T00:00:00Z,8.945149220921909,1.4184107512491995,153543048.8547925,3862264622.1402617,9,-12.540335471379272,-1.5925874384721594,none,none,0.0,0,15.56,15.56,Skip
bitcoin_2026-05-31,bitcoin,BTC,2026-05-31T00:00:00Z,73820.30385315015,0.43453714355112805,18374444051.152412,1479111074457.094,1,-9.995403662435853,-3.2458671207541867,none,none,0.0,1,100.0,100.0,Invest
dogecoin_2026-05-31,dogecoin,DOGE,2026-05-31T00:00:00Z,0.1005669086728194,0.9483041104070278,557559623.1253521,15533268683.212599,5,-12.795065288176655,-5.578874094311526,neutral,none,0.0,0,10.02,10.02,Skip
polkadot_2026-05-31,polkadot,DOT,2026-05-31T00:00:00Z,1.1894666917438874,-0.337773177385714,306401783.38225013,2005710599.6676176,11,-13.874490406128604,-1.2445258125597602,neutral,none,0.0,0,13.77,13.77,Skip
ethereum_2026-05-31,ethereum,ETH,2026-05-31T00:00:00Z,2021.665390940461,0.45238891281969007,7309721337.815556,243985261872.80014,2,-14.696398446523906,-10.424857172910585,none,none,0.0,1,99.85,99.85,Invest
chainlink_2026-05-31,chainlink,LINK,2026-05-31T00:00:00Z,9.189567233694111,1.9515264215491435,239901763.16310328,6681734063.842571,7,-14.19477945760268,0.970478269887276,none,none,0.0,1,19.76,19.76,Skip
litecoin_2026-05-31,litecoin,LTC,2026-05-31T00:00:00Z,52.39718404629932,1.0596290321653878,256205099.37691006,4045188465.544332,8,-13.215810913429172,-5.009317484860976,none,none,0.0,0,37.07,37.07,Skip
near_2026-05-31,near,NEAR,2026-05-31T00:00:00Z,2.2522417088678686,-5.28352232985535,638073293.0075078,2920951828.445497,10,-18.396417114942377,73.71547858461633,none,none,0.0,0,11.77,11.77,Skip
pepe_2026-05-31,pepe,PEPE,2026-05-31T00:00:00Z,3.4109189630360634e-06,0.8114473469838623,97758694.07328802,1434939498.5596416,13,-22.62017575755072,-11.944397729912449,bullish,none,5.0,1,30.57,35.57,Skip
solana_2026-05-31,solana,SOL,2026-05-31T00:00:00Z,82.68649732797877,0.8654326929416811,1377376877.9563878,47830171320.03477,4,-14.977433284484022,-0.4256426301774807,none,none,0.0,1,90.27,90.27,Invest
uniswap_2026-05-31,uniswap,UNI,2026-05-31T00:00:00Z,3.054861465927792,1.2531774899391834,108582283.96956602,1941393674.4517467,12,-23.491108035836138,-4.085753892372901,neutral,none,0.0,1,49.86,49.86,Skip
ripple_2026-05-31,ripple,XRP,2026-05-31T00:00:00Z,1.33979269803168,0.8186372556300725,1645267808.5690072,83037461902.47023,3,-9.630079934185353,-2.106984881249041,none,none,0.0,1,37.3,37.3,Skip
aave_2026-06-01,aave,AAVE,2026-06-01T00:00:00Z,82.05125463592765,-0.8831178921602567,121293155.26290119,1221179056.3101764,14,-19.568228844735703,-10.868432799377736,bullish,none,5.0,1,85.16,90.16,Invest
cardano_2026-06-01,cardano,ADA,2026-06-01T00:00:00Z,0.23548566147621924,-0.13969760641333595,301663634.0373059,8747280266.802658,6,-16.630809320227158,-5.147034838863373,neutral,none,0.0,0,10.71,10.71,Skip
arbitrum_2026-06-01,arbitrum,ARB,2026-06-01T00:00:00Z,0.10348375958881542,0.13879442898614425,35749422.43847047,647375927.3086725,15,-27.65476151590216,-15.750281377614684,none,none,0.0,0,37.15,37.15,Skip
avalanche-2_2026-06-01,avalanche-2,AVAX,2026-06-01T00:00:00Z,8.970110196964207,0.27904482559011345,147571801.1041972,3873042071.7189417,9,-12.29628380303367,-1.2773421865992285,none,none,0.0,0,14.66,14.66,Skip
bitcoin_2026-06-01,bitcoin,BTC,2026-06-01T00:00:00Z,73598.6681238158,-0.3002368153011692,16617912637.659142,1474670238472.3772,1,-10.265630596104424,-5.893399683513545,none,none,0.0,1,100.0,100.0,Invest
dogecoin_2026-06-01,dogecoin,DOGE,2026-06-01T00:00:00Z,0.1002889522380211,-0.2763895584208309,503470012.5414785,15491725352.47924,5,-13.036090622147833,-7.548454527091019,neutral,none,0.0,0,10.15,10.15,Skip
polkadot_2026-06-01,polkadot,DOT,2026-06-01T00:00:00Z,1.186488339347342,-0.2503939300880109,226000581.31402284,2000873288.4427388,11,-14.090143454409032,-1.4327705309413297,neutral,none,0.0,0,11.96,11.96,Skip
ethereum_2026-06-01,ethereum,ETH,2026-06-01T00:00:00Z,2005.0520566280852,-0.8217647879230627,8798577983.65509,241980194646.4275,2,-15.397393406920557,-12.656102108137423,none,none,0.0,1,99.89,99.89,Invest
chainlink_2026-06-01,chainlink,LINK,2026-06-01T00:00:00Z,9.136118543478487,-0.5816235830959693,193588036.1895749,6642871522.767506,7,-14.693842855804762,0.45821494476288027,none,none,0.0,1,18.92,18.92,Skip
litecoin_2026-06-01,litecoin,LTC,2026-06-01T00:00:00Z,52.01915632772571,-0.7214657151032755,246543148.4568065,4016003817.6541176,8,-13.84192908381917,-6.078140450940306,none,none,0.0,0,39.27,39.27,Skip
near_2026-06-01,near,NEAR,2026-06-01T00:00:00Z,2.3211279138754355,3.058561820267225,668164397.7352628,3010537268.595205,10,-15.900521084849883,80.14285269626002,neutral,none,0.0,0,7.53,7.53,Skip
pepe_2026-06-01,pepe,PEPE,2026-06-01T00:00:00Z,3.4207166733245775e-06,0.2872454723988227,119588290.26198906,1439061297.3009164,13,-22.39790571586412,-13.106357409384572,bullish,none,5.0,1,33.25,38.25,Skip
solana_2026-06-01,solana,SOL,2026-06-01T00:00:00Z,82.33762528669455,-0.4219214171092722,1344660031.4575894,47638112086.279015,4,-15.336161702832795,-1.6807363109686557,none,none,0.0,1,90.84,90.84,Invest
uniswap_2026-06-01,uniswap,UNI,2026-06-01T00:00:00Z,3.021205970959714,-1.1017028216648295,102825896.01444891,1920005285.5606892,12,-24.334008657429827,-5.705699107233908,neutral,none,0.0,1,53.03,53.03,Invest
ripple_2026-06-01,ripple,XRP,2026-06-01T00:00:00Z,1.3315091082438855,-0.6182739911901436,1164295942.8589847,82524062872.58284,3,-10.188813645811612,-4.008477879761396,none,none,0.0,1,35.05,35.05,Skip
aave_2026-06-02,aave,AAVE,2026-06-02T00:00:00Z,80.19032053193925,-2.268014197035273,187700726.38114098,1193506463.468237,14,-21.392432833464014,-14.006894011728821,none,none,0.0,1,91.49,91.49,Invest
cardano_2026-06-02,cardano,ADA,2026-06-02T00:00:00Z,0.23081640043525256,-1.9828218039671275,433914176.8596166,8573837286.418382,6,-18.28387181081662,-7.7336957083776525,bearish,none,-5.0,0,17.26,12.26,Skip
arbitrum_2026-06-02,arbitrum,ARB,2026-06-02T00:00:00Z,0.10220404043599438,-1.2366376694332604,53332685.64577541,639370232.7287307,15,-28.549409987037844,-16.071007010711803,none,none,0.0,0,47.03,47.03,Skip
avalanche-2_2026-06-02,avalanche-2,AVAX,2026-06-02T00:00:00Z,8.923083345477542,-0.5242616919308385,198561396.42718804,3852737195.824555,9,-12.756080789454105,-2.817413329786944,none,none,0.0,0,18.8,18.8,Skip
bitcoin_2026-06-02,bitcoin,BTC,2026-06-02T00:00:00Z,71320.29306465392,-3.0956743066721693,48870728373.42597,1429084366219.4146,1,-13.043514413995116,-9.351007105802534,none,none,0.0,1,100.0,100.0,Invest
dogecoin_2026-06-02,dogecoin,DOGE,2026-06-02T00:00:00Z,0.10094014713389943,0.6493186750349267,986339886.4467961,15593798829.039404,5,-12.471417718016998,-6.964915394218718,neutral,none,0.0,0,13.69,13.69,Skip
polkadot_2026-06-02,polkadot,DOT,2026-06-02T00:00:00Z,1.157918646967915,-2.407920198789515,215358653.80620933,1952868704.7737222,11,-16.15878424292142,-5.624469777463304,neutral,none,0.0,0,16.57,16.57,Skip
ethereum_2026-06-02,ethereum,ETH,2026-06-02T00:00:00Z,2003.5794472377934,-0.07344494550273195,17641251039.019615,241802405659.34933,2,-15.45952974522673,-13.72387185109556,none,none,0.0,1,99.93,99.93,Invest
chainlink_2026-06-02,chainlink,LINK,2026-06-02T00:00:00Z,9.044415074705169,-1.0037464853034028,274838932.8028628,6576193933.334506,7,-15.550100409887024,-1.4050441771002453,none,none,0.0,1,25.83,25.83,Skip
litecoin_2026-06-02,litecoin,LTC,2026-06-02T00:00:00Z,50.72063343440835,-2.4962398181480383,301910466.9241214,3915754731.2594905,8,-15.992641156577104,-8.386900909286366,none,none,0.0,0,51.79,51.79,Invest
near_2026-06-02,near,NEAR,2026-06-02T00:00:00Z,2.635684840552501,13.55189969482855,1084877110.850425,3418732705.766752,10,-4.503444058395257,103.01481009663563,neutral,none,0.0,0,1.15,1.15,Skip
pepe_2026-06-02,pepe,PEPE,2026-06-02T00:00:00Z,3.412367349766831e-06,-0.24408111969214108,189387834.0888058,1435548820.373408,13,-22.587317776497397,-14.51333671083116,bullish,none,5.0,0,41.71,46.71,Skip
solana_2026-06-02,solana,SOL,2026-06-02T00:00:00Z,81.16096271852808,-1.429070323645354,2750502933.2222457,46937390243.63532,4,-16.546067490796702,-3.6810991844286045,none,none,0.0,1,95.21,95.21,Invest
uniswap_2026-06-02,uniswap,UNI,2026-06-02T00:00:00Z,2.979920966273597,-1.3665074504338626,146299728.74547786,1856388138.1408045,12,-25.36799006657069,-8.416001707566178,neutral,none,0.0,1,63.26,63.26,Invest
ripple_2026-06-02,ripple,XRP,2026-06-02T00:00:00Z,1.295466044055384,-2.7069333559451403,1831879993.1924312,80290191488.00375,3,-12.619942606603185,-7.09057400870563,none,none,0.0,1,53.09,53.09,Invest
aave_2026-06-03,aave,AAVE,2026-06-03T00:00:00Z,73.53517785086373,-8.299184536149617,259548158.28036678,1094577505.3328846,14,-27.9162198919926,-20.378893368910443,none,none,0.0,1,97.57,97.57,Invest
cardano_2026-06-03,cardano,ADA,2026-06-03T00:00:00Z,0.21265552014101416,-7.868106538353548,626488007.0362619,7899238634.297903,6,-24.713383835759117,-14.750339902677446,bearish,none,-5.0,0,45.66,40.66,Skip
arbitrum_2026-06-03,arbitrum,ARB,2026-06-03T00:00:00Z,0.09275657423585414,-9.243730639060932,69516990.06146958,580268570.6289498,15,-35.15411006785584,-20.46515692877543,none,none,0.0,1,76.2,76.2,Invest
avalanche-2_2026-06-03,avalanche-2,AVAX,2026-06-03T00:00:00Z,8.169560535784047,-8.444646099550335,234233141.87044552,3527387174.4914317,9,-20.123521010162314,-10.00208408228187,none,none,0.0,0,47.89,47.89,Skip
bitcoin_2026-06-03,bitcoin,BTC,2026-06-03T00:00:00Z,66727.26415497709,-6.440002855166494,61786877126.25958,1337077983137.808,1,-18.643514568486275,-15.010207905113216,none,none,0.0,1,100.0,100.0,Invest
dogecoin_2026-06-03,dogecoin,DOGE,2026-06-03T00:00:00Z,0.0926145965235376,-8.248007207001384,1378502712.1570508,14308901111.498892,5,-19.690781492821095,-14.361574534382848,neutral,none,0.0,0,41.92,41.92,Skip
polkadot_2026-06-03,polkadot,DOT,2026-06-03T00:00:00Z,1.077371791349629,-6.9561757062297165,198055405.1145667,1817177009.7912996,11,-21.990926525222964,-10.919728515978555,neutral,none,0.0,0,34.03,34.03,Skip
ethereum_2026-06-03,ethereum,ETH,2026-06-03T00:00:00Z,1858.3640479335945,-7.24779840921197,22398056413.249477,224276922375.7809,2,-21.586852603492513,-19.98735217707037,none,none,0.0,1,99.98,99.98,Invest
chainlink_2026-06-03,chainlink,LINK,2026-06-03T00:00:00Z,8.364582826128089,-7.516597181374285,368159226.9077716,6081887925.499778,7,-21.89785918215087,-8.306433084815135,none,none,0.0,1,56.05,56.05,Invest
litecoin_2026-06-03,litecoin,LTC,2026-06-03T00:00:00Z,46.874045356659906,-7.583872316426865,399829061.889892,3618788892.2163267,8,-22.363651987664824,-15.136715387365406,none,none,0.0,1,79.53,79.53,Invest
near_2026-06-03,near,NEAR,2026-06-03T00:00:00Z,2.6231349266747634,-0.4761538134091414,1124963520.7731738,3402663005.0872283,10,-4.958154551185601,105.74585207085877,neutral,none,0.0,0,1.19,1.19,Skip
pepe_2026-06-03,pepe,PEPE,2026-06-03T00:00:00Z,3.110819511056383e-06,-8.83691020930244,250542830.11704347,1308690660.1063097,13,-29.428206995200945,-21.070739275922712,neutral,none,0.0,1,74.22,74.22,Invest
solana_2026-06-03,solana,SOL,2026-06-03T00:00:00Z,74.13901501343945,-8.65187827976024,3680255553.8008966,42885187245.11338,4,-23.766400151166234,-11.572587151310888,none,none,0.0,1,98.82,98.82,Invest
uniswap_2026-06-03,uniswap,UNI,2026-06-03T00:00:00Z,2.797365270340815,-6.126192539967546,170710144.98960167,1742634252.8564768,12,-29.940090691540266,-13.456518365635194,neutral,none,0.0,1,80.79,80.79,Invest
ripple_2026-06-03,ripple,XRP,2026-06-03T00:00:00Z,1.2102231710312374,-6.580093196213655,2808786547.579418,75007022060.6747,3,-18.36963181799368,-12.853690216100555,none,none,0.0,1,80.44,80.44,Invest
aave_2026-06-04,aave,AAVE,2026-06-04T00:00:00Z,74.32524823578397,1.074411469463743,227357686.4094802,1106342929.616138,14,-27.141743490889148,-19.431544495647103,none,none,0.0,1,96.99,96.99,Invest
cardano_2026-06-04,cardano,ADA,2026-06-04T00:00:00Z,0.20021060481451536,-5.852147792000151,608721621.7832681,7439828196.306524,6,-29.11926788128637,-19.88704943703822,bearish,none,-5.0,0,64.55,59.55,Invest
arbitrum_2026-06-04,arbitrum,ARB,2026-06-04T00:00:00Z,0.09298777312376179,0.24925337078509635,66980913.372528605,581714909.6008489,15,-34.992479501384366,-19.56328399592605,none,none,0.0,1,74.93,74.93,Invest
avalanche-2_2026-06-04,avalanche-2,AVAX,2026-06-04T00:00:00Z,8.046953587749265,-1.5007777651899756,266830993.4857631,3474448932.0845013,10,-21.32228944645844,-12.278269626195781,none,none,0.0,0,66.49,66.49,Invest
bitcoin_2026-06-04,bitcoin,BTC,2026-06-04T00:00:00Z,64046.61064609333,-4.017328662925279,43649392701.85552,1283384941923.1694,1,-21.91187197687511,-19.76710489491793,none,none,0.0,1,100.0,100.0,Invest
dogecoin_2026-06-04,dogecoin,DOGE,2026-06-04T00:00:00Z,0.09132027812779768,-1.3975317545231292,925022038.7947463,14110178022.944387,5,-20.813128323268295,-17.030990619138464,neutral,none,0.0,0,41.28,41.28,Skip
polkadot_2026-06-04,polkadot,DOT,2026-06-04T00:00:00Z,1.1037988168837847,2.452916044984832,187801607.0119412,1861931369.1857076,11,-20.07742944541614,-10.161087801280654,neutral,none,0.0,0,26.8,26.8,Skip
ethereum_2026-06-04,ethereum,ETH,2026-06-04T00:00:00Z,1811.7149905120527,-2.510221690600023,22460032720.27168,218646847414.9501,2,-23.555196437721815,-22.77993562205356,none,none,0.0,1,99.99,99.99,Invest
chainlink_2026-06-04,chainlink,LINK,2026-06-04T00:00:00Z,8.327863303674874,-0.43898809081686085,386442104.47508866,6055189161.810005,7,-22.24071827901425,-10.962079172667938,none,none,0.0,1,59.52,59.52,Invest
litecoin_2026-06-04,litecoin,LTC,2026-06-04T00:00:00Z,47.08313569803821,0.4460684794481917,359217817.5424276,3634931168.802276,9,-22.017340710587096,-14.329545421432277,none,none,0.0,1,84.19,84.19,Invest
near_2026-06-04,near,NEAR,2026-06-04T00:00:00Z,2.81868251817404,7.454728672579725,1305865611.4743228,3656545077.150235,8,2.126957152436071,123.2920155748011,bearish,none,-5.0,0,0.12,0.0,Skip
pepe_2026-06-04,pepe,PEPE,2026-06-04T00:00:00Z,3.123046243371405e-06,0.3930389491118458,218123216.89325017,1313834324.1239164,13,-29.150832361605495,-21.642818637100902,neutral,none,0.0,1,71.85,71.85,Invest
solana_2026-06-04,solana,SOL,2026-06-04T00:00:00Z,71.5436851656655,-3.5006262860431736,3696685803.9439883,41383885800.11384,4,-26.435053586271472,-14.91453346654652,none,none,0.0,1,99.26,99.26,Invest
uniswap_2026-06-04,uniswap,UNI,2026-06-04T00:00:00Z,2.7983961402561244,0.036851458986753016,164780318.22035778,1743091744.8582003,12,-29.91427259279531,-14.486052113002756,neutral,none,0.0,1,80.73,80.73,Invest
ripple_2026-06-04,ripple,XRP,2026-06-04T00:00:00Z,1.1998719776763807,-0.8553127722745968,2312768031.2975297,74365477420.88692,3,-19.067826783109155,-13.827900118395187,bullish,none,5.0,1,80.46,85.46,Invest
aave_2026-06-05,aave,AAVE,2026-06-05T00:00:00Z,71.26414752046944,-4.118520674971348,230879648.89053297,1060786156.1602327,14,-30.14242584864053,-23.78577694850813,none,none,0.0,1,98.23,98.23,Invest
cardano_2026-06-05,cardano,ADA,2026-06-05T00:00:00Z,0.17965580399762496,-10.266589442618857,845978719.8232396,6676011580.155538,6,-36.396301641837184,-31.45579631006391,bearish,none,-5.0,1,89.86,84.86,Invest
arbitrum_2026-06-05,arbitrum,ARB,2026-06-05T00:00:00Z,0.08915832735520277,-4.1182250525154895,76219714.50444047,557758580.4594489,15,-37.669635496577506,-25.228221625094417,none,none,0.0,1,84.72,84.72,Invest
avalanche-2_2026-06-05,avalanche-2,AVAX,2026-06-05T00:00:00Z,7.6984920654852305,-4.330353325195446,329653878.44155014,3323993017.2217627,9,-24.729312301601382,-18.137297761793324,none,none,0.0,0,73.26,73.26,Invest
bitcoin_2026-06-05,bitcoin,BTC,2026-06-05T00:00:00Z,63810.65923840883,-0.3684057677748376,60995145201.16938,1278676276214.779,1,-22.199553144459706,-21.13764033535589,none,none,0.0,1,100.0,100.0,Invest
dogecoin_2026-06-05,dogecoin,DOGE,2026-06-05T00:00:00Z,0.0884879640193528,-3.101517172868451,1424717919.8742664,13673749210.112202,5,-23.26912274697943,-22.961353154883067,neutral,none,0.0,0,60.95,60.95,Invest
polkadot_2026-06-05,polkadot,DOT,2026-06-05T00:00:00Z,1.0373180996449667,-6.022901657614077,166732248.7238003,1749962618.644517,11,-24.891087272155954,-18.90918222832447,neutral,none,0.0,0,46.13,46.13,Skip
ethereum_2026-06-05,ethereum,ETH,2026-06-05T00:00:00Z,1769.0317333338,-2.355958713251527,25717635461.02949,213495452809.0861,2,-25.356204448075314,-25.061489201906696,none,none,0.0,1,99.99,99.99,Invest
chainlink_2026-06-05,chainlink,LINK,2026-06-05T00:00:00Z,8.006323258190282,-3.8610149297564123,553351492.1820678,5821397404.247529,7,-25.24301575553286,-18.01729706283336,none,none,0.0,1,77.29,77.29,Invest
litecoin_2026-06-05,litecoin,LTC,2026-06-05T00:00:00Z,45.58053978784529,-3.191367541511325,423406334.4051763,3518927155.324842,8,-24.506053987156783,-19.1355799142939,none,none,0.0,1,85.84,85.84,Invest
near_2026-06-05,near,NEAR,2026-06-05T00:00:00Z,2.1984437231916405,-22.00456386922902,1093566845.6688383,2852170497.4551554,10,-22.00456386922902,69.54990850361675,bearish,none,-5.0,0,27.12,22.12,Skip
pepe_2026-06-05,pepe,PEPE,2026-06-05T00:00:00Z,2.950499781179221e-06,-5.524940994979177,297506405.75812495,1241245752.9442866,13,-33.065207069060676,-28.29767170797982,neutral,none,0.0,1,86.9,86.9,Invest
solana_2026-06-05,solana,SOL,2026-06-05T00:00:00Z,68.81086787182636,-3.8197882699375407,5064102121.535027,39811227259.98783,4,-29.24507878016891,-20.2700027053914,none,none,0.0,1,99.65,99.65,Invest
uniswap_2026-06-05,uniswap,UNI,2026-06-05T00:00:00Z,2.6519810367121406,-5.232107829114685,188567576.21963432,1651620803.141078,12,-33.581233423559645,-21.04899475928447,neutral,none,0.0,1,90.1,90.1,Invest
ripple_2026-06-05,ripple,XRP,2026-06-05T00:00:00Z,1.1676610643848133,-2.6845291740161814,3134853920.0251436,72369114484.1268,3,-21.2404745842819,-17.392417703975795,bullish,none,5.0,1,88.34,93.34,Invest
aave_2026-06-06,aave,AAVE,2026-06-06T00:00:00Z,62.255582482098866,-12.641090017645984,453225978.1636376,926698670.738518,14,-38.97318468125768,-33.98642443577007,none,none,0.0,1,99.74,99.74,Invest
cardano_2026-06-06,cardano,ADA,2026-06-06T00:00:00Z,0.15664635393151696,-12.807518351264724,1127076474.438127,5820980171.89456,6,-44.54235698114194,-41.35430618723544,bearish,none,-5.0,1,97.84,92.84,Invest
arbitrum_2026-06-06,arbitrum,ARB,2026-06-06T00:00:00Z,0.08024732794240283,-9.994578944150579,93331630.06391641,502012958.81765574,15,-43.899292983048866,-36.98208138563115,none,none,0.0,1,95.46,95.46,Invest
avalanche-2_2026-06-06,avalanche-2,AVAX,2026-06-06T00:00:00Z,6.720922851275264,-12.698190839121825,449146899.3319374,2901906040.4158597,9,-34.287327871463425,-30.07839870615614,none,none,0.0,1,94.69,94.69,Invest
bitcoin_2026-06-06,bitcoin,BTC,2026-06-06T00:00:00Z,60960.10140035313,-4.467212644529295,45506430145.38753,1221584775490.4983,1,-25.67506454389069,-25.14433651634832,none,none,0.0,1,100.0,100.0,Invest
dogecoin_2026-06-06,dogecoin,DOGE,2026-06-06T00:00:00Z,0.08147531978174634,-7.9249695880365785,1980001646.2121437,12591229029.313417,5,-29.350021433914986,-27.564934195094636,neutral,none,0.0,1,84.6,84.6,Invest
polkadot_2026-06-06,polkadot,DOT,2026-06-06T00:00:00Z,0.9448901663204529,-8.91027866535331,194084124.4463845,1594166849.8955743,11,-31.583500698723878,-28.38010454834864,neutral,none,0.0,0,76.2,76.2,Invest
ethereum_2026-06-06,ethereum,ETH,2026-06-06T00:00:00Z,1582.4588294507628,-10.546611480588552,38205353386.90695,190978752181.88416,2,-33.22859555930165,-32.69036259286599,none,none,0.0,1,100.0,100.0,Invest
chainlink_2026-06-06,chainlink,LINK,2026-06-06T00:00:00Z,7.361053837853775,-8.059497468783949,644730872.9780854,5352222027.804344,7,-31.26805300845491,-26.362585767256242,none,none,0.0,1,91.67,91.67,Invest
litecoin_2026-06-06,litecoin,LTC,2026-06-06T00:00:00Z,43.28299791902842,-5.040620140767937,514172946.8765725,3341551404.3945856,8,-28.311417034940632,-23.714325725882812,none,none,0.0,1,93.03,93.03,Invest
near_2026-06-06,near,NEAR,2026-06-06T00:00:00Z,1.965348986122215,-10.602715667018526,997645291.940158,2549920694.4235806,10,-30.274198195425704,31.784735072257874,bearish,none,-5.0,0,73.81,68.81,Invest
pepe_2026-06-06,pepe,PEPE,2026-06-06T00:00:00Z,2.6904416278615037e-06,-8.81403737009533,389511041.7135886,1131841888.425056,13,-38.9648647315896,-35.38747437064291,neutral,none,0.0,1,95.81,95.81,Invest
solana_2026-06-06,solana,SOL,2026-06-06T00:00:00Z,63.63313109112329,-7.524591595542162,6676438823.787654,36815546115.86572,4,-34.5690976357088,-28.634760896771006,neutral,none,0.0,1,99.89,99.89,Invest
uniswap_2026-06-06,uniswap,UNI,2026-06-06T00:00:00Z,2.4604063594841863,-7.223832847065292,229862012.44312924,1532143169.4223642,12,-38.37921410012416,-29.2203357929218,neutral,none,0.0,1,96.16,96.16,Invest
ripple_2026-06-06,ripple,XRP,2026-06-06T00:00:00Z,1.0972843950512718,-6.0271487574709575,4157762667.0645604,68090777202.89725,3,-25.987428341765384,-23.23982259977042,neutral,none,0.0,1,95.53,95.53,Invest
aave_2026-06-07,aave,AAVE,2026-06-07T00:00:00Z,60.93207129202708,-2.1259317434743297,212881945.99644184,907001949.6702298,14,-40.270573120150274,-34.083468966010386,none,none,0.0,1,99.65,99.65,Invest
cardano_2026-06-07,cardano,ADA,2026-06-07T00:00:00Z,0.15718679819849915,0.34500915815662836,698532873.1809672,5841063086.582077,6,-44.35102303382907,-40.1901760795037,bearish,none,-5.0,1,96.9,91.9,Invest
arbitrum_2026-06-07,arbitrum,ARB,2026-06-07T00:00:00Z,0.07990084738142109,-0.43176585422312064,51124007.80743159,499845438.27770597,15,-44.14151667992582,-36.42303038234302,none,none,0.0,1,93.55,93.55,Invest
avalanche-2_2026-06-07,avalanche-2,AVAX,2026-06-07T00:00:00Z,6.661121686392539,-0.8897760948316513,241873589.28271782,2876085574.1737633,9,-34.872023519338256,-29.898505842422708,none,none,0.0,1,92.8,92.8,Invest
bitcoin_2026-06-07,bitcoin,BTC,2026-06-07T00:00:00Z,60855.25426528331,-0.1719930457156682,31010313650.452156,1219483734629.1333,1,-25.802898264107853,-23.954608589522287,none,none,0.0,1,100.0,100.0,Invest
dogecoin_2026-06-07,dogecoin,DOGE,2026-06-07T00:00:00Z,0.08187040239136993,0.484910781181247,960603597.8951346,12653260332.852262,5,-29.007432070945793,-24.09715590001793,bullish,none,5.0,1,75.02,80.02,Invest
polkadot_2026-06-07,polkadot,DOT,2026-06-07T00:00:00Z,0.9423639687822892,-0.26735356427731727,130970991.23321655,1590042070.1752906,11,-31.766414648159603,-28.074863869491228,neutral,none,0.0,0,71.65,71.65,Invest
ethereum_2026-06-07,ethereum,ETH,2026-06-07T00:00:00Z,1568.7027946407661,-0.8692823190080134,18640275407.494694,189318197707.50336,2,-33.809027572257975,-31.536637694819113,none,none,0.0,1,100.0,100.0,Invest
chainlink_2026-06-07,chainlink,LINK,2026-06-07T00:00:00Z,7.391559293757676,0.4144169649599405,349267556.6400847,5374402543.889889,7,-30.983216159774663,-24.98047102655314,none,none,0.0,1,87.27,87.27,Invest
litecoin_2026-06-07,litecoin,LTC,2026-06-07T00:00:00Z,41.342372320527424,-4.483574825688863,366696229.436108,3191730446.8396974,8,-31.525628293655107,-26.742960909474046,none,none,0.0,1,94.81,94.81,Invest
near_2026-06-07,near,NEAR,2026-06-07T00:00:00Z,1.859483598523576,-5.386594866671468,424601052.47877854,2412718464.1137967,10,-34.03004465617643,26.51901706763613,bearish,none,-5.0,1,75.95,70.95,Invest
pepe_2026-06-07,pepe,PEPE,2026-06-07T00:00:00Z,2.6826428437057534e-06,-0.2898700375056684,250389904.25661498,1128561017.9185734,13,-39.141787301083774,-35.482813426382606,neutral,none,0.0,1,94.63,94.63,Invest
solana_2026-06-07,solana,SOL,2026-06-07T00:00:00Z,62.17918349826299,-2.284890854699939,3577863213.6780424,35981679210.05437,4,-36.06412233997814,-29.687222916689006,neutral,none,0.0,1,99.87,99.87,Invest
uniswap_2026-06-07,uniswap,UNI,2026-06-07T00:00:00Z,2.4642256870072803,0.1552315741816912,112710862.20073827,1534413113.4527478,12,-38.28355918414865,-28.254825143813655,neutral,none,0.0,1,93.81,93.81,Invest
ripple_2026-06-07,ripple,XRP,2026-06-07T00:00:00Z,1.0929747313661586,-0.3927572199650009,2112505694.7093952,67823345759.30258,3,-26.27811806063487,-21.479375643596622,bearish,none,-5.0,1,93.23,88.23,Invest
aave_2026-06-08,aave,AAVE,2026-06-08T00:00:00Z,63.64395268465514,4.450663394702126,198959864.6054217,947371819.8731427,14,-37.61221738214342,-33.59022192012077,none,none,0.0,1,99.46,99.46,Invest
cardano_2026-06-08,cardano,ADA,2026-06-08T00:00:00Z,0.16509315561300406,5.02991186608468,567070481.0227826,6134863411.879562,6,-41.5519285380529,-39.642055374774706,bearish,none,-5.0,1,94.68,89.68,Invest
arbitrum_2026-06-08,arbitrum,ARB,2026-06-08T00:00:00Z,0.0829539804958359,3.8211523587980523,68575287.8995891,518945294.032799,15,-42.007078926951976,-41.48355005609036,none,none,0.0,1,93.47,93.47,Invest
avalanche-2_2026-06-08,avalanche-2,AVAX,2026-06-08T00:00:00Z,6.807537953548277,2.198072247424032,229731245.91197276,2939304012.9918427,9,-33.44046354300798,-31.29163297040679,none,none,0.0,1,91.26,91.26,Invest
bitcoin_2026-06-08,bitcoin,BTC,2026-06-08T00:00:00Z,63273.537430635515,3.9738280523984093,33326211424.640003,1267943921370.2615,1,-22.854433021260377,-21.1026263121324,none,none,0.0,1,100.0,100.0,Invest
dogecoin_2026-06-08,dogecoin,DOGE,2026-06-08T00:00:00Z,0.08621559810194002,5.307407296959998,853856315.6713402,13326130009.996576,5,-25.239567340379885,-21.291807983759938,bullish,none,5.0,1,59.34,64.34,Invest
polkadot_2026-06-08,polkadot,DOT,2026-06-08T00:00:00Z,0.9722849631078336,3.17509957052029,111393896.97076644,1640692238.1203973,11,-29.599930372702723,-29.284953250374635,neutral,none,0.0,0,62.8,62.8,Invest
ethereum_2026-06-08,ethereum,ETH,2026-06-08T00:00:00Z,1687.8826846141703,7.597353072906099,16062772861.618362,203701307543.392,2,-28.78026569453248,-26.85138217256441,none,none,0.0,1,99.99,99.99,Invest
chainlink_2026-06-08,chainlink,LINK,2026-06-08T00:00:00Z,7.9085060154893645,6.993743825721066,314050879.3674348,5750274489.972583,7,-26.15635910123766,-23.57468164490878,none,none,0.0,1,75.29,75.29,Invest
litecoin_2026-06-08,litecoin,LTC,2026-06-08T00:00:00Z,42.81144390742129,3.553428370061007,363743933.6110387,3305146302.033574,8,-29.09244054322083,-26.590599808962867,none,none,0.0,1,92.71,92.71,Invest
near_2026-06-08,near,NEAR,2026-06-08T00:00:00Z,2.055810872540087,10.558161103028496,654286164.4993682,2667625091.316948,10,-27.064830491379567,28.714915967000042,bearish,none,-5.0,1,58.68,53.68,Invest
pepe_2026-06-08,pepe,PEPE,2026-06-08T00:00:00Z,2.8148106685632374e-06,4.9267767853476085,214951549.28329524,1184162700.1578684,13,-36.143439005856095,-34.804551698709844,neutral,none,0.0,1,90.86,90.86,Invest
solana_2026-06-08,solana,SOL,2026-06-08T00:00:00Z,66.42475751544987,6.8279668183572895,3136535778.934595,38480144220.633545,4,-31.698601828326346,-27.80324955195661,neutral,none,0.0,1,99.71,99.71,Invest
uniswap_2026-06-08,uniswap,UNI,2026-06-08T00:00:00Z,2.5686651733806007,4.238227323251342,147090660.08834285,1599393655.975186,12,-35.667876126553,-30.766207982070547,neutral,none,0.0,1,92.88,92.88,Invest
ripple_2026-06-08,ripple,XRP,2026-06-08T00:00:00Z,1.1548517514448144,5.661340404577597,2010546066.5698698,71663056236.51035,3,-22.1044713713866,-18.70914227231062,bearish,none,-5.0,1,86.95,81.95,Invest
aave_2026-06-09,aave,AAVE,2026-06-09T00:00:00Z,63.43180570405525,-0.3333340744108737,136996414.1886312,944228208.4792032,14,-37.82017711987813,-33.75448934274479,none,none,0.0,1,99.33,99.33,Invest
cardano_2026-06-09,cardano,ADA,2026-06-09T00:00:00Z,0.17032636785599511,3.16985414904678,503624917.65681404,6330458948.33291,6,-39.699209919778546,-37.146104075871555,bearish,none,-5.0,1,92.18,87.18,Invest
arbitrum_2026-06-09,arbitrum,ARB,2026-06-09T00:00:00Z,0.08211428550126422,-1.0122419557839435,37614122.57460341,513692312.0390327,15,-42.59410760543803,-42.06539785285419,none,none,0.0,1,91.45,91.45,Invest
avalanche-2_2026-06-09,avalanche-2,AVAX,2026-06-09T00:00:00Z,6.7634161212731865,-0.6481320056701656,223200931.5590713,2920253442.9396954,9,-33.87185720161144,-32.12271830677946,none,none,0.0,1,91.75,91.75,Invest
bitcoin_2026-06-09,bitcoin,BTC,2026-06-09T00:00:00Z,63069.147792658114,-0.32302546416259625,32495793038.066757,1263848139632.9338,1,-23.10363284707432,-21.825749838363418,none,none,0.0,1,100.0,100.0,Invest
dogecoin_2026-06-09,dogecoin,DOGE,2026-06-09T00:00:00Z,0.08630396645305738,0.10249694146164945,653939269.7285631,13340955715.298471,5,-25.162940183480277,-20.647502664772098,bullish,none,5.0,1,54.42,59.42,Invest
polkadot_2026-06-09,polkadot,DOT,2026-06-09T00:00:00Z,0.973876377648633,0.16367779007016026,94115946.1558021,1643532385.0855048,11,-29.48470109452891,-27.679199863398296,neutral,none,0.0,1,58.91,58.91,Invest
ethereum_2026-06-09,ethereum,ETH,2026-06-09T00:00:00Z,1690.4950851700783,0.1547738228326656,17032455956.759356,204016538883.978,2,-28.67003618913665,-27.358143932445124,none,none,0.0,1,99.99,99.99,Invest
chainlink_2026-06-09,chainlink,LINK,2026-06-09T00:00:00Z,7.993169530721201,1.070537407014882,292413819.7240444,5811833329.393775,7,-25.365835302714657,-22.94860209157331,none,none,0.0,1,71.83,71.83,Invest
litecoin_2026-06-09,litecoin,LTC,2026-06-09T00:00:00Z,43.003871565866774,0.44947715115986053,307861445.328875,3320002179.4736204,8,-28.773727265017513,-25.845634791831394,none,none,0.0,1,91.46,91.46,Invest
near_2026-06-09,near,NEAR,2026-06-09T00:00:00Z,2.1293233347880447,3.5758377985971146,591006765.2288054,2763247813.154756,10,-24.45678713161944,35.78414045420273,none,none,0.0,1,43.42,43.42,Skip
pepe_2026-06-09,pepe,PEPE,2026-06-09T00:00:00Z,2.8139538685593107e-06,-0.03043899234487224,170718654.1492987,1183802252.9642165,13,-36.1628762995688,-33.720175475881234,bullish,none,5.0,1,89.33,94.33,Invest
solana_2026-06-09,solana,SOL,2026-06-09T00:00:00Z,66.80256146212376,0.5687697792287949,3165296761.7515407,38706889898.17908,4,-31.31012411673513,-28.279120885578024,neutral,none,0.0,1,99.7,99.7,Invest
uniswap_2026-06-09,uniswap,UNI,2026-06-09T00:00:00Z,2.5146044103490235,-2.104624751867845,158211449.36389405,1565682129.123521,12,-37.021825928995845,-33.946193125848524,neutral,none,0.0,1,94.71,94.71,Invest
ripple_2026-06-09,ripple,XRP,2026-06-09T00:00:00Z,1.1677525780115696,1.1170980648048667,2103882956.1796708,72463602850.90843,3,-21.234301928506838,-17.904436787329146,bullish,none,5.0,1,85.52,90.52,Invest
aave_2026-06-10,aave,AAVE,2026-06-10T00:00:00Z,62.06274647838877,-2.158316652774961,142151376.71507078,923849912.0887774,14,-39.16221459176577,-39.16221459176577,none,none,0.0,1,99.52,99.52,Invest
cardano_2026-06-10,cardano,ADA,2026-06-10T00:00:00Z,0.16517926288834595,-3.0219073138463615,432501140.7896569,6139158346.373197,6,-41.521443905519895,-41.521443905519895,bearish,none,-5.0,1,93.93,88.93,Invest
arbitrum_2026-06-10,arbitrum,ARB,2026-06-10T00:00:00Z,0.08030101904544366,-2.208222899038237,46624942.91263849,502348840.77398777,15,-43.861757666692014,-43.861757666692014,none,none,0.0,1,93.93,93.93,Invest
avalanche-2_2026-06-10,avalanche-2,AVAX,2026-06-10T00:00:00Z,6.635275055262608,-1.8946204656480115,180059260.85618624,2864925723.5609694,9,-35.12473452862266,-35.12473452862266,none,none,0.0,1,92.53,92.53,Invest
bitcoin_2026-06-10,bitcoin,BTC,2026-06-10T00:00:00Z,61669.76384194788,-2.218809036885594,35017939157.83543,1235805762898.2478,1,-24.80981639050016,-24.80981639050016,none,none,0.0,1,100.0,100.0,Invest
dogecoin_2026-06-10,dogecoin,DOGE,2026-06-10T00:00:00Z,0.08474433190516373,-1.8071412149312627,751669733.18486,13100647996.285069,5,-26.515351535467367,-24.700603587626258,bullish,none,5.0,1,63.85,68.85,Invest
polkadot_2026-06-10,polkadot,DOT,2026-06-10T00:00:00Z,0.9564279119103225,-1.7916509876170106,86297871.99513298,1614213403.0625107,11,-30.74808914378987,-30.74808914378987,neutral,none,0.0,1,63.68,63.68,Invest
ethereum_2026-06-10,ethereum,ETH,2026-06-10T00:00:00Z,1638.7504135601862,-3.0609181927722773,14438363030.352573,197771660387.75195,2,-30.853388028321238,-30.853388028321238,none,none,0.0,1,99.99,99.99,Invest
chainlink_2026-06-10,chainlink,LINK,2026-06-10T00:00:00Z,7.833892151355486,-1.9926685997781357,273298332.2350398,5696022751.567504,7,-26.853046867344165,-26.853046867344165,none,none,0.0,1,76.84,76.84,Invest
litecoin_2026-06-10,litecoin,LTC,2026-06-10T00:00:00Z,42.99523723491262,-0.02007803167425326,259058878.50302026,3319335588.3844395,8,-28.788028098617634,-28.788028098617634,none,none,0.0,1,91.1,91.1,Invest
near_2026-06-10,near,NEAR,2026-06-10T00:00:00Z,2.1507565940855526,1.006576077354704,487720671.7508771,2791237816.0470257,10,-23.69638722282118,37.46132432549767,none,none,0.0,1,36.77,36.77,Skip
pepe_2026-06-10,pepe,PEPE,2026-06-10T00:00:00Z,2.772984247484437e-06,-1.4559450150421038,174524608.22274917,1166566743.0742278,13,-37.0923097198315,-37.0923097198315,bullish,none,5.0,1,91.34,96.34,Invest
solana_2026-06-10,solana,SOL,2026-06-10T00:00:00Z,64.9237603504689,-2.8124686696633927,2984743786.127204,37616147035.943245,4,-33.24200535518263,-32.65934562254257,neutral,none,0.0,1,99.79,99.79,Invest
uniswap_2026-06-10,uniswap,UNI,2026-06-10T00:00:00Z,2.477761576451565,-1.4651542702235565,113746614.76070276,1542222140.6194859,12,-37.94455333570599,-37.94455333570599,neutral,none,0.0,1,94.74,94.74,Invest
ripple_2026-06-10,ripple,XRP,2026-06-10T00:00:00Z,1.1368684224292722,-2.644751650635313,1862270482.1402798,70547120518.39922,3,-23.317459028387077,-22.836668490221392,bullish,none,5.0,1,89.31,94.31,Invest
aave_2026-06-11,aave,AAVE,2026-06-11T00:00:00Z,61.246573924617344,-1.3150764348716426,171113589.3613895,911722158.3022234,14,-39.405322807635116,-39.405322807635116,none,none,0.0,1,99.59,99.59,Invest
cardano_2026-06-11,cardano,ADA,2026-06-11T00:00:00Z,0.1605906971354993,-2.777930881038204,461509444.2277456,5968616770.833461,6,-42.64857020956788,-42.64857020956788,neutral,none,0.0,1,95.09,95.09,Invest
arbitrum_2026-06-11,arbitrum,ARB,2026-06-11T00:00:00Z,0.07748862637724105,-3.502312550493336,49914942.57178064,484755014.27630264,15,-44.682783707617865,-44.682783707617865,none,none,0.0,1,94.78,94.78,Invest
avalanche-2_2026-06-11,avalanche-2,AVAX,2026-06-11T00:00:00Z,6.380602123474471,-3.8381669134597396,207308656.86259583,2754965092.344055,9,-36.974018725417565,-36.974018725417565,none,none,0.0,1,94.78,94.78,Invest
bitcoin_2026-06-11,bitcoin,BTC,2026-06-11T00:00:00Z,61480.144432833426,-0.307475490907394,26327022779.7125,1232005963062.1147,1,-24.682129569796807,-24.682129569796807,none,none,0.0,1,100.0,100.0,Invest
dogecoin_2026-06-11,dogecoin,DOGE,2026-06-11T00:00:00Z,0.0829283560358409,-2.142887705286378,590174056.1091379,12821382823.678106,5,-28.09004503268675,-25.40492835110111,bullish,none,5.0,1,66.13,71.13,Invest
polkadot_2026-06-11,polkadot,DOT,2026-06-11T00:00:00Z,0.9163365017562038,-4.191785878984023,88392385.95390059,1546679781.4884458,11,-32.78228011433853,-32.70196208057814,none,none,0.0,1,71.21,71.21,Invest
ethereum_2026-06-11,ethereum,ETH,2026-06-11T00:00:00Z,1620.917390707054,-1.088208595132556,12687812229.500313,195619412992.2519,2,-30.688393703420523,-30.688393703420523,none,none,0.0,1,99.99,99.99,Invest
chainlink_2026-06-11,chainlink,LINK,2026-06-11T00:00:00Z,7.559228709098085,-3.5060916968313927,242239093.1177636,5496314970.825169,7,-28.561111342184564,-28.561111342184564,none,none,0.0,1,80.05,80.05,Invest
litecoin_2026-06-11,litecoin,LTC,2026-06-11T00:00:00Z,41.71589889414663,-2.9755350197885444,240589183.79828465,3220567595.527756,8,-28.68424573360092,-28.68424573360092,none,none,0.0,1,90.05,90.05,Invest
near_2026-06-11,near,NEAR,2026-06-11T00:00:00Z,1.9701038619384292,-8.399496839572972,458876887.1031024,2556950181.0593367,10,-30.105506766520318,27.38292814415315,none,none,0.0,1,64.6,64.6,Invest
pepe_2026-06-11,pepe,PEPE,2026-06-11T00:00:00Z,2.689524021609349e-06,-3.009761990202442,178668361.27774104,1131455860.6508372,13,-37.98415767809457,-37.98415767809457,bullish,none,5.0,1,92.47,97.47,Invest
solana_2026-06-11,solana,SOL,2026-06-11T00:00:00Z,63.18212175433404,-2.682590451836442,2915668831.8778567,36614496967.74654,4,-35.032848945361984,-35.032848945361984,neutral,none,0.0,1,99.84,99.84,Invest
uniswap_2026-06-11,uniswap,UNI,2026-06-11T00:00:00Z,2.3949652546160225,-3.341577439186705,123248123.20051499,1490543895.591126,12,-38.46304770293867,-38.46304770293867,neutral,none,0.0,1,95.21,95.21,Invest
ripple_2026-06-11,ripple,XRP,2026-06-11T00:00:00Z,1.096886405735991,-3.516855240630856,1909699727.0101113,68066080413.333725,3,-26.01427298919614,-25.684757349309994,bullish,none,5.0,1,93.16,98.16,Invest
aave_2026-06-12,aave,AAVE,2026-06-12T00:00:00Z,64.25160026808855,4.906439904981164,152485761.76642147,956459521.9423361,14,-34.627733398803294,-33.549674545429795,none,none,0.0,1,98.95,98.95,Invest
cardano_2026-06-12,cardano,ADA,2026-06-12T00:00:00Z,0.17033097775593783,6.065283228841145,498505145.2541082,6330630282.828623,6,-37.136728831733365,-37.136728831733365,neutral,none,0.0,1,88.29,88.29,Invest
arbitrum_2026-06-12,arbitrum,ARB,2026-06-12T00:00:00Z,0.08341518902815735,7.648300051240775,65958287.09744034,521830532.2815893,15,-38.534361744599636,-38.534361744599636,none,none,0.0,1,87.88,87.88,Invest
avalanche-2_2026-06-12,avalanche-2,AVAX,2026-06-12T00:00:00Z,6.636949138508204,4.017599124236604,193556144.0695207,2865648545.767094,9,-32.94399432381005,-32.50560624924519,none,none,0.0,1,89.39,89.39,Invest
bitcoin_2026-06-12,bitcoin,BTC,2026-06-12T00:00:00Z,63555.66181107698,3.375914935448865,28342001883.939762,1273749779296.1104,1,-21.59344317669325,-21.031350772470393,none,none,0.0,1,100.0,100.0,Invest
dogecoin_2026-06-12,dogecoin,DOGE,2026-06-12T00:00:00Z,0.08598330757065775,3.6838443215931216,626420756.9649382,13294849624.10088,5,-25.4409942399632,-21.879146411588614,bullish,none,5.0,1,55.48,60.48,Invest
polkadot_2026-06-12,polkadot,DOT,2026-06-12T00:00:00Z,0.9501145264697093,3.686203119571063,93881240.40850247,1603866762.3621807,11,-30.304498427008753,-28.83639476610067,none,none,0.0,1,61.96,61.96,Invest
ethereum_2026-06-12,ethereum,ETH,2026-06-12T00:00:00Z,1671.86904676229,3.1433838854064478,12635592497.522842,201768387468.37537,2,-26.755797670755765,-26.53538333819643,none,none,0.0,1,99.99,99.99,Invest
chainlink_2026-06-12,chainlink,LINK,2026-06-12T00:00:00Z,7.877118759969324,4.205323890896895,273773667.2080871,5727452817.412223,7,-24.79975419545418,-23.380484922839862,none,none,0.0,1,68.56,68.56,Invest
litecoin_2026-06-12,litecoin,LTC,2026-06-12T00:00:00Z,42.43092478503164,1.7140368776407566,210640872.7557198,3278489399.256451,8,-27.06888507702887,-26.894964639824202,none,none,0.0,1,86.17,86.17,Invest
near_2026-06-12,near,NEAR,2026-06-12T00:00:00Z,2.0626228882694524,4.69614968623997,454429939.7524512,2677197029.0118117,10,-26.823156741837238,28.402780779087024,none,none,0.0,1,52.09,52.09,Invest
pepe_2026-06-12,pepe,PEPE,2026-06-12T00:00:00Z,2.784356588823005e-06,3.5259981488066527,181867391.0329913,1171350973.3519502,13,-32.80967896030066,-32.80967896030066,bullish,none,5.0,1,82.6,87.6,Invest
solana_2026-06-12,solana,SOL,2026-06-12T00:00:00Z,66.81660398292856,5.752390276993502,2800664428.8383875,38734037859.60971,4,-29.13346097716303,-29.13346097716303,bullish,none,5.0,1,99.54,100.0,Invest
uniswap_2026-06-12,uniswap,UNI,2026-06-12T00:00:00Z,2.495411550300696,4.194060665016952,166828064.94073188,1553028265.872321,12,-33.68711242666221,-33.68711242666221,none,none,0.0,1,91.12,91.12,Invest
ripple_2026-06-12,ripple,XRP,2026-06-12T00:00:00Z,1.1411231049622073,4.032933492008617,1719096680.843338,70811140167.02057,3,-23.03047782527138,-20.526234381838304,bullish,none,5.0,1,87.82,92.82,Invest
aave_2026-06-13,aave,AAVE,2026-06-13T00:00:00Z,64.18445065736434,-0.1045104097703975,108936503.12207015,955460918.3105406,14,-34.6960542225044,-33.40826426754734,none,none,0.0,1,98.7,98.7,Invest
cardano_2026-06-13,cardano,ADA,2026-06-13T00:00:00Z,0.16961275512324536,-0.42166295418182287,469392999.4279059,6303936360.1597185,6,-37.22713686959307,-35.93123017977643,neutral,none,0.0,1,87.7,87.7,Invest
arbitrum_2026-06-13,arbitrum,ARB,2026-06-13T00:00:00Z,0.08385482637943878,0.5270471198393301,42105443.79951947,524580825.07242167,15,-36.14916684544046,-36.14916684544046,none,none,0.0,1,77.4,77.4,Invest
avalanche-2_2026-06-13,avalanche-2,AVAX,2026-06-13T00:00:00Z,6.5675503908597195,-1.045642300403149,141826532.76226297,2835684112.3916655,9,-33.64516028412103,-32.647287407134996,none,none,0.0,1,88.42,88.42,Invest
bitcoin_2026-06-13,bitcoin,BTC,2026-06-13T00:00:00Z,63532.27782485316,-0.03679292380485144,26198317555.20565,1273309909632.204,1,-21.622291241403257,-19.872360154417446,none,none,0.0,1,100.0,100.0,Invest
dogecoin_2026-06-13,dogecoin,DOGE,2026-06-13T00:00:00Z,0.08595947004685323,-0.02772343199862748,1260294686.8000243,13292191910.767782,5,-25.46166455522394,-23.68177692588812,bullish,none,5.0,0,67.3,72.3,Invest
polkadot_2026-06-13,polkadot,DOT,2026-06-13T00:00:00Z,0.9569701494764419,0.7215575402478747,98386784.34454243,1615573182.4340441,11,-29.801605280195254,-27.942641369976474,none,none,0.0,1,60.43,60.43,Invest
ethereum_2026-06-13,ethereum,ETH,2026-06-13T00:00:00Z,1665.5551249935475,-0.3776564785962222,10271188237.766333,201006326715.53604,2,-27.032409146048273,-26.253398642001702,none,none,0.0,1,99.99,99.99,Invest
chainlink_2026-06-13,chainlink,LINK,2026-06-13T00:00:00Z,7.860391513372228,-0.21235234743574027,188336199.0716425,5715290436.906174,7,-24.95944368269758,-23.034933981144825,none,none,0.0,1,63.43,63.43,Invest
litecoin_2026-06-13,litecoin,LTC,2026-06-13T00:00:00Z,43.05617241437527,1.4735658779800875,223462080.14406878,3326800100.3570886,8,-25.994197053093515,-24.43515896179065,none,none,0.0,1,83.96,83.96,Invest
near_2026-06-13,near,NEAR,2026-06-13T00:00:00Z,2.008933388113652,-2.6029721894944124,346075500.29400945,2607673203.136305,10,-28.727929620997127,27.637972854300674,none,none,0.0,1,55.14,55.14,Invest
pepe_2026-06-13,pepe,PEPE,2026-06-13T00:00:00Z,2.805693359317996e-06,0.7663088334533441,232874073.4420924,1180327139.3314877,13,-31.336401921234735,-30.7843587515929,bullish,none,5.0,1,80.69,85.69,Invest
solana_2026-06-13,solana,SOL,2026-06-13T00:00:00Z,66.77674858898844,-0.059648936887446435,2667985489.0141864,38718794394.00756,4,-27.51102236196752,-26.714077038307483,bullish,none,5.0,1,99.34,100.0,Invest
uniswap_2026-06-13,uniswap,UNI,2026-06-13T00:00:00Z,2.4987951361589253,0.13559229770423453,110917012.70375025,1554524346.5687907,12,-33.022420135409526,-31.01723320973416,none,none,0.0,1,86.86,86.86,Invest
ripple_2026-06-13,ripple,XRP,2026-06-13T00:00:00Z,1.131721918290297,-0.8238538533685835,1489339884.4178603,70227759860.14035,3,-23.664594199627263,-20.66772435974722,bullish,none,5.0,1,87.87,92.87,Invest
aave_2026-06-14,aave,AAVE,2026-06-14T00:00:00Z,67.06858780570695,4.493513800934434,107968750.8396167,998396866.4156327,14,-31.7616124064379,-31.7616124064379,none,none,0.0,1,97.95,97.95,Invest
cardano_2026-06-14,cardano,ADA,2026-06-14T00:00:00Z,0.17166890192319859,1.212259537001903,350232053.9192735,6387116114.990024,6,-36.46616684964555,-36.46616684964555,neutral,none,0.0,1,84.17,84.17,Invest
arbitrum_2026-06-14,arbitrum,ARB,2026-06-14T00:00:00Z,0.08516060009576497,1.5571837337276628,33288261.99847161,532749512.3507038,15,-34.74599633144678,-34.74599633144678,none,none,0.0,1,69.51,69.51,Invest
avalanche-2_2026-06-14,avalanche-2,AVAX,2026-06-14T00:00:00Z,6.715002444613529,2.2451605998946578,116186442.66172658,2899349774.8205557,9,-32.15538756669687,-32.15538756669687,none,none,0.0,1,84.22,84.22,Invest
bitcoin_2026-06-14,bitcoin,BTC,2026-06-14T00:00:00Z,64408.80975375945,1.3796639423549806,16875136749.718493,1290903457306.5925,1,-20.540942254816898,-20.540942254816898,none,none,0.0,1,100.0,100.0,Invest
dogecoin_2026-06-14,dogecoin,DOGE,2026-06-14T00:00:00Z,0.08783470249875856,2.181530959745581,613940282.8015661,13583376433.07744,5,-23.835587690617132,-23.835587690617132,bullish,none,5.0,0,50.06,55.06,Invest
polkadot_2026-06-14,polkadot,DOT,2026-06-14T00:00:00Z,0.9799796317335552,2.4044096119091973,92180594.82059892,1654651396.728743,11,-28.113748330146315,-28.113748330146315,none,none,0.0,1,53.27,53.27,Invest
ethereum_2026-06-14,ethereum,ETH,2026-06-14T00:00:00Z,1680.3055520030994,0.8856162602008721,6441342040.178422,202786394956.7776,2,-26.386196296768837,-26.386196296768837,none,none,0.0,1,99.98,99.98,Invest
chainlink_2026-06-14,chainlink,LINK,2026-06-14T00:00:00Z,7.979434363646255,1.5144646430334863,147653330.458321,5801846489.819791,7,-23.822980989336408,-23.822980989336408,none,none,0.0,1,55.98,55.98,Invest
litecoin_2026-06-14,litecoin,LTC,2026-06-14T00:00:00Z,44.31554881439211,2.9249613456034274,179037999.66999814,3424107717.3380294,8,-23.829555923393052,-23.829555923393052,none,none,0.0,1,76.44,76.44,Invest
near_2026-06-14,near,NEAR,2026-06-14T00:00:00Z,2.1270554014750207,5.879837234040042,281079157.78548807,2761231345.4903164,10,-24.537247889381298,35.29085638417635,none,none,0.0,1,32.57,32.57,Skip
pepe_2026-06-14,pepe,PEPE,2026-06-14T00:00:00Z,2.8542418386552567e-06,1.7303558557469012,162534808.80761668,1200750999.10388,13,-30.148277331112304,-30.148277331112304,bullish,none,5.0,1,73.05,78.05,Invest
solana_2026-06-14,solana,SOL,2026-06-14T00:00:00Z,68.87994920794057,3.149600217730497,1570972400.7552242,39938235528.10983,4,-25.22790936444944,-25.22790936444944,neutral,none,0.0,1,98.66,98.66,Invest
uniswap_2026-06-14,uniswap,UNI,2026-06-14T00:00:00Z,2.5562552908193603,2.2995144271315215,94798790.25803505,1590204395.5538504,12,-31.48226102347973,-31.48226102347973,none,none,0.0,1,82.77,82.77,Invest
ripple_2026-06-14,ripple,XRP,2026-06-14T00:00:00Z,1.1501945676088534,1.6322604537396757,986313094.145977,71374059811.88467,3,-22.41860155854608,-22.41860155854608,bullish,none,5.0,1,82.65,87.65,Invest
aave_2026-06-15,aave,AAVE,2026-06-15T00:00:00Z,68.30307486502944,1.840633744814646,101170967.98055205,1016775535.9705592,14,-26.432458527817857,-26.432458527817857,none,none,0.0,1,94.39,94.39,Invest
cardano_2026-06-15,cardano,ADA,2026-06-15T00:00:00Z,0.18287838335776857,6.529709987651056,413017784.57482827,6804176273.873398,6,-30.066669977249617,-30.066669977249617,neutral,none,0.0,1,65.0,65.0,Invest
arbitrum_2026-06-15,arbitrum,ARB,2026-06-15T00:00:00Z,0.08574658594576665,0.6880950220438997,34689354.46231682,536415335.22515213,15,-30.799794377115873,-30.799794377115873,none,none,0.0,1,52.34,52.34,Invest
avalanche-2_2026-06-15,avalanche-2,AVAX,2026-06-15T00:00:00Z,6.784080934775212,1.0287187641621065,154268467.79285666,2929175929.992826,9,-28.850974543779706,-28.850974543779706,none,none,0.0,1,77.5,77.5,Invest
bitcoin_2026-06-15,bitcoin,BTC,2026-06-15T00:00:00Z,65709.31094599118,2.0191355766449703,21124197393.114784,1316997723207.2698,1,-16.895892807841616,-16.895892807841616,none,none,0.0,1,100.0,100.0,Invest
dogecoin_2026-06-15,dogecoin,DOGE,2026-06-15T00:00:00Z,0.0888610260257763,1.168471569687668,606777476.5936825,13743490331.620468,5,-21.557413829369352,-21.557413829369352,bullish,none,5.0,0,39.35,44.35,Skip
polkadot_2026-06-15,polkadot,DOT,2026-06-15T00:00:00Z,0.9967165947071553,1.707888861321849,82012846.41946843,1683087237.0028343,11,-24.279364572997686,-24.279364572997686,none,none,0.0,1,33.99,33.99,Skip
ethereum_2026-06-15,ethereum,ETH,2026-06-15T00:00:00Z,1725.448928079916,2.686617087172083,8722419528.693426,208234439253.2255,2,-22.41468400702623,-22.41468400702623,none,none,0.0,1,99.96,99.96,Invest
chainlink_2026-06-15,chainlink,LINK,2026-06-15T00:00:00Z,8.171975411222267,2.4129661176638617,166274592.65872404,5941843079.818013,7,-18.826631881376432,-18.826631881376432,none,none,0.0,1,35.22,35.22,Skip
litecoin_2026-06-15,litecoin,LTC,2026-06-15T00:00:00Z,45.37772317190122,2.396843514130542,211544014.9508939,3506178221.0778894,8,-21.0700842901523,-21.0700842901523,none,none,0.0,1,68.86,68.86,Invest
near_2026-06-15,near,NEAR,2026-06-15T00:00:00Z,2.2167183923442937,4.215357569299583,291757077.4500789,2877805949.3411813,10,-21.356223056284552,43.49871244844359,neutral,none,0.0,1,20.33,20.33,Skip
pepe_2026-06-15,pepe,PEPE,2026-06-15T00:00:00Z,2.9160242875120516e-06,2.164583533885245,155226880.34518656,1226742257.513445,13,-25.30263072312482,-25.30263072312482,bullish,none,5.0,1,51.31,56.31,Invest
solana_2026-06-15,solana,SOL,2026-06-15T00:00:00Z,71.21816957667109,3.394631377662183,1787610919.2006843,41302375511.16598,4,-20.158201581143842,-20.158201581143842,none,none,0.0,1,96.96,96.96,Invest
uniswap_2026-06-15,uniswap,UNI,2026-06-15T00:00:00Z,2.590450503393332,1.3377072586130856,87863712.50760534,1611455951.5759315,12,-28.293556695322376,-28.030392144221672,none,none,0.0,1,71.44,71.44,Invest
ripple_2026-06-15,ripple,XRP,2026-06-15T00:00:00Z,1.1857724963931864,3.093209600032809,1302997963.6227057,73581809081.91905,3,-17.258821216430388,-17.258821216430388,bullish,none,5.0,1,68.76,73.76,Invest
aave_2026-06-16,aave,AAVE,2026-06-16T00:00:00Z,73.72706985393312,7.941070002517137,230665446.84415895,1097533760.244487,14,-18.10049215396613,-18.10049215396613,none,none,0.0,1,86.81,86.81,Invest
cardano_2026-06-16,cardano,ADA,2026-06-16T00:00:00Z,0.17848004985556704,-2.4050592647666735,675646095.1056507,6640531802.007549,6,-30.02717544622645,-30.02717544622645,neutral,none,0.0,1,71.14,71.14,Invest
arbitrum_2026-06-16,arbitrum,ARB,2026-06-16T00:00:00Z,0.08623017773812593,0.5639778972251319,48850510.22714699,539440599.1531482,15,-27.28453914180845,-27.28453914180845,none,none,0.0,1,41.16,41.16,Skip
avalanche-2_2026-06-16,avalanche-2,AVAX,2026-06-16T00:00:00Z,6.836932707427896,0.7790557506730966,238943464.74891502,2951995843.5227675,10,-27.57793458835811,-26.409340366636023,none,none,0.0,1,84.79,84.79,Invest
bitcoin_2026-06-16,bitcoin,BTC,2026-06-16T00:00:00Z,66292.50117921834,0.8875305871134387,30758717645.22543,1328716312457.8525,1,-15.154019026797005,-15.154019026797005,none,none,0.0,1,100.0,100.0,Invest
dogecoin_2026-06-16,dogecoin,DOGE,2026-06-16T00:00:00Z,0.08809166296070428,-0.8658048409758812,1084481797.0265217,13625687764.460213,5,-19.429535049499748,-19.429535049499748,bullish,none,5.0,0,38.31,43.31,Skip
polkadot_2026-06-16,polkadot,DOT,2026-06-16T00:00:00Z,1.0096991757646545,1.302534855588866,136325220.39251196,1705212884.4803636,12,-21.94792377385577,-20.368984318409765,none,none,0.0,0,41.46,41.46,Skip
ethereum_2026-06-16,ethereum,ETH,2026-06-16T00:00:00Z,1794.9576599037732,4.028443304966833,17421141494.745083,216622998493.3419,2,-17.66585817066586,-17.66585817066586,none,none,0.0,1,99.95,99.95,Invest
chainlink_2026-06-16,chainlink,LINK,2026-06-16T00:00:00Z,8.294379695689905,1.497854292360512,302034446.16422534,6030843231.434393,7,-14.836755779450705,-14.618148488833304,none,none,0.0,1,27.45,27.45,Skip
litecoin_2026-06-16,litecoin,LTC,2026-06-16T00:00:00Z,45.74040988185491,0.7992615860865193,290392108.74560523,3534201756.7386966,8,-18.531728982387197,-18.531728982387197,none,none,0.0,1,62.79,62.79,Invest
near_2026-06-16,near,NEAR,2026-06-16T00:00:00Z,2.3904581564028313,7.837701200954039,585753430.0740614,3103553383.9999084,9,-15.19235880629135,59.67588230513721,neutral,none,0.0,0,6.53,6.53,Skip
pepe_2026-06-16,pepe,PEPE,2026-06-16T00:00:00Z,2.9452140239652694e-06,1.001011431153831,222367707.40035474,1239022087.741949,13,-22.507737213086855,-21.697289898326854,bullish,none,5.0,1,43.52,48.52,Skip
solana_2026-06-16,solana,SOL,2026-06-16T00:00:00Z,73.9490661555558,3.834550361400013,3029066101.9198065,42886081046.16554,4,-15.17062940849886,-14.526441300615577,neutral,none,0.0,1,94.75,94.75,Invest
uniswap_2026-06-16,uniswap,UNI,2026-06-16T00:00:00Z,2.843882875845494,9.783331977205556,196497108.94416758,1769030408.264518,11,-21.27827729777908,-18.41313939152699,neutral,none,0.0,1,43.15,43.15,Skip
ripple_2026-06-16,ripple,XRP,2026-06-16T00:00:00Z,1.2376600592814702,4.3758446958512165,3097520362.8626714,76801634771.74158,3,-12.418863578431171,-12.418863578431171,bullish,none,5.0,1,61.84,66.84,Invest
aave_2026-06-17,aave,AAVE,2026-06-17T00:00:00Z,75.84652935865482,2.874737201574318,174130177.38857844,1129091496.9390736,14,-15.170165440827022,-14.9358317179615,none,none,0.0,1,76.45,76.45,Invest
cardano_2026-06-17,cardano,ADA,2026-06-17T00:00:00Z,0.17226060389017048,-3.4846729202673177,416038855.2019875,6409130988.541252,6,-31.656426450925057,-31.656426450925057,neutral,none,0.0,1,70.15,70.15,Invest
arbitrum_2026-06-17,arbitrum,ARB,2026-06-17T00:00:00Z,0.08552587701207072,-0.8167682643472118,37187815.30435353,535034619.53426075,15,-26.545564764537367,-26.09487200651881,none,none,0.0,1,33.19,33.19,Skip
avalanche-2_2026-06-17,avalanche-2,AVAX,2026-06-17T00:00:00Z,6.87199128043523,0.5127821862169979,199307904.77399647,2967133152.3462186,10,-27.206567138036785,-25.241940526025918,none,none,0.0,1,82.03,82.03,Invest
bitcoin_2026-06-17,bitcoin,BTC,2026-06-17T00:00:00Z,65619.28080038042,-1.0155302136178213,25251031908.02844,1315255606491.9746,1,-15.384968853117542,-15.251793608399,none,none,0.0,1,100.0,100.0,Invest
dogecoin_2026-06-17,dogecoin,DOGE,2026-06-17T00:00:00Z,0.08709556123976687,-1.1307559506303577,715215665.9240307,13472736280.078033,5,-20.015634360014054,-20.015634360014054,bearish,none,-5.0,0,34.31,29.31,Skip
polkadot_2026-06-17,polkadot,DOT,2026-06-17T00:00:00Z,1.0124316701609157,0.27062460402544897,90890030.0369419,1709918569.7566943,12,-21.73669565163514,-18.984223104469212,none,none,0.0,0,33.77,33.77,Skip
ethereum_2026-06-17,ethereum,ETH,2026-06-17T00:00:00Z,1791.3886783051394,-0.19883374846987323,14895312465.041277,216192147348.88727,2,-15.981830160840826,-15.926817995421338,none,none,0.0,1,99.92,99.92,Invest
chainlink_2026-06-17,chainlink,LINK,2026-06-17T00:00:00Z,8.2695328960501,-0.29956187866244655,209418971.88586318,6012777124.151121,7,-15.09187239376767,-13.516529486918449,none,none,0.0,1,23.19,23.19,Skip
litecoin_2026-06-17,litecoin,LTC,2026-06-17T00:00:00Z,45.650263086920475,-0.19708348737424997,235991457.66067594,3528112343.0886545,8,-16.371040898575995,-16.371040898575995,none,none,0.0,1,49.11,49.11,Skip
near_2026-06-17,near,NEAR,2026-06-17T00:00:00Z,2.307692870691371,-3.462318948766119,477150817.3019479,2996283897.1458464,9,-18.128669837342713,53.089995850632654,neutral,none,0.0,1,9.96,9.96,Skip
pepe_2026-06-17,pepe,PEPE,2026-06-17T00:00:00Z,2.9463108759504267e-06,0.03724184307938305,150208593.84199548,1239483522.403585,13,-22.478877666181084,-19.802415084002657,bullish,none,5.0,1,36.25,41.25,Skip
solana_2026-06-17,solana,SOL,2026-06-17T00:00:00Z,73.4631155495267,-0.657142316046111,2333870477.2213845,42612895578.23611,4,-15.728079099091186,-13.758280278769552,neutral,none,0.0,1,94.21,94.21,Invest
uniswap_2026-06-17,uniswap,UNI,2026-06-17T00:00:00Z,3.2894261783359364,15.666724754196526,665813091.9308461,2045271651.5201387,11,-8.945161680260282,-5.195399149820423,neutral,none,0.0,1,16.15,16.15,Skip
ripple_2026-06-17,ripple,XRP,2026-06-17T00:00:00Z,1.2164421139531405,-1.7143597039600555,1799365537.549333,75484978493.23227,3,-13.161670442809747,-13.161670442809747,bullish,none,5.0,1,56.09,61.09,Invest
aave_2026-06-18,aave,AAVE,2026-06-18T00:00:00Z,73.82996560800957,-2.658742288799454,210350593.1146849,1099088877.2021763,14,-17.425572125770362,-17.425572125770362,neutral,none,0.0,1,84.49,84.49,Invest
cardano_2026-06-18,cardano,ADA,2026-06-18T00:00:00Z,0.16671947922860045,-3.216710342605633,537035991.0014477,6202967809.161704,6,-33.707364269756354,-33.707364269756354,bearish,none,-5.0,1,79.85,74.85,Invest
arbitrum_2026-06-18,arbitrum,ARB,2026-06-18T00:00:00Z,0.08556418819140058,0.044794839489870064,49239743.63501033,544431328.3496554,15,-26.51266096817546,-26.51266096817546,none,none,0.0,1,37.97,37.97,Skip
avalanche-2_2026-06-18,avalanche-2,AVAX,2026-06-18T00:00:00Z,6.758944265254976,-1.6450401429073835,231574431.6585902,2918322620.8966103,9,-28.40404833001641,-26.833860725577463,none,none,0.0,1,79.81,79.81,Invest
bitcoin_2026-06-18,bitcoin,BTC,2026-06-18T00:00:00Z,64444.545329668814,-1.7902291161728145,31384852552.080708,1291736519936.9531,1,-16.899771777367732,-16.26163854735838,none,none,0.0,1,100.0,100.0,Invest
dogecoin_2026-06-18,dogecoin,DOGE,2026-06-18T00:00:00Z,0.08585348135685288,-1.4261115781717737,593289684.2083282,13281820864.596188,5,-18.615171950696187,-17.983369585822917,bearish,none,-5.0,0,25.43,20.43,Skip
polkadot_2026-06-18,polkadot,DOT,2026-06-18T00:00:00Z,1.0028906907484714,-0.9423825521902018,114375884.48835537,1693970376.0325692,12,-22.474235376581642,-19.805732374280538,none,none,0.0,0,40.32,40.32,Skip
ethereum_2026-06-18,ethereum,ETH,2026-06-18T00:00:00Z,1748.7549735206103,-2.3799248762063963,14238667168.314316,211046873391.0524,2,-17.981399485376325,-17.856126693220475,none,none,0.0,1,99.94,99.94,Invest
chainlink_2026-06-18,chainlink,LINK,2026-06-18T00:00:00Z,8.084479104837147,-2.2377780406598657,226385438.07448345,5878224518.033048,7,-16.991927828075394,-15.789092203220434,none,none,0.0,1,30.8,30.8,Skip
litecoin_2026-06-18,litecoin,LTC,2026-06-18T00:00:00Z,44.87319417830693,-1.7022221912148972,205398294.3644198,3468056031.853607,8,-17.545028428312815,-17.410540660881257,neutral,none,0.0,1,51.68,51.68,Invest
near_2026-06-18,near,NEAR,2026-06-18T00:00:00Z,2.1792092834018457,-5.567620757567804,408873902.9235579,2829694448.3125825,10,-22.686955009975684,34.186632421399075,none,none,0.0,1,32.4,32.4,Skip
pepe_2026-06-18,pepe,PEPE,2026-06-18T00:00:00Z,2.945896272416473e-06,-0.014071954773609008,181029280.95366082,1239309102.842886,13,-22.48978640345589,-20.234284222689126,bullish,none,5.0,1,39.39,44.39,Skip
solana_2026-06-18,solana,SOL,2026-06-18T00:00:00Z,71.98435089991071,-2.0129348429540173,2718013844.532121,41754973369.46756,4,-17.42441795773223,-15.629323259942552,neutral,none,0.0,1,96.03,96.03,Invest
uniswap_2026-06-18,uniswap,UNI,2026-06-18T00:00:00Z,3.223939319779286,-1.9908292512519354,810155363.0045869,2004373244.6122046,11,-10.757908036209818,-8.962047478252089,neutral,none,0.0,1,23.93,23.93,Skip
ripple_2026-06-18,ripple,XRP,2026-06-18T00:00:00Z,1.1858247656054528,-2.516958924431578,1988226360.1335871,73585052590.4416,3,-14.634018962477146,-14.634018962477146,bullish,none,5.0,1,63.56,68.56,Invest
aave_2026-06-19,aave,AAVE,2026-06-19T00:00:00Z,74.80965037865609,1.3269473479752492,157800483.6923226,1113674799.704648,14,-15.006613735241704,-14.418721174442272,neutral,none,0.0,1,74.05,74.05,Invest
cardano_2026-06-19,cardano,ADA,2026-06-19T00:00:00Z,0.1635268954601685,-1.9149434626378525,354799785.99359393,6085248068.813986,6,-34.6522542722788,-34.07845628153788,bearish,none,-5.0,1,77.75,72.75,Invest
arbitrum_2026-06-19,arbitrum,ARB,2026-06-19T00:00:00Z,0.08520861600487986,-0.41556192378676693,45940830.18731097,542168879.0478677,15,-24.23073704121157,-24.23073704121157,none,none,0.0,1,27.2,27.2,Skip
avalanche-2_2026-06-19,avalanche-2,AVAX,2026-06-19T00:00:00Z,6.310631819488887,-6.63287679513328,231834778.0657141,2724753876.968034,10,-33.152919594589584,-30.633281446129534,none,none,0.0,1,93.15,93.15,Invest
bitcoin_2026-06-19,bitcoin,BTC,2026-06-19T00:00:00Z,62897.23855524796,-2.4009895119990965,30204028640.80352,1260755460004.2776,1,-18.89499954144045,-18.05852275297537,none,none,0.0,1,100.0,100.0,Invest
dogecoin_2026-06-19,dogecoin,DOGE,2026-06-19T00:00:00Z,0.0834570341741196,-2.7913220813636785,554869626.0450329,12912045560.169918,5,-20.88688462691627,-18.86773945044733,neutral,none,0.0,0,32.18,32.18,Skip
polkadot_2026-06-19,polkadot,DOT,2026-06-19T00:00:00Z,0.9732750978566183,-2.95302301288195,101245905.17131992,1643947040.9969244,12,-24.763589046823885,-20.472673136585374,bearish,none,-5.0,1,47.26,42.26,Skip
ethereum_2026-06-19,ethereum,ETH,2026-06-19T00:00:00Z,1710.079110757131,-2.2116227458450988,13166567999.261673,206379242687.9148,2,-19.795341510181565,-18.928319864117793,none,none,0.0,1,99.95,99.95,Invest
chainlink_2026-06-19,chainlink,LINK,2026-06-19T00:00:00Z,8.004935138286445,-0.983909606533695,227705946.2631439,5820388102.306502,7,-17.80865222437338,-15.198722593683723,none,none,0.0,1,33.27,33.27,Skip
litecoin_2026-06-19,litecoin,LTC,2026-06-19T00:00:00Z,43.798720637266605,-2.394466363974057,199691074.1117005,3385014596.687099,8,-19.519384988021237,-19.519384988021237,neutral,none,0.0,1,59.66,59.66,Invest
near_2026-06-19,near,NEAR,2026-06-19T00:00:00Z,2.235126993537953,2.5659632859500903,397668006.20039904,2902481671.7465067,9,-20.703130660281598,39.68562833579801,none,none,0.0,1,16.38,16.38,Skip
pepe_2026-06-19,pepe,PEPE,2026-06-19T00:00:00Z,2.8438842805354347e-06,-3.462850774353965,136289360.31548735,1196393677.978452,13,-25.173849435187236,-21.873798650742383,bullish,none,5.0,1,45.96,50.96,Invest
solana_2026-06-19,solana,SOL,2026-06-19T00:00:00Z,69.64875448394535,-3.2445891180054365,2477277075.7462106,40408399128.20716,4,-20.103656306805306,-17.272735487377577,neutral,none,0.0,1,97.24,97.24,Invest
uniswap_2026-06-19,uniswap,UNI,2026-06-19T00:00:00Z,3.2072023336818343,-0.5191470569798851,427910066.49089533,1993890627.0458996,11,-11.221205730227124,-6.975007487938123,neutral,none,0.0,1,17.53,17.53,Skip
ripple_2026-06-19,ripple,XRP,2026-06-19T00:00:00Z,1.1457015254597007,-3.3835724560252523,1902183485.330534,71095249019.23973,3,-16.333321645646414,-15.675929074995143,neutral,none,0.0,1,68.77,68.77,Invest
aave_2026-06-20,aave,AAVE,2026-06-20T00:00:00Z,73.56787618235208,-1.6599117761126436,134470398.44852096,1095190363.5692072,14,-16.41742896276733,-16.378803728102255,neutral,none,0.0,1,76.84,76.84,Invest
cardano_2026-06-20,cardano,ADA,2026-06-20T00:00:00Z,0.16199056402014655,-0.939497711186077,307901435.1236287,6028077302.487483,6,-35.26619484770245,-34.95418225588162,bearish,none,-5.0,1,78.09,73.09,Invest
arbitrum_2026-06-20,arbitrum,ARB,2026-06-20T00:00:00Z,0.08380650781605006,-1.6455004840701837,35314944.80694064,533247487.51865715,15,-24.9045375116973,-23.010064045292943,none,none,0.0,1,25.17,25.17,Skip
avalanche-2_2026-06-20,avalanche-2,AVAX,2026-06-20T00:00:00Z,5.892211568003821,-6.630401890867321,421699380.66138136,2544091744.388065,10,-37.58514967777952,-36.555967396177856,none,none,0.0,1,97.76,97.76,Invest
bitcoin_2026-06-20,bitcoin,BTC,2026-06-20T00:00:00Z,63489.81094752525,0.9421278356390506,23645282131.211132,1272662339486.1091,1,-18.130886756025177,-18.04635821737798,none,none,0.0,1,100.0,100.0,Invest
dogecoin_2026-06-20,dogecoin,DOGE,2026-06-20T00:00:00Z,0.08344021653549535,-0.020151253624889343,428822499.2335705,12910797855.835295,5,-20.90282691144565,-19.44230864418528,neutral,none,0.0,0,28.93,28.93,Skip
polkadot_2026-06-20,polkadot,DOT,2026-06-20T00:00:00Z,0.9597445929653795,-1.3902035427636128,90189235.5043765,1621441889.2259023,12,-25.80952829734313,-23.08928479175907,bearish,none,-5.0,1,50.8,45.8,Skip
ethereum_2026-06-20,ethereum,ETH,2026-06-20T00:00:00Z,1708.87855388619,-0.07020475622379063,8744393544.88749,206234250069.17407,2,-19.85164899515447,-19.675510723728408,none,none,0.0,1,99.94,99.94,Invest
chainlink_2026-06-20,chainlink,LINK,2026-06-20T00:00:00Z,7.9355479262250155,-0.8668054251877777,216172822.9285638,5936583168.91707,7,-18.521091285927472,-17.548281325845373,none,none,0.0,1,36.91,36.91,Skip
litecoin_2026-06-20,litecoin,LTC,2026-06-20T00:00:00Z,44.01646374843501,0.49714491199803756,189603778.61625823,3401843024.52492,8,-18.66884042522161,-18.363602151750534,neutral,none,0.0,1,54.84,54.84,Invest
near_2026-06-20,near,NEAR,2026-06-20T00:00:00Z,2.1863638686337263,-2.181671334345081,281625352.7986244,2839333366.802456,9,-22.433127727699308,28.52936514701694,none,none,0.0,1,20.67,20.67,Skip
pepe_2026-06-20,pepe,PEPE,2026-06-20T00:00:00Z,2.8279228349232995e-06,-0.5612551017416978,124203013.75898057,1189678857.423883,13,-25.593815022669165,-23.83440883803467,bullish,none,5.0,1,47.16,52.16,Invest
solana_2026-06-20,solana,SOL,2026-06-20T00:00:00Z,69.67510636134296,0.037835389294249566,1944665336.4723547,40423637128.5939,4,-20.07342721413711,-19.03765699128891,neutral,none,0.0,1,96.89,96.89,Invest
uniswap_2026-06-20,uniswap,UNI,2026-06-20T00:00:00Z,3.0815476144303395,-3.9178918626953108,239989768.41820478,1915722843.6559927,11,-14.699462886721559,-14.699462886721559,neutral,none,0.0,1,22.73,22.73,Skip
ripple_2026-06-20,ripple,XRP,2026-06-20T00:00:00Z,1.1352079033331168,-0.9159123814881376,1418755822.7524796,70444078830.82268,3,-17.09963511187379,-16.82937317265646,neutral,none,0.0,1,67.71,67.71,Invest
aave_2026-06-21,aave,AAVE,2026-06-21T00:00:00Z,75.99412445214746,3.2979724245151054,124000991.82861906,1131311909.6126907,14,-13.66089881825866,-13.66089881825866,neutral,none,0.0,1,66.18,66.18,Invest
cardano_2026-06-21,cardano,ADA,2026-06-21T00:00:00Z,0.16312643556518697,0.7011961171387471,268450887.34038097,6070345946.470647,6,-34.81228391949838,-34.81228391949838,bearish,none,-5.0,1,75.2,70.2,Invest
arbitrum_2026-06-21,arbitrum,ARB,2026-06-21T00:00:00Z,0.08452121686367682,0.8528085303297628,28590108.98588134,537795067.5799854,15,-24.264117001706463,-24.264117001706463,none,none,0.0,1,21.44,21.44,Skip
avalanche-2_2026-06-21,avalanche-2,AVAX,2026-06-21T00:00:00Z,6.236328543309797,5.840200599289691,372444065.69767255,2692671805.6902957,10,-33.939997215215435,-33.939997215215435,none,none,0.0,1,95.73,95.73,Invest
bitcoin_2026-06-21,bitcoin,BTC,2026-06-21T00:00:00Z,64253.39869532133,1.20269337142489,18855396681.673313,1287998314407.3254,1,-17.146252357795554,-17.146252357795554,none,none,0.0,1,100.0,100.0,Invest
dogecoin_2026-06-21,dogecoin,DOGE,2026-06-21T00:00:00Z,0.08363857899419722,0.2377300382693459,439195179.12106484,12942594729.761576,5,-20.71478917159225,-20.71478917159225,neutral,none,0.0,0,29.24,29.24,Skip
polkadot_2026-06-21,polkadot,DOT,2026-06-21T00:00:00Z,0.9693750266498574,1.003437138908203,82328887.40622711,1637860445.541292,12,-25.065073550747496,-24.809476973919253,bearish,none,-5.0,1,47.46,42.46,Skip
ethereum_2026-06-21,ethereum,ETH,2026-06-21T00:00:00Z,1739.2769352743533,1.7788497210075915,8660156114.59372,209902786728.71887,2,-18.425930276912585,-18.425930276912585,none,none,0.0,1,99.92,99.92,Invest
chainlink_2026-06-21,chainlink,LINK,2026-06-21T00:00:00Z,7.981914375220622,0.5842879335701268,160051302.95238364,5971269908.037731,7,-18.04501985390653,-18.04501985390653,none,none,0.0,1,31.15,31.15,Skip
litecoin_2026-06-21,litecoin,LTC,2026-06-21T00:00:00Z,44.512361868251894,1.1266196272628148,172655203.3091115,3440168855.727888,8,-17.75254761837173,-17.75254761837173,neutral,none,0.0,1,49.56,49.56,Skip
near_2026-06-21,near,NEAR,2026-06-21T00:00:00Z,2.191881287544513,0.2523559316882862,236312018.75191844,2846732131.3495307,9,-22.237383124495082,13.92550958018617,none,none,0.0,1,23.84,23.84,Skip
pepe_2026-06-21,pepe,PEPE,2026-06-21T00:00:00Z,2.8319188522902262e-06,0.14130574277269048,90607587.06730875,1191359941.9699752,13,-25.488674810318123,-25.488674810318123,bullish,none,5.0,1,42.57,47.57,Skip
solana_2026-06-21,solana,SOL,2026-06-21T00:00:00Z,73.18000530963474,5.0303460322184135,2276338717.7167253,42465706434.49679,4,-16.05284403131528,-16.05284403131528,neutral,none,0.0,1,94.65,94.65,Invest
uniswap_2026-06-21,uniswap,UNI,2026-06-21T00:00:00Z,3.0032254464385777,-2.5416504234753057,176078164.75208887,1866995827.18224,11,-16.632264095553097,-16.632264095553097,neutral,none,0.0,1,25.07,25.07,Skip
ripple_2026-06-21,ripple,XRP,2026-06-21T00:00:00Z,1.1491349570468194,1.2268284666457019,1019972928.7837105,71308306842.98557,3,-16.082589836473094,-16.082589836473094,neutral,none,0.0,1,58.71,58.71,Invest
aave_2026-06-22,aave,AAVE,2026-06-22T00:00:00Z,73.98030505594501,-2.6499672319674206,110731823.70441134,1101341153.5494857,14,-14.583542344102963,-13.975564624712366,neutral,none,0.0,1,67.12,67.12,Invest
cardano_2026-06-22,cardano,ADA,2026-06-22T00:00:00Z,0.15655095252191434,-4.03091198584119,257537445.0214352,5825655644.132337,6,-36.31873382391739,-35.40246051269052,bearish,none,-5.0,1,78.59,73.59,Invest
arbitrum_2026-06-22,arbitrum,ARB,2026-06-22T00:00:00Z,0.08182498476297162,-3.190006250210431,26346312.3178392,520639371.31086046,15,-24.55577560947707,-24.1033521974082,none,none,0.0,1,20.64,20.64,Skip
avalanche-2_2026-06-22,avalanche-2,AVAX,2026-06-22T00:00:00Z,6.107829838604557,-2.0604864514889965,174604305.1578635,2637189667.950983,10,-34.922970372436964,-33.21284439161272,none,none,0.0,1,93.87,93.87,Invest
bitcoin_2026-06-22,bitcoin,BTC,2026-06-22T00:00:00Z,63255.48525259375,-1.5530905181522225,16915246357.834028,1268020785738.6846,1,-18.124778703492005,-16.193904987245876,none,none,0.0,1,100.0,100.0,Invest
dogecoin_2026-06-22,dogecoin,DOGE,2026-06-22T00:00:00Z,0.08216402853795551,-1.7630027601784115,317097950.3271119,12715447585.995325,5,-20.188493148612473,-19.621731078014626,neutral,none,0.0,0,22.55,22.55,Skip
polkadot_2026-06-22,polkadot,DOT,2026-06-22T00:00:00Z,0.940765302913545,-2.951357622156525,62483662.444581576,1589643103.2500818,12,-27.276671214164892,-25.20145410451089,bearish,none,-5.0,1,51.52,46.52,Skip
ethereum_2026-06-22,ethereum,ETH,2026-06-22T00:00:00Z,1704.9130137257484,-1.9757590554826843,9501777100.678152,205755555330.1328,2,-19.443918103329295,-17.39921605817314,none,none,0.0,1,99.94,99.94,Invest
chainlink_2026-06-22,chainlink,LINK,2026-06-22T00:00:00Z,7.776101516327973,-2.5784899363438862,132018056.11890295,5817301314.387048,7,-18.587398777064436,-17.3745978537738,none,none,0.0,1,29.17,29.17,Skip
litecoin_2026-06-22,litecoin,LTC,2026-06-22T00:00:00Z,44.42898826254271,-0.18730438514126257,193362589.79306355,3433725268.6048455,8,-16.871112384838327,-15.596090505169524,neutral,none,0.0,1,46.34,46.34,Skip
near_2026-06-22,near,NEAR,2026-06-22T00:00:00Z,2.099677208717881,-4.206618275843077,257304394.73345375,2727148701.562994,9,-25.508559577753907,-0.0854348974213548,none,none,0.0,1,42.56,42.56,Skip
pepe_2026-06-22,pepe,PEPE,2026-06-22T00:00:00Z,2.7866164071624233e-06,-1.5997084482546553,89531406.37288761,1172301656.3291597,13,-23.497463426826403,-22.646156506328964,bullish,none,5.0,1,32.47,37.47,Skip
solana_2026-06-22,solana,SOL,2026-06-22T00:00:00Z,72.42261496688492,-1.0349689639201243,2052347755.8736546,42026125560.66186,4,-15.464054516011016,-14.10151654380929,neutral,none,0.0,1,93.35,93.35,Invest
uniswap_2026-06-22,uniswap,UNI,2026-06-22T00:00:00Z,2.9827574037586757,-0.681535337421113,162262386.70348677,1854247728.812585,11,-13.833819700102046,-12.242143752358158,neutral,none,0.0,1,14.95,14.95,Skip
ripple_2026-06-22,ripple,XRP,2026-06-22T00:00:00Z,1.1240573531728624,-2.1823027591471478,983637216.1864166,69752143695.24998,3,-17.00113548675517,-15.634860421000807,bullish,none,5.0,1,60.87,65.87,Invest
aave_2026-06-23,aave,AAVE,2026-06-23T00:00:00Z,74.94259165864939,1.3007334884286958,140397535.69999447,1115672178.7694762,14,-13.472501874743193,-13.472501874743193,neutral,none,0.0,1,66.61,66.61,Invest
cardano_2026-06-23,cardano,ADA,2026-06-23T00:00:00Z,0.15834044554790508,1.1430738664718332,327116127.16518825,5892247191.351055,6,-35.59080991242022,-35.59080991242022,bearish,none,-5.0,1,79.43,74.43,Invest
arbitrum_2026-06-23,arbitrum,ARB,2026-06-23T00:00:00Z,0.08310296881609552,1.5618506460171488,36242656.4015281,528770980.69509876,15,-23.377449503451064,-23.377449503451064,none,none,0.0,1,20.8,20.8,Skip
avalanche-2_2026-06-23,avalanche-2,AVAX,2026-06-23T00:00:00Z,6.229837400760385,1.997559941579885,205940543.65603563,2689869112.3414555,9,-33.623017697426704,-33.623017697426704,none,none,0.0,1,90.05,90.05,Invest
bitcoin_2026-06-23,bitcoin,BTC,2026-06-23T00:00:00Z,63937.28526422244,1.0778512075373392,27569840544.502632,1281722561349.0657,1,-17.24228564207373,-16.622794899651993,none,none,0.0,1,100.0,100.0,Invest
dogecoin_2026-06-23,dogecoin,DOGE,2026-06-23T00:00:00Z,0.0823543868160039,0.2316807992933878,456078751.8624634,12746168505.80231,5,-20.003585211611075,-20.003585211611075,neutral,none,0.0,0,26.58,26.58,Skip
polkadot_2026-06-23,polkadot,DOT,2026-06-23T00:00:00Z,0.9348137796512085,-0.6326257190719775,83112883.16374151,1579764003.5260718,12,-27.736737695829362,-27.736737695829362,bearish,none,-5.0,1,59.24,54.24,Invest
ethereum_2026-06-23,ethereum,ETH,2026-06-23T00:00:00Z,1725.1620208904676,1.1876856474025699,14844534842.973106,208199241296.49207,2,-18.487165080532677,-18.487165080532677,none,none,0.0,1,99.95,99.95,Invest
chainlink_2026-06-23,chainlink,LINK,2026-06-23T00:00:00Z,7.859446728523044,1.0718122959180176,212841013.9380379,5879651865.165249,7,-17.714808506730307,-17.714808506730307,none,none,0.0,1,33.23,33.23,Skip
litecoin_2026-06-23,litecoin,LTC,2026-06-23T00:00:00Z,44.49900187736994,0.15758543591744,193168475.11011368,3440137268.961063,8,-16.740113364916663,-16.740113364916663,neutral,none,0.0,1,46.48,46.48,Skip
near_2026-06-23,near,NEAR,2026-06-23T00:00:00Z,2.0667976430499198,-1.5659343032083717,264028733.7497407,2684609849.8974366,10,-26.675046596279884,-15.7128074841817,none,none,0.0,1,66.74,66.74,Invest
pepe_2026-06-23,pepe,PEPE,2026-06-23T00:00:00Z,2.8047570084868925e-06,0.6509902574980408,123557686.57562326,1179933225.9003508,13,-22.999439366996178,-22.999439366996178,bullish,none,5.0,1,35.64,40.64,Skip
solana_2026-06-23,solana,SOL,2026-06-23T00:00:00Z,71.84825365060954,-0.7930690110237171,2564318280.8954406,41701275965.356384,4,-16.134482902820434,-16.134482902820434,none,none,0.0,1,94.95,94.95,Invest
uniswap_2026-06-23,uniswap,UNI,2026-06-23T00:00:00Z,2.9791778166719625,-0.12000932701407008,177409381.0465397,1851974791.7469966,11,-13.937227153193676,-13.937227153193676,none,none,0.0,1,16.43,16.43,Skip
ripple_2026-06-23,ripple,XRP,2026-06-23T00:00:00Z,1.1278455886946306,0.33701443356739524,1484508576.7450202,69987218487.22565,3,-16.721417333648482,-16.721417333648482,bullish,none,5.0,1,66.66,71.66,Invest
aave_2026-06-24,aave,AAVE,2026-06-24T00:00:00Z,72.36172349709702,-3.4437935817696053,176128301.02713344,1077251806.1126378,14,-16.184103720615695,-15.407650027749586,neutral,none,0.0,1,78.32,78.32,Invest
cardano_2026-06-24,cardano,ADA,2026-06-24T00:00:00Z,0.15129247277819421,-4.451151280598442,417421679.5991022,5634421766.641724,7,-37.818510161819084,-37.518910728808784,bearish,none,-5.0,1,91.16,86.16,Invest
arbitrum_2026-06-24,arbitrum,ARB,2026-06-24T00:00:00Z,0.07903327517174817,-4.897169983606087,41357803.92520605,502876166.94647884,15,-26.496132701855434,-24.52118616013571,none,none,0.0,1,32.02,32.02,Skip
avalanche-2_2026-06-24,avalanche-2,AVAX,2026-06-24T00:00:00Z,6.480393707111181,4.021875535952413,288294161.09841275,2798052300.119857,9,-30.30951363464265,-29.585915253373997,none,none,0.0,1,86.21,86.21,Invest
bitcoin_2026-06-24,bitcoin,BTC,2026-06-24T00:00:00Z,62662.29201921944,-1.9941310297020842,30689271786.405464,1256197234338.4941,1,-18.892582903557354,-18.637376042017838,none,none,0.0,1,100.0,100.0,Invest
dogecoin_2026-06-24,dogecoin,DOGE,2026-06-24T00:00:00Z,0.0788037034615052,-4.3114683889659,657244519.5130875,12197670357.163393,5,-22.903002782310278,-22.903002782310278,neutral,none,0.0,1,43.3,43.3,Skip
polkadot_2026-06-24,polkadot,DOT,2026-06-24T00:00:00Z,0.9092353003997339,-2.7362111907484166,86973875.03948289,1536682783.132092,12,-27.874795023385822,-26.99630434895638,bearish,none,-5.0,1,59.12,54.12,Invest
ethereum_2026-06-24,ethereum,ETH,2026-06-24T00:00:00Z,1665.7162407218393,-3.445808535591599,11028765091.96417,201025025282.61243,2,-21.07828164799833,-20.591629483919714,bullish,none,5.0,1,99.96,100.0,Invest
chainlink_2026-06-24,chainlink,LINK,2026-06-24T00:00:00Z,7.625715857125374,-2.9738845426539706,233027267.18859917,5704797807.185233,6,-19.6667640022282,-19.09071451291822,none,none,0.0,1,31.43,31.43,Skip
litecoin_2026-06-24,litecoin,LTC,2026-06-24T00:00:00Z,42.1221765443134,-5.34130032760417,223867254.19321615,3256389205.7440124,8,-20.129928525127937,-20.129928525127937,neutral,none,0.0,1,62.57,62.57,Invest
near_2026-06-24,near,NEAR,2026-06-24T00:00:00Z,1.9798925738346256,-4.204817511164305,271822516.3102675,2571938790.9458666,10,-29.758227077052567,-17.298399493837636,none,none,0.0,1,77.04,77.04,Invest
pepe_2026-06-24,pepe,PEPE,2026-06-24T00:00:00Z,2.6931694262491134e-06,-3.9785115751605926,120380231.530111,1132989445.9287395,13,-25.029421158961217,-24.65603941302187,bullish,none,5.0,1,43.25,48.25,Skip
solana_2026-06-24,solana,SOL,2026-06-24T00:00:00Z,69.6086375465547,-3.1171475857240005,2237316369.5899425,40400963779.9402,4,-18.321802871408366,-18.321802871408366,bearish,none,-5.0,1,96.13,91.13,Invest
uniswap_2026-06-24,uniswap,UNI,2026-06-24T00:00:00Z,2.9210448151081363,-1.9513102319205111,186151284.11697572,1815778597.2467468,11,-13.749494231868331,-13.749494231868331,none,none,0.0,1,15.92,15.92,Skip
ripple_2026-06-24,ripple,XRP,2026-06-24T00:00:00Z,1.1090597219669764,-1.665641725778877,1455232730.4323268,68821482173.39038,3,-17.785065120575748,-17.785065120575748,bullish,none,5.0,1,70.27,75.27,Invest
aave_2026-06-25,aave,AAVE,2026-06-25T00:00:00Z,79.94157285992512,10.474943100453071,375665958.9421448,1190094700.542904,13,-7.404436276215421,-7.404436276215421,neutral,none,0.0,1,45.52,45.52,Skip
cardano_2026-06-25,cardano,ADA,2026-06-25T00:00:00Z,0.14861753516923645,-1.7680572997702315,603598045.6664456,5534801961.296772,7,-38.91791453200892,-38.91791453200892,neutral,none,0.0,1,94.11,94.11,Invest
arbitrum_2026-06-25,arbitrum,ARB,2026-06-25T00:00:00Z,0.07600208104610066,-3.8353391265392722,47597389.97569311,483589160.5575396,15,-29.315255283860687,-29.05992069279013,none,none,0.0,1,46.9,46.9,Skip
avalanche-2_2026-06-25,avalanche-2,AVAX,2026-06-25T00:00:00Z,6.452869838309249,-0.4247252566110027,264489902.95257127,2786168265.3080626,9,-30.605506731691367,-30.605506731691367,none,none,0.0,1,86.33,86.33,Invest
bitcoin_2026-06-25,bitcoin,BTC,2026-06-25T00:00:00Z,60989.57352152134,-2.6694179925385697,43171393360.53368,1222695488973.654,1,-21.057678888813093,-21.057678888813093,none,none,0.0,1,100.0,100.0,Invest
dogecoin_2026-06-25,dogecoin,DOGE,2026-06-25T00:00:00Z,0.07610947455670407,-3.4189115313815632,884586328.7677613,11781685498.56385,5,-25.408259239941778,-25.408259239941778,bullish,none,5.0,1,59.08,64.08,Invest
polkadot_2026-06-25,polkadot,DOT,2026-06-25T00:00:00Z,0.8865043738109598,-2.500004847895887,103586006.64226934,1498403319.110363,12,-29.677928644356022,-29.677928644356022,bearish,none,-5.0,1,69.32,64.32,Invest
ethereum_2026-06-25,ethereum,ETH,2026-06-25T00:00:00Z,1620.6434082953833,-2.705913007543448,14564492017.893734,195585379105.89435,2,-23.21383469066195,-23.21383469066195,bullish,none,5.0,1,99.98,100.0,Invest
chainlink_2026-06-25,chainlink,LINK,2026-06-25T00:00:00Z,7.415107503753354,-2.761817478095918,309145930.4698659,5547241704.256359,6,-21.885421354734703,-21.885421354734703,none,none,0.0,1,45.0,45.0,Skip
litecoin_2026-06-25,litecoin,LTC,2026-06-25T00:00:00Z,41.07414436964152,-2.4880769719231477,269389706.19341916,3175565918.546288,8,-22.017221037711877,-22.017221037711877,neutral,none,0.0,1,72.23,72.23,Invest
near_2026-06-25,near,NEAR,2026-06-25T00:00:00Z,1.961966502462085,-0.9054062634227478,262896505.77701956,2548809424.052526,10,-30.394200488636123,-28.913714957418858,none,none,0.0,1,82.4,82.4,Invest
pepe_2026-06-25,pepe,PEPE,2026-06-25T00:00:00Z,2.5287179453179785e-06,-6.106243421906554,184715705.3501168,1063806352.4158204,14,-29.60730719780741,-29.60730719780741,bullish,none,5.0,1,78.3,83.3,Invest
solana_2026-06-25,solana,SOL,2026-06-25T00:00:00Z,67.94878023470052,-2.3845565297037408,3263229987.707027,39445550402.63168,4,-20.038461704746446,-20.038461704746446,neutral,none,0.0,1,97.7,97.7,Invest
uniswap_2026-06-25,uniswap,UNI,2026-06-25T00:00:00Z,2.9187802479466516,-0.07752593009775488,187042425.1276921,1814359222.8797235,11,-12.26002144941063,-12.26002144941063,none,none,0.0,1,12.44,12.44,Skip
ripple_2026-06-25,ripple,XRP,2026-06-25T00:00:00Z,1.072805994012306,-3.268870669144175,2113909082.8017957,66571796928.55414,3,-20.35828241259895,-20.35828241259895,bullish,none,5.0,1,82.54,87.54,Invest
aave_2026-06-26,aave,AAVE,2026-06-26T00:00:00Z,82.33192443962999,2.9901232790269017,491592400.4142457,1225683374.2612846,13,-3.9848814935012133,-3.9848814935012133,neutral,none,0.0,1,35.13,35.13,Skip
cardano_2026-06-26,cardano,ADA,2026-06-26T00:00:00Z,0.1436515834758227,-3.3414305302256864,427712714.38318574,5349860398.774471,7,-40.11160229550108,-40.11160229550108,neutral,none,0.0,1,93.9,93.9,Invest
arbitrum_2026-06-26,arbitrum,ARB,2026-06-26T00:00:00Z,0.0731980077610746,-3.689469086149355,45730750.43117113,465747287.9748,15,-31.92314708878623,-31.92314708878623,none,none,0.0,1,57.79,57.79,Invest
avalanche-2_2026-06-26,avalanche-2,AVAX,2026-06-26T00:00:00Z,6.227892989993185,-3.4864618991758856,276957011.49339366,2689029570.2911673,9,-31.794567944078533,-31.794567944078533,none,none,0.0,1,88.51,88.51,Invest
bitcoin_2026-06-26,bitcoin,BTC,2026-06-26T00:00:00Z,59726.73653480851,-2.0705784838243146,41007492811.17548,1197409796612.7463,1,-21.257920702753232,-21.257920702753232,none,none,0.0,1,100.0,100.0,Invest
dogecoin_2026-06-26,dogecoin,DOGE,2026-06-26T00:00:00Z,0.07483421187572689,-1.6755636383050665,772071139.6334214,11585276393.78323,5,-25.8630896859677,-25.8630896859677,bullish,none,5.0,1,58.55,63.55,Invest
polkadot_2026-06-26,polkadot,DOT,2026-06-26T00:00:00Z,0.8428751530380085,-4.921489623947972,89044920.95178244,1424787555.295228,12,-32.53574641755793,-32.53574641755793,bearish,none,-5.0,1,76.77,71.77,Invest
ethereum_2026-06-26,ethereum,ETH,2026-06-26T00:00:00Z,1566.0081297519519,-3.3712091298910507,15715979048.939772,188991665755.70743,2,-24.433193127825636,-24.433193127825636,neutral,none,0.0,1,99.98,99.98,Invest
chainlink_2026-06-26,chainlink,LINK,2026-06-26T00:00:00Z,7.239585951322604,-2.3670803470065005,259950108.79145974,5415934036.073958,6,-22.791646805788,-22.791646805788,none,none,0.0,1,45.51,45.51,Skip
litecoin_2026-06-26,litecoin,LTC,2026-06-26T00:00:00Z,40.86994843524531,-0.49713983706775045,256563732.9438031,3159778915.312848,8,-21.99972349824809,-21.260166415276714,neutral,none,0.0,1,70.99,70.99,Invest
near_2026-06-26,near,NEAR,2026-06-26T00:00:00Z,1.8335718372468157,-6.544182332070703,317996569.7884909,2382157316.9517803,10,-34.94933092235535,-28.114496423138124,none,none,0.0,1,91.08,91.08,Invest
pepe_2026-06-26,pepe,PEPE,2026-06-26T00:00:00Z,2.35319785937609e-06,-6.941070128713678,197266236.81714314,989966807.4609272,14,-32.90799847060681,-32.90799847060681,neutral,none,0.0,1,86.76,86.76,Invest
solana_2026-06-26,solana,SOL,2026-06-26T00:00:00Z,67.63197484567073,-0.46624146590347193,3481478952.3798857,39261589126.28676,4,-19.165788955965425,-19.165788955965425,neutral,none,0.0,1,97.37,97.37,Invest
uniswap_2026-06-26,uniswap,UNI,2026-06-26T00:00:00Z,2.882906245326549,-1.2290751468987726,200831482.70148256,1791967131.5959928,11,-12.358384440627235,-11.326990716793105,none,none,0.0,1,12.68,12.68,Skip
ripple_2026-06-26,ripple,XRP,2026-06-26T00:00:00Z,1.0424278885912308,-2.8316494865451625,2204766060.374263,64882284606.32865,3,-22.194837296644078,-21.421034309649666,neutral,none,0.0,1,86.76,86.76,Invest
aave_2026-09-26,aave,AAVE,2026-09-26T00:00:00Z,154.85,1.88381,260233869.0,2389302678.0,12,0.0,20.9284,none,none,0.0,-999,17.76,17.76,Skip
cardano_2026-09-26,cardano,ADA,2026-09-26T00:00:00Z,0.252813,-1.30422,535663142.0,9488430425.0,7,0.0,18.0939,bullish,agree,5.0,-999,1.04,6.04,Skip
arbitrum_2026-09-26,arbitrum,ARB,2026-09-26T00:00:00Z,0.223492,-0.48313,250932559.0,1516280702.0,15,0.0,146.9818,none,none,0.0,-999,0.14,0.14,Skip
avalanche-2_2026-09-26,avalanche-2,AVAX,2026-09-26T00:00:00Z,10.76,1.97203,542517928.0,4765916504.0,11,0.0,42.5611,bullish,agree,5.0,-999,6.06,11.06,Skip
bitcoin_2026-09-26,bitcoin,BTC,2026-09-26T00:00:00Z,84317.0,0.49309,17806822095.0,1693810126587.0,1,0.0,5.0635,bearish,none,-5.0,-999,99.98,94.98,Invest
dogecoin_2026-09-26,dogecoin,DOGE,2026-09-26T00:00:00Z,0.096557,-2.07097,700216420.0,15070550924.0,5,0.0,8.7236,bullish,none,5.0,-999,0.99,5.99,Skip
polkadot_2026-09-26,polkadot,DOT,2026-09-26T00:00:00Z,1.24,2.73203,232498165.0,2109295115.0,13,0.0,39.9778,none,none,0.0,-999,1.29,1.29,Skip
ethereum_2026-09-26,ethereum,ETH,2026-09-26T00:00:00Z,2689.26,0.04624,5887823424.0,328296636338.0,2,0.0,7.1014,neutral,none,0.0,-999,98.2,98.2,Invest
chainlink_2026-09-26,chainlink,LINK,2026-09-26T00:00:00Z,14.09,1.87864,586332554.0,10536954545.0,6,0.0,18.1524,bearish,agree,-5.0,-999,3.56,0.0,Skip
litecoin_2026-09-26,litecoin,LTC,2026-09-26T00:00:00Z,72.12,-0.85156,581013982.0,5600241779.0,10,0.0,43.6994,neutral,agree,0.0,-999,13.5,13.5,Skip
near_2026-09-26,near,NEAR,2026-09-26T00:00:00Z,4.98,0.62525,885411231.0,6505857901.0,8,0.0,160.4768,bullish,none,5.0,-999,0.16,5.16,Skip
pepe_2026-09-26,pepe,PEPE,2026-09-26T00:00:00Z,4.36e-06,-2.67549,230854523.0,1834608657.0,14,0.0,11.4319,none,none,0.0,-999,1.96,1.96,Skip
solana_2026-09-26,solana,SOL,2026-09-26T00:00:00Z,121.5,-0.25186,2983480129.0,71405816662.0,4,0.0,11.2398,bullish,none,5.0,-999,65.06,70.06,Invest
uniswap_2026-09-26,uniswap,UNI,2026-09-26T00:00:00Z,9.72,2.03851,598954454.0,6030616528.0,9,0.0,112.293,none,none,0.0,-999,0.72,0.72,Skip
ripple_2026-09-26,ripple,XRP,2026-09-26T00:00:00Z,1.52,-2.63918,2695397474.0,95708030387.0,3,0.0,4.7985,neutral,none,0.0,-999,14.36,14.36,Skip
aave_2026-10-02,aave,AAVE,2026-10-02T00:00:00Z,183.06,10.41386,658973384.0,2824953427.0,12,0.0,43.9546,neutral,none,0.0,-999,24.32,24.32,Skip
cardano_2026-10-02,cardano,ADA,2026-10-02T00:00:00Z,0.252324,3.00223,596075440.0,9463643065.0,7,0.0,28.6993,bullish,agree,5.0,-999,0.87,5.87,Skip
arbitrum_2026-10-02,arbitrum,ARB,2026-10-02T00:00:00Z,0.201977,0.78126,196729884.0,1368215232.0,15,0.0,82.7395,none,none,0.0,-999,0.45,0.45,Skip
avalanche-2_2026-10-02,avalanche-2,AVAX,2026-10-02T00:00:00Z,11.08,1.39618,490320477.0,4906107673.0,11,0.0,54.5792,bullish,agree,5.0,-999,4.63,9.63,Skip
bitcoin_2026-10-02,bitcoin,BTC,2026-10-02T00:00:00Z,85547.0,1.74478,42258611581.0,1717829689042.0,1,0.0,11.1902,neutral,none,0.0,-999,99.99,99.99,Invest
dogecoin_2026-10-02,dogecoin,DOGE,2026-10-02T00:00:00Z,0.095261,1.07299,943123083.0,14863098051.0,5,0.0,16.9758,bullish,none,5.0,-999,0.99,5.99,Skip
polkadot_2026-10-02,polkadot,DOT,2026-10-02T00:00:00Z,1.21,2.67619,169788637.0,2056399815.0,13,0.0,42.0704,none,none,0.0,-999,0.97,0.97,Skip
ethereum_2026-10-02,ethereum,ETH,2026-10-02T00:00:00Z,2704.6,0.60572,17234421010.0,330035799236.0,2,0.0,12.9004,neutral,agree,0.0,-999,98.99,98.99,Invest
chainlink_2026-10-02,chainlink,LINK,2026-10-02T00:00:00Z,14.21,-0.94519,545822877.0,10620097863.0,6,0.0,27.8267,bullish,agree,5.0,-999,2.8,7.8,Skip
litecoin_2026-10-02,litecoin,LTC,2026-10-02T00:00:00Z,70.11,4.34085,429085719.0,5443245727.0,10,0.0,41.7613,bullish,agree,5.0,-999,11.26,16.26,Skip
near_2026-10-02,near,NEAR,2026-10-02T00:00:00Z,4.83,-1.34457,1099918029.0,6299983494.0,8,0.0,161.7743,bullish,none,5.0,-999,0.16,5.16,Skip
pepe_2026-10-02,pepe,PEPE,2026-10-02T00:00:00Z,4.42e-06,1.12294,421624626.0,1857052247.0,14,0.0,28.7735,none,none,0.0,-999,2.0,2.0,Skip
solana_2026-10-02,solana,SOL,2026-10-02T00:00:00Z,120.1,2.28513,4524078789.0,70581088078.0,4,0.0,21.7452,bullish,agree,5.0,-999,65.41,70.41,Invest
uniswap_2026-10-02,uniswap,UNI,2026-10-02T00:00:00Z,8.98,-0.88946,596378220.0,5610434357.0,9,0.0,52.644,none,none,0.0,-999,2.37,2.37,Skip
ripple_2026-10-02,ripple,XRP,2026-10-02T00:00:00Z,1.51,1.69845,3092895110.0,95261680853.0,3,0.0,12.9398,neutral,disagree,0.0,-999,13.16,13.16,Skip
