snapshot_id,coingecko_id,token_symbol,decision_ts,price_usd_t,volume_24h_usd,market_cap_usd,market_cap_rank,category,primary_exchange,hist_prices_30d,ath_change_percentage,price_change_percentage_30d,research_notes,news_score,price_usd_t90,return_90d,positive_90d_return
bitcoin_2025-10-20,bitcoin,BTC,2025-10-20T00:00:00Z,108655.50525004532,45408363377.72644,2165876768810.395,1,Smart Contract Platform,btcc,"[115656.94582206, 115722.89635081, 115255.84820116, 112692.49699542, 112002.46136593, 113317.16268949, 109233.05041612, 109660.37389675, 109675.14319508, 112179.39882977, 114327.17133805, 114087.51383151, 118930.95511416, 120514.57785587, 122294.92441743, 122428.89063351, 123488.73059701, 124739.81088811, 121463.11808164, 123342.9846975, 121718.66757742, 113043.67586322, 110655.26975977, 115060.88417839, 115226.58429002, 113066.3507845, 110844.40417181, 108168.17353437, 106483.89143638, 107210.09610996]",-12.89428412914292,-6.053627408409201,NULL,-999,94802.88170431636,-0.12749122572160865,0
bitcoin_2025-10-27,bitcoin,BTC,2025-10-27T00:00:00Z,114419.22169689646,42750060282.16964,2282298627073.1055,1,Smart Contract Platform,btcc,"[109660.37389675, 109675.14319508, 112179.39882977, 114327.17133805, 114087.51383151, 118930.95511416, 120514.57785587, 122294.92441743, 122428.89063351, 123488.73059701, 124739.81088811, 121463.11808164, 123342.9846975, 121718.66757742, 113043.67586322, 110655.26975977, 115060.88417839, 115226.58429002, 113066.3507845, 110844.40417181, 108168.17353437, 106483.89143638, 107210.09610996, 108655.50525005, 110535.86301374, 108301.75462476, 107591.4605094, 110109.30522516, 111030.18337865, 111631.63726548]",-8.273693151960071,4.339623905192158,NULL,-999,89149.95970929884,-0.22084804994162122,0
bitcoin_2025-11-03,bitcoin,BTC,2025-11-03T00:00:00Z,110499.52238345638,36196258871.740746,2206951286346.512,1,Smart Contract Platform,btcc,"[122294.92441743, 122428.89063351, 123488.73059701, 124739.81088811, 121463.11808164, 123342.9846975, 121718.66757742, 113043.67586322, 110655.26975977, 115060.88417839, 115226.58429002, 113066.3507845, 110844.40417181, 108168.17353437, 106483.89143638, 107210.09610996, 108655.50525005, 110535.86301374, 108301.75462476, 107591.4605094, 110109.30522516, 111030.18337865, 111631.63726548, 114419.2216969, 114085.33123757, 112893.85203625, 110026.0876202, 108409.37992493, 109566.60661881, 110066.94174052]",-11.415993341076014,-9.645046260228174,NULL,-999,78647.02739790398,-0.28825911912105473,0
bitcoin_2025-11-10,bitcoin,BTC,2025-11-10T00:00:00Z,104610.22853607994,60194546960.33833,2088246864454.0945,1,Smart Contract Platform,btcc,"[113043.67586322, 110655.26975977, 115060.88417839, 115226.58429002, 113066.3507845, 110844.40417181, 108168.17353437, 106483.89143638, 107210.09610996, 108655.50525005, 110535.86301374, 108301.75462476, 107591.4605094, 110109.30522516, 111030.18337865, 111631.63726548, 114419.2216969, 114085.33123757, 112893.85203625, 110026.0876202, 108409.37992493, 109566.60661881, 110066.94174052, 110499.52238346, 106451.70653263, 101480.7665961, 103878.9335997, 101261.64551046, 103191.75606683, 102286.82524827]",-9.213460434810495,-7.460344210094593,NULL,-999,69245.78200906444,-0.33805916516871337,0
bitcoin_2025-11-17,bitcoin,BTC,2025-11-17T00:00:00Z,94188.27668924726,72739120446.02757,1879821625636.488,1,Smart Contract Platform,btcc,"[106483.89143638, 107210.09610996, 108655.50525005, 110535.86301374, 108301.75462476, 107591.4605094, 110109.30522516, 111030.18337865, 111631.63726548, 114419.2216969, 114085.33123757, 112893.85203625, 110026.0876202, 108409.37992493, 109566.60661881, 110066.94174052, 110499.52238346, 106451.70653263, 101480.7665961, 103878.9335997, 101261.64551046, 103191.75606683, 102286.82524827, 104610.22853608, 105951.49599988, 103112.21006199, 101633.69431606, 99480.30709081, 94772.61435799, 95380.13316661]",-17.68142162445592,-11.546924686233007,NULL,-999,69799.5509626349,-0.25893589503795045,0
bitcoin_2025-11-24,bitcoin,BTC,2025-11-24T00:00:00Z,86740.11773876166,60729919440.15148,1731240703090.288,1,Smart Contract Platform,btcc,"[111030.18337865, 111631.63726548, 114419.2216969, 114085.33123757, 112893.85203625, 110026.0876202, 108409.37992493, 109566.60661881, 110066.94174052, 110499.52238346, 106451.70653263, 101480.7665961, 103878.9335997, 101261.64551046, 103191.75606683, 102286.82524827, 104610.22853608, 105951.49599988, 103112.21006199, 101633.69431606, 99480.30709081, 94772.61435799, 95380.13316661, 94188.27668925, 92100.36452361, 92903.18008511, 91408.3573344, 86618.47155915, 85087.95256265, 84675.50764856]",-24.190956333769197,-21.876993174954194,NULL,-999,68026.03124326779,-0.21574891737933488,0
bitcoin_2025-12-01,bitcoin,BTC,2025-12-01T00:00:00Z,90359.86873169734,41014032387.06181,1804580223118.8345,1,Smart Contract Platform,btcc,"[109566.60661881, 110066.94174052, 110499.52238346, 106451.70653263, 101480.7665961, 103878.9335997, 101261.64551046, 103191.75606683, 102286.82524827, 104610.22853608, 105951.49599988, 103112.21006199, 101633.69431606, 99480.30709081, 94772.61435799, 95380.13316661, 94188.27668925, 92100.36452361, 92903.18008511, 91408.3573344, 86618.47155915, 85087.95256265, 84675.50764856, 86740.11773876, 88256.04395604, 87317.00455057, 90515.94357835, 91323.6282762, 90904.86767345, 90832.18685385]",-18.226009685245735,-17.52973691512806,NULL,-999,67017.07604771722,-0.25833141428404605,0
bitcoin_2025-12-08,bitcoin,BTC,2025-12-08T00:00:00Z,90398.44875659447,34924915303.026115,1802958541728.722,1,Smart Contract Platform,btcc,"[103191.75606683, 102286.82524827, 104610.22853608, 105951.49599988, 103112.21006199, 101633.69431606, 99480.30709081, 94772.61435799, 95380.13316661, 94188.27668925, 92100.36452361, 92903.18008511, 91408.3573344, 86618.47155915, 85087.95256265, 84675.50764856, 86740.11773876, 88256.04395604, 87317.00455057, 90515.94357835, 91323.6282762, 90904.86767345, 90832.18685385, 90359.8687317, 86303.89766361, 91320.07942506, 93428.59451478, 92119.19047832, 89264.22915486, 89227.45274823]",-14.679403151893267,-12.397605969562775,NULL,-999,67339.67440056572,-0.25507931466961853,0
bitcoin_2025-12-15,bitcoin,BTC,2025-12-15T00:00:00Z,88184.41093067056,34281959962.42461,1760354230589.3552,1,Smart Contract Platform,btcc,"[94772.61435799, 95380.13316661, 94188.27668925, 92100.36452361, 92903.18008511, 91408.3573344, 86618.47155915, 85087.95256265, 84675.50764856, 86740.11773876, 88256.04395604, 87317.00455057, 90515.94357835, 91323.6282762, 90904.86767345, 90832.18685385, 90359.8687317, 86303.89766361, 91320.07942506, 93428.59451478, 92119.19047832, 89264.22915486, 89227.45274823, 90398.44875659, 90626.03734312, 92686.10402025, 91986.58107214, 92525.86800263, 90260.54242242, 90253.11813342]",-7.544256856268994,-6.951589836318107,NULL,-999,71149.2823885419,-0.19317619023980848,0
bitcoin_2025-12-22,bitcoin,BTC,2025-12-22T00:00:00Z,88672.32967904503,22542141406.091,1769182018548.0688,1,Smart Contract Platform,btcc,"[85087.95256265, 84675.50764856, 86740.11773876, 88256.04395604, 87317.00455057, 90515.94357835, 91323.6282762, 90904.86767345, 90832.18685385, 90359.8687317, 86303.89766361, 91320.07942506, 93428.59451478, 92119.19047832, 89264.22915486, 89227.45274823, 90398.44875659, 90626.03734312, 92686.10402025, 91986.58107214, 92525.86800263, 90260.54242242, 90253.11813342, 88184.41093067, 86413.22138098, 87719.68139799, 86196.82137335, 85450.17964791, 88091.69571217, 88348.27802016]",-5.090802083067725,4.21255537175278,NULL,-999,68424.07687771624,-0.22834916906568914,0
bitcoin_2025-12-29,bitcoin,BTC,2025-12-29T00:00:00Z,87867.03943448896,17379845114.74183,1753776420254.8835,1,Smart Contract Platform,btcc,"[90904.86767345, 90832.18685385, 90359.8687317, 86303.89766361, 91320.07942506, 93428.59451478, 92119.19047832, 89264.22915486, 89227.45274823, 90398.44875659, 90626.03734312, 92686.10402025, 91986.58107214, 92525.86800263, 90260.54242242, 90253.11813342, 88184.41093067, 86413.22138098, 87719.68139799, 86196.82137335, 85450.17964791, 88091.69571217, 88348.27802016, 88672.32967905, 88489.7240415, 87496.14669239, 87589.01664997, 87192.2347367, 87303.04428037, 87852.9865523]",-5.952733324502201,-3.3417663065860803,NULL,-999,66388.84446013413,-0.2444397252096826,0
bitcoin_2026-01-05,bitcoin,BTC,2026-01-05T00:00:00Z,91879.5772256957,26083966420.127327,1834987309777.0288,1,Smart Contract Platform,btcc,"[89264.22915486, 89227.45274823, 90398.44875659, 90626.03734312, 92686.10402025, 91986.58107214, 92525.86800263, 90260.54242242, 90253.11813342, 88184.41093067, 86413.22138098, 87719.68139799, 86196.82137335, 85450.17964791, 88091.69571217, 88348.27802016, 88672.32967905, 88489.7240415, 87496.14669239, 87589.01664997, 87192.2347367, 87303.04428037, 87852.9865523, 87867.03943449, 87154.68240605, 88363.72223634, 87575.04615968, 88764.12624075, 89978.91920362, 90614.40684382]",-0.8701701329264844,2.9298948700963168,NULL,-999,67077.1500532805,-0.2699449422964778,0
bitcoin_2026-01-12,bitcoin,BTC,2026-01-12T00:00:00Z,90856.55910152226,18738794931.937737,1814830239671.1992,1,Smart Contract Platform,btcc,"[90260.54242242, 90253.11813342, 88184.41093067, 86413.22138098, 87719.68139799, 86196.82137335, 85450.17964791, 88091.69571217, 88348.27802016, 88672.32967905, 88489.7240415, 87496.14669239, 87589.01664997, 87192.2347367, 87303.04428037, 87852.9865523, 87867.03943449, 87154.68240605, 88363.72223634, 87575.04615968, 88764.12624075, 89978.91920362, 90614.40684382, 91879.5772257, 93879.94797345, 93649.63197641, 91286.03314398, 91027.66616984, 90551.71363174, 90420.29795171]",-3.2204841791991234,0.6603291572403247,NULL,-999,73021.85968305328,-0.1962951227169043,0
bitcoin_2026-01-19,bitcoin,BTC,2026-01-19T00:00:00Z,93344.2194849136,21298841865.41941,1864801600128.905,1,Smart Contract Platform,btcc,"[88091.69571217, 88348.27802016, 88672.32967905, 88489.7240415, 87496.14669239, 87589.01664997, 87192.2347367, 87303.04428037, 87852.9865523, 87867.03943449, 87154.68240605, 88363.72223634, 87575.04615968, 88764.12624075, 89978.91920362, 90614.40684382, 91879.5772257, 93879.94797345, 93649.63197641, 91286.03314398, 91027.66616984, 90551.71363174, 90420.29795171, 90856.55910152, 91200.62761512, 95429.15732243, 96898.76071082, 95593.30783681, 95523.18619825, 94802.88170432]",-3.6683041143467543,5.962564042252327,NULL,-999,75716.15083727139,-0.18885013710454002,0
bitcoin_2026-01-26,bitcoin,BTC,2026-01-26T00:00:00Z,86625.33128140382,36938952712.340645,1730823322190.6162,1,Smart Contract Platform,btcc,"[87303.04428037, 87852.9865523, 87867.03943449, 87154.68240605, 88363.72223634, 87575.04615968, 88764.12624075, 89978.91920362, 90614.40684382, 91879.5772257, 93879.94797345, 93649.63197641, 91286.03314398, 91027.66616984, 90551.71363174, 90420.29795171, 90856.55910152, 91200.62761512, 95429.15732243, 96898.76071082, 95593.30783681, 95523.18619825, 94802.88170432, 93344.21948491, 92566.01277952, 88416.88686187, 89453.9047372, 89483.65163015, 89524.84864062, 89149.9597093]",-10.60222995015938,-0.7762764798747601,NULL,-999,77634.51592192693,-0.1037896793753098,0
bitcoin_2026-02-02,bitcoin,BTC,2026-02-02T00:00:00Z,76895.58665593083,48233643712.95648,1536578056063.6562,1,Smart Contract Platform,btcc,"[89978.91920362, 90614.40684382, 91879.5772257, 93879.94797345, 93649.63197641, 91286.03314398, 91027.66616984, 90551.71363174, 90420.29795171, 90856.55910152, 91200.62761512, 95429.15732243, 96898.76071082, 95593.30783681, 95523.18619825, 94802.88170432, 93344.21948491, 92566.01277952, 88416.88686187, 89453.9047372, 89483.65163015, 89524.84864062, 89149.9597093, 86625.3312814, 88249.90141827, 89141.65035979, 89212.20824183, 84630.42066738, 84091.63017683, 78647.0273979]",-20.643374495351253,-14.540441987393283,NULL,-999,78677.4246327222,0.023172174818877567,1
bitcoin_2026-02-09,bitcoin,BTC,2026-02-09T00:00:00Z,70398.0850329669,40089087531.667786,1407004286702.8896,1,Smart Contract Platform,btcc,"[90551.71363174, 90420.29795171, 90856.55910152, 91200.62761512, 95429.15732243, 96898.76071082, 95593.30783681, 95523.18619825, 94802.88170432, 93344.21948491, 92566.01277952, 88416.88686187, 89453.9047372, 89483.65163015, 89524.84864062, 89149.9597093, 86625.3312814, 88249.90141827, 89141.65035979, 89212.20824183, 84630.42066738, 84091.63017683, 78647.0273979, 76895.58665593, 78670.58922753, 75628.04173331, 73059.17986714, 62778.21756635, 70272.52223141, 69245.78200906]",-27.348828285781856,-22.25648504095341,NULL,-999,80677.64981723971,0.14602051716973508,1
bitcoin_2026-02-16,bitcoin,BTC,2026-02-16T00:00:00Z,68778.84298479716,40162771612.068054,1374891409746.7566,1,Smart Contract Platform,btcc,"[95523.18619825, 94802.88170432, 93344.21948491, 92566.01277952, 88416.88686187, 89453.9047372, 89483.65163015, 89524.84864062, 89149.9597093, 86625.3312814, 88249.90141827, 89141.65035979, 89212.20824183, 84630.42066738, 84091.63017683, 78647.0273979, 76895.58665593, 78670.58922753, 75628.04173331, 73059.17986714, 62778.21756635, 70272.52223141, 69245.78200906, 70398.08503297, 70175.14749174, 68841.87237645, 67090.57933965, 66258.52954947, 68837.5811243, 69799.55096263]",-27.997750366016604,-27.997750366016604,NULL,-999,78132.7535126921,0.13599982381155384,1
bitcoin_2026-02-23,bitcoin,BTC,2026-02-23T00:00:00Z,65192.18870120006,21560319889.519894,1303412071350.4219,1,Smart Contract Platform,btcc,"[89524.84864062, 89149.9597093, 86625.3312814, 88249.90141827, 89141.65035979, 89212.20824183, 84630.42066738, 84091.63017683, 78647.0273979, 76895.58665593, 78670.58922753, 75628.04173331, 73059.17986714, 62778.21756635, 70272.52223141, 69245.78200906, 70398.08503297, 70175.14749174, 68841.87237645, 67090.57933965, 66258.52954947, 68837.5811243, 69799.55096263, 68778.8429848, 68859.77618747, 67559.29573332, 66426.61953459, 66976.02936411, 68002.94011063, 68026.03124327]",-27.179783388519052,-27.179783388519052,NULL,-999,76684.37097078416,0.1762815837071683,1
bitcoin_2026-03-02,bitcoin,BTC,2026-03-02T00:00:00Z,65824.42166938317,38811585997.47521,1316266670911.0593,1,Smart Contract Platform,btcc,"[84091.63017683, 78647.0273979, 76895.58665593, 78670.58922753, 75628.04173331, 73059.17986714, 62778.21756635, 70272.52223141, 69245.78200906, 70398.08503297, 70175.14749174, 68841.87237645, 67090.57933965, 66258.52954947, 68837.5811243, 69799.55096263, 68778.8429848, 68859.77618747, 67559.29573332, 66426.61953459, 66976.02936411, 68002.94011063, 68026.03124327, 65192.1887012, 64737.90196985, 64073.54894567, 67850.10521283, 67496.8416395, 65891.22197699, 67017.07604772]",-21.72298059751413,-21.72298059751413,NULL,-999,73820.30385315015,0.12147288165975789,1
bitcoin_2026-03-09,bitcoin,BTC,2026-03-09T00:00:00Z,66042.7510790264,30233312686.233253,1320834944584.2002,1,Smart Contract Platform,btcc,"[70272.52223141, 69245.78200906, 70398.08503297, 70175.14749174, 68841.87237645, 67090.57933965, 66258.52954947, 68837.5811243, 69799.55096263, 68778.8429848, 68859.77618747, 67559.29573332, 66426.61953459, 66976.02936411, 68002.94011063, 68026.03124327, 65192.1887012, 64737.90196985, 64073.54894567, 67850.10521283, 67496.8416395, 65891.22197699, 67017.07604772, 65824.42166938, 68815.93633884, 68287.46303403, 72752.30156666, 70868.21819644, 68142.88312388, 67339.67440057]",-9.222458043457104,-6.019096822017589,NULL,-999,60855.25426528331,-0.07854755789224721,0
bitcoin_2026-03-16,bitcoin,BTC,2026-03-16T00:00:00Z,72934.2940718683,24398877932.69607,1458870696938.544,1,Smart Contract Platform,btcc,"[68837.5811243, 69799.55096263, 68778.8429848, 68859.77618747, 67559.29573332, 66426.61953459, 66976.02936411, 68002.94011063, 68026.03124327, 65192.1887012, 64737.90196985, 64073.54894567, 67850.10521283, 67496.8416395, 65891.22197699, 67017.07604772, 65824.42166938, 68815.93633884, 68287.46303403, 72752.30156666, 70868.21819644, 68142.88312388, 67339.67440057, 66042.75107903, 68430.60926017, 69849.20353051, 70028.95987601, 70417.19388568, 70838.93230193, 71149.28238854]",0.25015360516178475,5.951273825519987,NULL,-999,64408.80975375945,-0.11689266930736264,0
bitcoin_2026-03-23,bitcoin,BTC,2026-03-23T00:00:00Z,67933.42948137881,25352216480.721107,1358875311053.488,1,Smart Contract Platform,btcc,"[68002.94011063, 68026.03124327, 65192.1887012, 64737.90196985, 64073.54894567, 67850.10521283, 67496.8416395, 65891.22197699, 67017.07604772, 65824.42166938, 68815.93633884, 68287.46303403, 72752.30156666, 70868.21819644, 68142.88312388, 67339.67440057, 66042.75107903, 68430.60926017, 69849.20353051, 70028.95987601, 70417.19388568, 70838.93230193, 71149.28238854, 72934.29407187, 74679.3709081, 74004.69080881, 71220.0473026, 69936.19932094, 70526.28915958, 68424.07687772]",-9.033206017526341,-0.10221709404579782,NULL,-999,64253.39869532133,-0.05417113215322378,0
bitcoin_2026-03-30,bitcoin,BTC,2026-03-30T00:00:00Z,65947.03192607871,22702400222.698208,1319528951993.3867,1,Smart Contract Platform,btcc,"[65891.22197699, 67017.07604772, 65824.42166938, 68815.93633884, 68287.46303403, 72752.30156666, 70868.21819644, 68142.88312388, 67339.67440057, 66042.75107903, 68430.60926017, 69849.20353051, 70028.95987601, 70417.19388568, 70838.93230193, 71149.28238854, 72934.29407187, 74679.3709081, 74004.69080881, 71220.0473026, 69936.19932094, 70526.28915958, 68424.07687772, 67933.42948138, 70987.25185406, 70528.86345596, 71303.58545062, 68727.21229012, 66329.88185741, 66388.84446013]",-11.693107314424722,0.08470012759993484,NULL,-999,59953.443344011124,-0.0908848875683429,0
bitcoin_2026-04-06,bitcoin,BTC,2026-04-06T00:00:00Z,69002.03847938096,23859752469.910007,1383887150218.5754,1,Smart Contract Platform,btcc,"[68142.88312388, 67339.67440057, 66042.75107903, 68430.60926017, 69849.20353051, 70028.95987601, 70417.19388568, 70838.93230193, 71149.28238854, 72934.29407187, 74679.3709081, 74004.69080881, 71220.0473026, 69936.19932094, 70526.28915958, 68424.07687772, 67933.42948138, 70987.25185406, 70528.86345596, 71303.58545062, 68727.21229012, 66329.88185741, 66388.84446013, 65947.03192608, 66691.27147787, 68107.47456405, 67959.87524726, 66887.51063938, 66822.55230312, 67077.15005328]",-7.602276719370926,1.2608145063971676,NULL,-999,63088.406753852214,-0.08570227569864985,0
bitcoin_2026-04-13,bitcoin,BTC,2026-04-13T00:00:00Z,70660.63961180339,25034828600.5945,1414271995223.8486,1,Smart Contract Platform,btcc,"[70838.93230193, 71149.28238854, 72934.29407187, 74679.3709081, 74004.69080881, 71220.0473026, 69936.19932094, 70526.28915958, 68424.07687772, 67933.42948138, 70987.25185406, 70528.86345596, 71303.58545062, 68727.21229012, 66329.88185741, 66388.84446013, 65947.03192608, 66691.27147787, 68107.47456405, 67959.87524726, 66887.51063938, 66822.55230312, 67077.15005328, 69002.03847938, 68672.24657456, 71661.76372428, 70644.79416157, 71367.80291659, 72920.25491187, 73021.85968305]",-5.381313805176746,-0.2516874327946783,NULL,-999,63791.35305345348,-0.09721517659744539,0
bitcoin_2026-04-20,bitcoin,BTC,2026-04-20T00:00:00Z,73841.02173808741,57237273536.28347,1478167516521.3162,1,Smart Contract Platform,btcc,"[70526.28915958, 68424.07687772, 67933.42948138, 70987.25185406, 70528.86345596, 71303.58545062, 68727.21229012, 66329.88185741, 66388.84446013, 65947.03192608, 66691.27147787, 68107.47456405, 67959.87524726, 66887.51063938, 66822.55230312, 67077.15005328, 69002.03847938, 68672.24657456, 71661.76372428, 70644.79416157, 71367.80291659, 72920.25491187, 73021.85968305, 70660.6396118, 74481.6414286, 74297.347595, 74826.31308826, 75111.95674548, 77125.73357198, 75716.15083727]",-4.258905143289304,4.699995729264139,NULL,-999,64795.70382303786,-0.12249719332342268,0
bitcoin_2026-04-27,bitcoin,BTC,2026-04-27T00:00:00Z,78637.74356150378,20900479735.89463,1574424193250.3992,1,Smart Contract Platform,btcc,"[66329.88185741, 66388.84446013, 65947.03192608, 66691.27147787, 68107.47456405, 67959.87524726, 66887.51063938, 66822.55230312, 67077.15005328, 69002.03847938, 68672.24657456, 71661.76372428, 70644.79416157, 71367.80291659, 72920.25491187, 73021.85968305, 70660.6396118, 74481.6414286, 74297.347595, 74826.31308826, 75111.95674548, 77125.73357198, 75716.15083727, 73841.02173809, 75858.03546791, 76326.19170243, 78238.81675009, 78275.32582746, 77447.61757992, 77634.51592193]",0.46300380127828333,18.555530870008564,NULL,-999,64318.24520120312,-0.1820944715828623,0
bitcoin_2026-05-04,bitcoin,BTC,2026-05-04T00:00:00Z,78512.09246456268,21039106932.465828,1572088532218.1125,1,Smart Contract Platform,btcc,"[66822.55230312, 67077.15005328, 69002.03847938, 68672.24657456, 71661.76372428, 70644.79416157, 71367.80291659, 72920.25491187, 73021.85968305, 70660.6396118, 74481.6414286, 74297.347595, 74826.31308826, 75111.95674548, 77125.73357198, 75716.15083727, 73841.02173809, 75858.03546791, 76326.19170243, 78238.81675009, 78275.32582746, 77447.61757992, 77634.51592193, 78637.7435615, 77366.78442217, 76331.8644347, 75784.95743625, 76296.79648443, 78207.7642549, 78677.42463272]",-0.21013927302694357,17.49340568198532,NULL,-999,62772.57726413174,-0.2004724967371765,0
bitcoin_2026-05-11,bitcoin,BTC,2026-05-11T00:00:00Z,82018.3711243874,19419025189.8614,1645004741191.1208,1,Smart Contract Platform,btcc,"[72920.25491187, 73021.85968305, 70660.6396118, 74481.6414286, 74297.347595, 74826.31308826, 75111.95674548, 77125.73357198, 75716.15083727, 73841.02173809, 75858.03546791, 76326.19170243, 78238.81675009, 78275.32582746, 77447.61757992, 77634.51592193, 78637.7435615, 77366.78442217, 76331.8644347, 75784.95743625, 76296.79648443, 78207.7642549, 78677.42463272, 78512.09246456, 79825.87511296, 80913.96137493, 81436.85936825, 80024.90767231, 80197.2669977, 80677.64981724]",0.7140645656608324,12.476802533826081,NULL,-999,64917.23929330571,-0.20850367541616321,0
bitcoin_2026-05-18,bitcoin,BTC,2026-05-18T00:00:00Z,77428.51866052429,20316786825.924442,1550931401030.0012,1,Smart Contract Platform,btcc,"[77125.73357198, 75716.15083727, 73841.02173809, 75858.03546791, 76326.19170243, 78238.81675009, 78275.32582746, 77447.61757992, 77634.51592193, 78637.7435615, 77366.78442217, 76331.8644347, 75784.95743625, 76296.79648443, 78207.7642549, 78677.42463272, 78512.09246456, 79825.87511296, 80913.96137493, 81436.85936825, 80024.90767231, 80197.2669977, 80677.64981724, 82018.37112439, 81627.56604995, 80482.14377829, 79288.84208656, 81059.11595417, 79068.66840414, 78132.75351269]",-5.596127307749422,0.3925863321059264,NULL,-999,63031.04825975698,-0.18594531640068213,0
bitcoin_2026-05-25,bitcoin,BTC,2026-05-25T00:00:00Z,77016.06581859986,21763916479.84379,1542935472694.078,1,Smart Contract Platform,btcc,"[77447.61757992, 77634.51592193, 78637.7435615, 77366.78442217, 76331.8644347, 75784.95743625, 76296.79648443, 78207.7642549, 78677.42463272, 78512.09246456, 79825.87511296, 80913.96137493, 81436.85936825, 80024.90767231, 80197.2669977, 80677.64981724, 82018.37112439, 81627.56604995, 80482.14377829, 79288.84208656, 81059.11595417, 79068.66840414, 78132.75351269, 77428.51866052, 76959.40571528, 76758.73155866, 77470.39614899, 77550.3830832, 75478.38285863, 76684.37097078]",-6.099005914420252,-0.5572176069489343,NULL,-999,77081.02299000922,0.0008434236508829684,1
bitcoin_2026-06-01,bitcoin,BTC,2026-06-01T00:00:00Z,73598.6681238158,16617912637.659142,1474670238472.3772,1,Smart Contract Platform,btcc,"[78207.7642549, 78677.42463272, 78512.09246456, 79825.87511296, 80913.96137493, 81436.85936825, 80024.90767231, 80197.2669977, 80677.64981724, 82018.37112439, 81627.56604995, 80482.14377829, 79288.84208656, 81059.11595417, 79068.66840414, 78132.75351269, 77428.51866052, 76959.40571528, 76758.73155866, 77470.39614899, 77550.3830832, 75478.38285863, 76684.37097078, 77016.0658186, 77258.39912361, 75851.10409562, 74339.61694703, 73651.64255141, 73500.91507629, 73820.30385315]",-10.265630596104424,-5.893399683513545,NULL,-999,78225.13950818499,0.06286080308662689,1
bitcoin_2026-06-08,bitcoin,BTC,2026-06-08T00:00:00Z,63273.537430635515,33326211424.640003,1267943921370.2615,1,Smart Contract Platform,btcc,"[80197.2669977, 80677.64981724, 82018.37112439, 81627.56604995, 80482.14377829, 79288.84208656, 81059.11595417, 79068.66840414, 78132.75351269, 77428.51866052, 76959.40571528, 76758.73155866, 77470.39614899, 77550.3830832, 75478.38285863, 76684.37097078, 77016.0658186, 77258.39912361, 75851.10409562, 74339.61694703, 73651.64255141, 73500.91507629, 73820.30385315, 73598.66812382, 71320.29306465, 66727.26415498, 64046.61064609, 63810.65923841, 60960.10140035, 60855.25426528]",-22.854433021260377,-21.1026263121324,NULL,-999,79821.69873179746,0.26153368332382376,1
ethereum_2025-10-20,ethereum,ETH,2025-10-20T00:00:00Z,3982.3558612703023,29256291805.263657,480800504808.295,2,Smart Contract Platform,coinup,"[4470.10274893, 4481.48458839, 4445.96468609, 4201.88998362, 4164.82603751, 4152.85264808, 3896.06301762, 4028.90846564, 4018.70445818, 4139.67572687, 4214.49831753, 4147.31618687, 4354.37875727, 4484.18037706, 4514.14861655, 4488.80291746, 4513.31014835, 4690.83785626, 4453.78126556, 4526.06209538, 4368.41961657, 3841.67368038, 3747.45704466, 4151.91886318, 4245.44707663, 4126.23535287, 3991.54423552, 3893.75603757, 3835.00724848, 3890.0160621]",-15.103527700220386,-10.91131267112443,NULL,-999,3307.0701203970584,-0.16956941177472762,0
ethereum_2025-10-27,ethereum,ETH,2025-10-27T00:00:00Z,4158.567621968615,25883399675.759956,502002782659.0379,2,Smart Contract Platform,coinup,"[4028.90846564, 4018.70445818, 4139.67572687, 4214.49831753, 4147.31618687, 4354.37875727, 4484.18037706, 4514.14861655, 4488.80291746, 4513.31014835, 4690.83785626, 4453.78126556, 4526.06209538, 4368.41961657, 3841.67368038, 3747.45704466, 4151.91886318, 4245.44707663, 4126.23535287, 3991.54423552, 3893.75603757, 3835.00724848, 3890.0160621, 3982.35586127, 3980.07327974, 3866.15178277, 3805.88186435, 3857.59000857, 3935.95650344, 3954.00411991]",-11.3470183921226,3.218220454419307,NULL,-999,2950.844309906184,-0.2904181010986444,0
ethereum_2025-11-03,ethereum,ETH,2025-11-03T00:00:00Z,3905.342929555584,16505905832.7532,471728931087.62933,2,Smart Contract Platform,coinup,"[4514.14861655, 4488.80291746, 4513.31014835, 4690.83785626, 4453.78126556, 4526.06209538, 4368.41961657, 3841.67368038, 3747.45704466, 4151.91886318, 4245.44707663, 4126.23535287, 3991.54423552, 3893.75603757, 3835.00724848, 3890.0160621, 3982.35586127, 3980.07327974, 3866.15178277, 3805.88186435, 3857.59000857, 3935.95650344, 3954.00411991, 4158.56762197, 4117.28707771, 3978.81201041, 3902.80194743, 3801.55150472, 3846.95863062, 3872.92605474]",-16.74530117597347,-13.486611512104885,NULL,-999,2450.663546893,-0.37248441658057463,0
ethereum_2025-11-10,ethereum,ETH,2025-11-10T00:00:00Z,3578.8023059041866,25306062473.02298,432140258282.28656,2,Smart Contract Platform,coinup,"[3841.67368038, 3747.45704466, 4151.91886318, 4245.44707663, 4126.23535287, 3991.54423552, 3893.75603757, 3835.00724848, 3890.0160621, 3982.35586127, 3980.07327974, 3866.15178277, 3805.88186435, 3857.59000857, 3935.95650344, 3954.00411991, 4158.56762197, 4117.28707771, 3978.81201041, 3902.80194743, 3801.55150472, 3846.95863062, 3872.92605474, 3905.34292956, 3600.36376841, 3285.23183959, 3425.96980589, 3312.45030702, 3426.4012406, 3399.66377555]",-15.702581110909408,-6.84262632249718,NULL,-999,2087.9866273523585,-0.4165683240150849,0
ethereum_2025-11-17,ethereum,ETH,2025-11-17T00:00:00Z,3091.905045683136,30603488973.76373,373455751267.06415,2,Smart Contract Platform,coinup,"[3835.00724848, 3890.0160621, 3982.35586127, 3980.07327974, 3866.15178277, 3805.88186435, 3857.59000857, 3935.95650344, 3954.00411991, 4158.56762197, 4117.28707771, 3978.81201041, 3902.80194743, 3801.55150472, 3846.95863062, 3872.92605474, 3905.34292956, 3600.36376841, 3285.23183959, 3425.96980589, 3312.45030702, 3426.4012406, 3399.66377555, 3578.8023059, 3566.04986712, 3416.071509, 3412.54323683, 3223.17577861, 3118.71434443, 3169.69726724]",-25.6497590817228,-19.376813514202773,NULL,-999,2085.705591574723,-0.32543025715270635,0
ethereum_2025-11-24,ethereum,ETH,2025-11-24T00:00:00Z,2798.913101183697,20117555262.314224,338086242481.6212,2,Smart Contract Platform,coinup,"[3935.95650344, 3954.00411991, 4158.56762197, 4117.28707771, 3978.81201041, 3902.80194743, 3801.55150472, 3846.95863062, 3872.92605474, 3905.34292956, 3600.36376841, 3285.23183959, 3425.96980589, 3312.45030702, 3426.4012406, 3399.66377555, 3578.8023059, 3566.04986712, 3416.071509, 3412.54323683, 3223.17577861, 3118.71434443, 3169.69726724, 3091.90504568, 3026.21825534, 3121.51384816, 3020.93578772, 2832.53079764, 2763.89739049, 2768.15365675]",-32.69526058930056,-28.888617068295687,NULL,-999,1986.9516807466036,-0.2900988316120655,0
ethereum_2025-12-01,ethereum,ETH,2025-12-01T00:00:00Z,2990.797383294047,11717224359.873058,361323261616.5661,2,Smart Contract Platform,coinup,"[3846.95863062, 3872.92605474, 3905.34292956, 3600.36376841, 3285.23183959, 3425.96980589, 3312.45030702, 3426.4012406, 3399.66377555, 3578.8023059, 3566.04986712, 3416.071509, 3412.54323683, 3223.17577861, 3118.71434443, 3169.69726724, 3091.90504568, 3026.21825534, 3121.51384816, 3020.93578772, 2832.53079764, 2763.89739049, 2768.15365675, 2798.91310118, 2952.33490685, 2958.57321752, 3026.42153481, 3014.81984995, 3031.24585572, 2989.64979579]",-23.41780383331431,-22.255535594120403,NULL,-999,1966.7219163588757,-0.3424088414198292,0
ethereum_2025-12-08,ethereum,ETH,2025-12-08T00:00:00Z,3060.9948319527766,21104749281.741245,369159022672.3001,2,Smart Contract Platform,coinup,"[3426.4012406, 3399.66377555, 3578.8023059, 3566.04986712, 3416.071509, 3412.54323683, 3223.17577861, 3118.71434443, 3169.69726724, 3091.90504568, 3026.21825534, 3121.51384816, 3020.93578772, 2832.53079764, 2763.89739049, 2768.15365675, 2798.91310118, 2952.33490685, 2958.57321752, 3026.42153481, 3014.81984995, 3031.24585572, 2989.64979579, 2990.79738329, 2796.73386905, 2997.60242719, 3188.88194473, 3134.34864082, 3019.82603806, 3036.87564671]",-14.46873645680704,-10.664437203570188,NULL,-999,1984.4479694207268,-0.3516983600541598,0
ethereum_2025-12-15,ethereum,ETH,2025-12-15T00:00:00Z,3063.5454528219575,17436601534.892895,369722328464.4331,2,Smart Contract Platform,coinup,"[3118.71434443, 3169.69726724, 3091.90504568, 3026.21825534, 3121.51384816, 3020.93578772, 2832.53079764, 2763.89739049, 2768.15365675, 2798.91310118, 2952.33490685, 2958.57321752, 3026.42153481, 3014.81984995, 3031.24585572, 2989.64979579, 2990.79738329, 2796.73386905, 2997.60242719, 3188.88194473, 3134.34864082, 3019.82603806, 3036.87564671, 3060.99483195, 3123.80525237, 3318.72094504, 3323.2920126, 3238.41361515, 3086.73276699, 3115.27139996]",-7.81594150599868,-1.768962640252103,NULL,-999,2107.1131900776604,-0.3121978366155097,0
ethereum_2025-12-22,ethereum,ETH,2025-12-22T00:00:00Z,3004.2204920824893,11541888974.224104,362237625179.74133,2,Smart Contract Platform,coinup,"[2763.89739049, 2768.15365675, 2798.91310118, 2952.33490685, 2958.57321752, 3026.42153481, 3014.81984995, 3031.24585572, 2989.64979579, 2990.79738329, 2796.73386905, 2997.60242719, 3188.88194473, 3134.34864082, 3019.82603806, 3036.87564671, 3060.99483195, 3123.80525237, 3318.72094504, 3323.2920126, 3238.41361515, 3086.73276699, 3115.27139996, 3063.54545282, 2963.89455725, 2957.8602493, 2832.46832688, 2826.6732477, 2977.66450368, 2977.33425629]",-9.60106783599124,8.695080447649595,NULL,-999,2066.1561868530966,-0.3122488205182097,0
ethereum_2025-12-29,ethereum,ETH,2025-12-29T00:00:00Z,2948.8317693857384,9476414204.840725,355886730370.1094,2,Smart Contract Platform,coinup,"[3031.24585572, 2989.64979579, 2990.79738329, 2796.73386905, 2997.60242719, 3188.88194473, 3134.34864082, 3019.82603806, 3036.87564671, 3060.99483195, 3123.80525237, 3318.72094504, 3323.2920126, 3238.41361515, 3086.73276699, 3115.27139996, 3063.54545282, 2963.89455725, 2957.8602493, 2832.46832688, 2826.6732477, 2977.66450368, 2977.33425629, 3004.22049208, 3005.37555771, 2965.21878516, 2945.36728288, 2901.68079012, 2926.47016741, 2947.71230054]",-11.267750224621054,-2.7188189362808646,NULL,-999,2000.0500988359693,-0.3217483209452151,0
ethereum_2026-01-05,ethereum,ETH,2026-01-05T00:00:00Z,3153.1033957378954,13358809647.653217,380563376620.20197,2,Smart Contract Platform,coinup,"[3019.82603806, 3036.87564671, 3060.99483195, 3123.80525237, 3318.72094504, 3323.2920126, 3238.41361515, 3086.73276699, 3115.27139996, 3063.54545282, 2963.89455725, 2957.8602493, 2832.46832688, 2826.6732477, 2977.66450368, 2977.33425629, 3004.22049208, 3005.37555771, 2965.21878516, 2945.36728288, 2901.68079012, 2926.47016741, 2947.71230054, 2948.83176939, 2934.35628061, 2967.98041379, 2970.02868236, 3003.85480822, 3135.10847767, 3130.79636864]",-5.121085243702817,4.413411766072861,NULL,-999,2052.0685636243165,-0.34919084277473,0
ethereum_2026-01-12,ethereum,ETH,2026-01-12T00:00:00Z,3120.1733886182465,3657548648.4503293,376588474098.12317,2,Smart Contract Platform,coinup,"[3086.73276699, 3115.27139996, 3063.54545282, 2963.89455725, 2957.8602493, 2832.46832688, 2826.6732477, 2977.66450368, 2977.33425629, 3004.22049208, 3005.37555771, 2965.21878516, 2945.36728288, 2901.68079012, 2926.47016741, 2947.71230054, 2948.83176939, 2934.35628061, 2967.98041379, 2970.02868236, 3003.85480822, 3135.10847767, 3130.79636864, 3153.10339574, 3227.39331946, 3291.91296141, 3167.41277458, 3106.05912793, 3085.41026998, 3086.12470259]",-5.217014386739704,1.083366269698094,NULL,-999,2283.0571149299954,-0.2682915881347747,0
ethereum_2026-01-19,ethereum,ETH,2026-01-19T00:00:00Z,3277.768640868265,2106331225.2783458,395608949640.7952,2,Smart Contract Platform,coinup,"[2977.66450368, 2977.33425629, 3004.22049208, 3005.37555771, 2965.21878516, 2945.36728288, 2901.68079012, 2926.47016741, 2947.71230054, 2948.83176939, 2934.35628061, 2967.98041379, 2970.02868236, 3003.85480822, 3135.10847767, 3130.79636864, 3153.10339574, 3227.39331946, 3291.91296141, 3167.41277458, 3106.05912793, 3085.41026998, 3086.12470259, 3120.17338862, 3091.68473524, 3330.50442936, 3351.81608164, 3319.22316589, 3292.51389789, 3307.0701204]",-2.2091737425290914,10.078507394415093,NULL,-999,2351.4600244518356,-0.2826034165032022,0
ethereum_2026-01-26,ethereum,ETH,2026-01-26T00:00:00Z,2812.935403888694,21087108890.108875,339505649535.07916,2,Smart Contract Platform,coinup,"[2926.47016741, 2947.71230054, 2948.83176939, 2934.35628061, 2967.98041379, 2970.02868236, 3003.85480822, 3135.10847767, 3130.79636864, 3153.10339574, 3227.39331946, 3291.91296141, 3167.41277458, 3106.05912793, 3085.41026998, 3086.12470259, 3120.17338862, 3091.68473524, 3330.50442936, 3351.81608164, 3319.22316589, 3292.51389789, 3307.0701204, 3277.76864087, 3186.78073969, 2941.88325567, 2984.17496554, 2951.38707559, 2955.12255502, 2950.84430991]",-16.077274666249508,-3.8795804169196257,NULL,-999,2320.566403725771,-0.17503743579829667,0
ethereum_2026-02-02,ethereum,ETH,2026-02-02T00:00:00Z,2264.345387690806,33868246011.930717,273292483045.14944,2,Smart Contract Platform,coinup,"[3135.10847767, 3130.79636864, 3153.10339574, 3227.39331946, 3291.91296141, 3167.41277458, 3106.05912793, 3085.41026998, 3086.12470259, 3120.17338862, 3091.68473524, 3330.50442936, 3351.81608164, 3319.22316589, 3292.51389789, 3307.0701204, 3277.76864087, 3186.78073969, 2941.88325567, 2984.17496554, 2951.38707559, 2955.12255502, 2950.84430991, 2812.93540389, 2925.76383302, 3020.01573109, 3011.81500027, 2822.6338414, 2702.9166773, 2450.66354689]",-32.44422329456391,-27.774576101101612,NULL,-999,2322.287161264127,0.02558875244399461,1
ethereum_2026-02-09,ethereum,ETH,2026-02-09T00:00:00Z,2092.4274588224594,18373761018.921764,252540566503.86624,2,Smart Contract Platform,coinup,"[3085.41026998, 3086.12470259, 3120.17338862, 3091.68473524, 3330.50442936, 3351.81608164, 3319.22316589, 3292.51389789, 3307.0701204, 3277.76864087, 3186.78073969, 2941.88325567, 2984.17496554, 2951.38707559, 2955.12255502, 2950.84430991, 2812.93540389, 2925.76383302, 3020.01573109, 3011.81500027, 2822.6338414, 2702.9166773, 2450.66354689, 2264.34538769, 2343.45854365, 2226.41311846, 2143.29339866, 1823.80533142, 2055.77437923, 2087.98662735]",-37.57332121285242,-32.18316931201296,NULL,-999,2327.1639474602157,0.11218381198737348,1
ethereum_2026-02-16,ethereum,ETH,2026-02-16T00:00:00Z,1967.5499217442239,28528944773.46997,237468436096.25647,2,Smart Contract Platform,coinup,"[3292.51389789, 3307.0701204, 3277.76864087, 3186.78073969, 2941.88325567, 2984.17496554, 2951.38707559, 2955.12255502, 2950.84430991, 2812.93540389, 2925.76383302, 3020.01573109, 3011.81500027, 2822.6338414, 2702.9166773, 2450.66354689, 2264.34538769, 2343.45854365, 2226.41311846, 2143.29339866, 1823.80533142, 2055.77437923, 2087.98662735, 2092.42745882, 2106.78564426, 2021.44159077, 1944.68190065, 1947.8399218, 2048.31878779, 2085.70559157]",-40.504741353715445,-40.24171247987284,NULL,-999,2180.0891100856325,0.10802225955872746,1
ethereum_2026-02-23,ethereum,ETH,2026-02-23T00:00:00Z,1886.450366591152,2071936733.0620174,227680153598.7431,2,Smart Contract Platform,coinup,"[2955.12255502, 2950.84430991, 2812.93540389, 2925.76383302, 3020.01573109, 3011.81500027, 2822.6338414, 2702.9166773, 2450.66354689, 2264.34538769, 2343.45854365, 2226.41311846, 2143.29339866, 1823.80533142, 2055.77437923, 2087.98662735, 2092.42745882, 2106.78564426, 2021.44159077, 1944.68190065, 1947.8399218, 2048.31878779, 2085.70559157, 1967.54992174, 1998.17598711, 1994.35271169, 1954.65311492, 1949.60683691, 1967.92838032, 1986.95168075]",-37.535081450945015,-36.163379641074,NULL,-999,2116.4299126571727,0.1219112626226142,1
ethereum_2026-03-02,ethereum,ETH,2026-03-02T00:00:00Z,1939.7957193912328,21599432840.139435,234118271380.97858,2,Smart Contract Platform,coinup,"[2702.9166773, 2450.66354689, 2264.34538769, 2343.45854365, 2226.41311846, 2143.29339866, 1823.80533142, 2055.77437923, 2087.98662735, 2092.42745882, 2106.78564426, 2021.44159077, 1944.68190065, 1947.8399218, 2048.31878779, 2085.70559157, 1967.54992174, 1998.17598711, 1994.35271169, 1954.65311492, 1949.60683691, 1967.92838032, 1986.95168075, 1886.45036659, 1859.21991068, 1852.08216189, 2053.09773253, 2027.50507591, 1931.11885266, 1966.72191636]",-28.233240199952135,-28.233240199952135,NULL,-999,2021.665390940461,0.04220530581174886,1
ethereum_2026-03-09,ethereum,ETH,2026-03-09T00:00:00Z,1939.3917593920498,15144191039.015755,234069173421.49823,2,Smart Contract Platform,coinup,"[2055.77437923, 2087.98662735, 2092.42745882, 2106.78564426, 2021.44159077, 1944.68190065, 1947.8399218, 2048.31878779, 2085.70559157, 1967.54992174, 1998.17598711, 1994.35271169, 1954.65311492, 1949.60683691, 1967.92838032, 1986.95168075, 1886.45036659, 1859.21991068, 1852.08216189, 2053.09773253, 2027.50507591, 1931.11885266, 1966.72191636, 1939.79571939, 2028.79901135, 1982.95141328, 2127.57917781, 2073.35894718, 1979.07813258, 1984.44796942]",-8.845142891958456,-5.66125451398638,NULL,-999,1568.7027946407661,-0.19113671229967755,0
ethereum_2026-03-16,ethereum,ETH,2026-03-16T00:00:00Z,2182.0726576096104,14142774279.99913,263358513956.0199,2,Smart Contract Platform,coinup,"[2048.31878779, 2085.70559157, 1967.54992174, 1998.17598711, 1994.35271169, 1954.65311492, 1949.60683691, 1967.92838032, 1986.95168075, 1886.45036659, 1859.21991068, 1852.08216189, 2053.09773253, 2027.50507591, 1931.11885266, 1966.72191636, 1939.79571939, 2028.79901135, 1982.95141328, 2127.57917781, 2073.35894718, 1979.07813258, 1984.44796942, 1939.39175939, 1992.98202691, 2035.1741536, 2051.93411412, 2071.91973079, 2090.07300643, 2107.11319008]",2.5612903326559744,6.529934237844004,NULL,-999,1680.3055520030994,-0.2299497699385411,0
ethereum_2026-03-23,ethereum,ETH,2026-03-23T00:00:00Z,2055.681838744274,13821408478.563215,248103824426.18518,2,Smart Contract Platform,coinup,"[1967.92838032, 1986.95168075, 1886.45036659, 1859.21991068, 1852.08216189, 2053.09773253, 2027.50507591, 1931.11885266, 1966.72191636, 1939.79571939, 2028.79901135, 1982.95141328, 2127.57917781, 2073.35894718, 1979.07813258, 1984.44796942, 1939.39175939, 1992.98202691, 2035.1741536, 2051.93411412, 2071.91973079, 2090.07300643, 2107.11319008, 2182.07265761, 2343.53108773, 2320.95092675, 2203.13494415, 2139.51419529, 2146.57881498, 2066.15618685]",-12.28271519405747,4.459179475110453,NULL,-999,1739.2769352743533,-0.15391725387971456,0
ethereum_2026-03-30,ethereum,ETH,2026-03-30T00:00:00Z,1981.7423699353176,3126443831.8927627,239179399783.70428,2,Smart Contract Platform,coinup,"[1931.11885266, 1966.72191636, 1939.79571939, 2028.79901135, 1982.95141328, 2127.57917781, 2073.35894718, 1979.07813258, 1984.44796942, 1939.39175939, 1992.98202691, 2035.1741536, 2051.93411412, 2071.91973079, 2090.07300643, 2107.11319008, 2182.07265761, 2343.53108773, 2320.95092675, 2203.13494415, 2139.51419529, 2146.57881498, 2066.15618685, 2055.68183874, 2152.47130239, 2156.39387798, 2172.41633286, 2059.58910436, 1991.54854779, 2000.05009884]",-15.437760552573266,2.6214604660350194,NULL,-999,1571.9371269098212,-0.2067903725744492,0
ethereum_2026-04-06,ethereum,ETH,2026-04-06T00:00:00Z,2066.1981252768373,2977633843.3241262,249352708217.40182,2,Smart Contract Platform,coinup,"[1979.07813258, 1984.44796942, 1939.39175939, 1992.98202691, 2035.1741536, 2051.93411412, 2071.91973079, 2090.07300643, 2107.11319008, 2182.07265761, 2343.53108773, 2320.95092675, 2203.13494415, 2139.51419529, 2146.57881498, 2066.15618685, 2055.68183874, 2152.47130239, 2156.39387798, 2172.41633286, 2059.58910436, 1991.54854779, 2000.05009884, 1981.74236994, 2024.01464708, 2095.41599343, 2131.5392771, 2052.33623023, 2009.42129103, 2052.06856362]",-11.833978388832179,4.40204917935334,NULL,-999,1779.908385139636,-0.1385587067546309,0
ethereum_2026-04-13,ethereum,ETH,2026-04-13T00:00:00Z,2189.221443884993,13405623366.831423,264219444192.96732,2,Smart Contract Platform,coinup,"[2090.07300643, 2107.11319008, 2182.07265761, 2343.53108773, 2320.95092675, 2203.13494415, 2139.51419529, 2146.57881498, 2066.15618685, 2055.68183874, 2152.47130239, 2156.39387798, 2172.41633286, 2059.58910436, 1991.54854779, 2000.05009884, 1981.74236994, 2024.01464708, 2095.41599343, 2131.5392771, 2052.33623023, 2009.42129103, 2052.06856362, 2066.19812528, 2100.80614027, 2235.8222063, 2179.79157008, 2177.9725867, 2247.41862216, 2283.05711493]",-6.5844931461568335,4.743778669453302,NULL,-999,1787.9485944322748,-0.18329477384463178,0
ethereum_2026-04-20,ethereum,ETH,2026-04-20T00:00:00Z,2264.1941982589246,15211822330.006557,273266828288.31577,2,Smart Contract Platform,coinup,"[2146.57881498, 2066.15618685, 2055.68183874, 2152.47130239, 2156.39387798, 2172.41633286, 2059.58910436, 1991.54854779, 2000.05009884, 1981.74236994, 2024.01464708, 2095.41599343, 2131.5392771, 2052.33623023, 2009.42129103, 2052.06856362, 2066.19812528, 2100.80614027, 2235.8222063, 2179.79157008, 2177.9725867, 2247.41862216, 2283.05711493, 2189.22144388, 2374.01620533, 2326.44517747, 2360.57614677, 2348.98749239, 2421.29057107, 2351.46002445]",-6.488125575869585,5.479201716514415,NULL,-999,1862.32234801627,-0.1774900097136889,0
ethereum_2026-04-27,ethereum,ETH,2026-04-27T00:00:00Z,2369.1540292624554,10106202763.695818,285930428396.5808,2,Smart Contract Platform,coinup,"[1991.54854779, 2000.05009884, 1981.74236994, 2024.01464708, 2095.41599343, 2131.5392771, 2052.33623023, 2009.42129103, 2052.06856362, 2066.19812528, 2100.80614027, 2235.8222063, 2179.79157008, 2177.9725867, 2247.41862216, 2283.05711493, 2189.22144388, 2374.01620533, 2326.44517747, 2360.57614677, 2348.98749239, 2421.29057107, 2351.46002445, 2264.19419826, 2314.63860713, 2326.66401269, 2375.71445336, 2331.09530879, 2315.70018566, 2320.56640373]",-2.1532542366852314,18.960395511865503,NULL,-999,1874.4572768280736,-0.2088073406474067,0
ethereum_2026-05-04,ethereum,ETH,2026-05-04T00:00:00Z,2322.5878639164766,4551919997.822555,280307153738.07544,2,Smart Contract Platform,coinup,"[2009.42129103, 2052.06856362, 2066.19812528, 2100.80614027, 2235.8222063, 2179.79157008, 2177.9725867, 2247.41862216, 2283.05711493, 2189.22144388, 2374.01620533, 2326.44517747, 2360.57614677, 2348.98749239, 2421.29057107, 2351.46002445, 2264.19419826, 2314.63860713, 2326.66401269, 2375.71445336, 2331.09530879, 2315.70018566, 2320.56640373, 2369.15402926, 2303.88425013, 2292.76587415, 2253.62004929, 2256.94911237, 2295.58344088, 2322.28716126]",-4.076450316595192,15.584913640963727,NULL,-999,1843.443563411847,-0.20629759930660707,0
ethereum_2026-05-11,ethereum,ETH,2026-05-11T00:00:00Z,2369.9648714985337,17894035453.03701,286023012112.36975,2,Smart Contract Platform,coinup,"[2247.41862216, 2283.05711493, 2189.22144388, 2374.01620533, 2326.44517747, 2360.57614677, 2348.98749239, 2421.29057107, 2351.46002445, 2264.19419826, 2314.63860713, 2326.66401269, 2375.71445336, 2331.09530879, 2315.70018566, 2320.56640373, 2369.15402926, 2303.88425013, 2292.76587415, 2253.62004929, 2256.94911237, 2295.58344088, 2322.28716126, 2322.58786392, 2346.17130289, 2360.64436629, 2351.01374842, 2291.30259137, 2307.47037298, 2327.16394746]",-2.1197662181149823,5.452755802900011,NULL,-999,1915.447810935271,-0.19178219307354993,0
ethereum_2026-05-18,ethereum,ETH,2026-05-18T00:00:00Z,2130.749230126177,9346279089.585968,257151151560.93878,2,Smart Contract Platform,coinup,"[2421.29057107, 2351.46002445, 2264.19419826, 2314.63860713, 2326.66401269, 2375.71445336, 2331.09530879, 2315.70018566, 2320.56640373, 2369.15402926, 2303.88425013, 2292.76587415, 2253.62004929, 2256.94911237, 2295.58344088, 2322.28716126, 2322.58786392, 2346.17130289, 2360.64436629, 2351.01374842, 2291.30259137, 2307.47037298, 2327.16394746, 2369.9648715, 2338.59446825, 2275.74732263, 2258.48390885, 2282.59574628, 2223.93748868, 2180.08911009]",-11.99944130671865,-11.99944130671865,NULL,-999,1880.9591561894488,-0.11723109899795026,0
ethereum_2026-05-25,ethereum,ETH,2026-05-25T00:00:00Z,2097.6582568011895,9972550889.11964,253157019396.1855,2,Smart Contract Platform,coinup,"[2315.70018566, 2320.56640373, 2369.15402926, 2303.88425013, 2292.76587415, 2253.62004929, 2256.94911237, 2295.58344088, 2322.28716126, 2322.58786392, 2346.17130289, 2360.64436629, 2351.01374842, 2291.30259137, 2307.47037298, 2327.16394746, 2369.9648715, 2338.59446825, 2275.74732263, 2258.48390885, 2282.59574628, 2223.93748868, 2180.08911009, 2130.74923013, 2128.89276232, 2109.34213759, 2127.46893168, 2132.14437036, 2064.03974922, 2116.42991266]",-11.489900883010307,-9.415809965847888,NULL,-999,2423.4127407436827,0.15529435401896707,1
ethereum_2026-06-01,ethereum,ETH,2026-06-01T00:00:00Z,2005.0520566280852,8798577983.65509,241980194646.4275,2,Smart Contract Platform,coinup,"[2295.58344088, 2322.28716126, 2322.58786392, 2346.17130289, 2360.64436629, 2351.01374842, 2291.30259137, 2307.47037298, 2327.16394746, 2369.9648715, 2338.59446825, 2275.74732263, 2258.48390885, 2282.59574628, 2223.93748868, 2180.08911009, 2130.74923013, 2128.89276232, 2109.34213759, 2127.46893168, 2132.14437036, 2064.03974922, 2116.42991266, 2097.6582568, 2110.59297175, 2072.34921597, 2022.46597432, 2008.11446312, 2012.56078907, 2021.66539094]",-15.397393406920557,-12.656102108137423,NULL,-999,2457.089335222437,0.22544914836502916,1
ethereum_2026-06-08,ethereum,ETH,2026-06-08T00:00:00Z,1687.8826846141703,16062772861.618362,203701307543.392,2,Smart Contract Platform,coinup,"[2307.47037298, 2327.16394746, 2369.9648715, 2338.59446825, 2275.74732263, 2258.48390885, 2282.59574628, 2223.93748868, 2180.08911009, 2130.74923013, 2128.89276232, 2109.34213759, 2127.46893168, 2132.14437036, 2064.03974922, 2116.42991266, 2097.6582568, 2110.59297175, 2072.34921597, 2022.46597432, 2008.11446312, 2012.56078907, 2021.66539094, 2005.05205663, 2003.57944724, 1858.36404793, 1811.71499051, 1769.03173333, 1582.45882945, 1568.70279464]",-28.78026569453248,-26.85138217256441,NULL,-999,2480.0031686031184,0.4692983056284017,1
solana_2025-10-20,solana,SOL,2025-10-20T00:00:00Z,187.79198147575528,4826955084.363719,102612518381.1074,4,Smart Contract Platform,binance,"[238.56271348, 239.56497982, 236.45127675, 220.45569255, 213.69859561, 211.62431725, 193.41099741, 204.81544207, 203.56296639, 210.74750027, 212.92369932, 208.85798412, 221.87788207, 234.78399662, 233.04397396, 228.00950694, 228.51623326, 232.63341832, 220.38956436, 229.09162588, 220.95337084, 188.79264853, 177.98430501, 197.21466744, 208.60633453, 202.5849994, 193.98189965, 184.67665331, 182.14594541, 187.65031234]",-21.611254861238727,-21.28192258715318,NULL,-999,143.68428258663917,-0.23487530480533636,0
solana_2025-10-27,solana,SOL,2025-10-27T00:00:00Z,200.0215931980344,4825506003.880374,109941212256.89188,4,Smart Contract Platform,binance,"[204.81544207, 203.56296639, 210.74750027, 212.92369932, 208.85798412, 221.87788207, 234.78399662, 233.04397396, 228.00950694, 228.51623326, 232.63341832, 220.38956436, 229.09162588, 220.95337084, 188.79264853, 177.98430501, 197.21466744, 208.60633453, 202.5849994, 193.98189965, 184.67665331, 182.14594541, 187.65031234, 187.79198148, 189.71769883, 185.72442262, 180.08845064, 191.41051549, 193.52246735, 193.93319201]",-14.80612133806094,-2.340570040421075,NULL,-999,127.3909695406124,-0.3631139143338037,0
solana_2025-11-03,solana,SOL,2025-11-03T00:00:00Z,187.67222619735156,3237063319.8650713,103550637011.92291,4,Smart Contract Platform,binance,"[233.04397396, 228.00950694, 228.51623326, 232.63341832, 220.38956436, 229.09162588, 220.95337084, 188.79264853, 177.98430501, 197.21466744, 208.60633453, 202.5849994, 193.98189965, 184.67665331, 182.14594541, 187.65031234, 187.79198148, 189.71769883, 185.72442262, 180.08845064, 191.41051549, 193.52246735, 193.93319201, 200.0215932, 198.7716328, 194.2986785, 194.07268476, 184.49846535, 187.16590466, 186.31885199]",-19.469178710762314,-19.469178710762314,NULL,-999,105.49281488444598,-0.43788797617015374,0
solana_2025-11-10,solana,SOL,2025-11-10T00:00:00Z,164.4107555710944,4365967723.095303,90982628986.2251,4,Smart Contract Platform,binance,"[188.79264853, 177.98430501, 197.21466744, 208.60633453, 202.5849994, 193.98189965, 184.67665331, 182.14594541, 187.65031234, 187.79198148, 189.71769883, 185.72442262, 180.08845064, 191.41051549, 193.52246735, 193.93319201, 200.0215932, 198.7716328, 194.2986785, 194.07268476, 184.49846535, 187.16590466, 186.31885199, 187.6722262, 165.8882146, 155.19807253, 162.46544782, 155.05793558, 161.69017397, 157.79634838]",-21.18611549292875,-12.914641089756474,NULL,-999,87.54346373381755,-0.4675320149844938,0
solana_2025-11-17,solana,SOL,2025-11-17T00:00:00Z,137.13897250282486,4918220222.215703,76130695568.86363,4,Smart Contract Platform,binance,"[182.14594541, 187.65031234, 187.79198148, 189.71769883, 185.72442262, 180.08845064, 191.41051549, 193.52246735, 193.93319201, 200.0215932, 198.7716328, 194.2986785, 194.07268476, 184.49846535, 187.16590466, 186.31885199, 187.6722262, 165.8882146, 155.19807253, 162.46544782, 155.05793558, 161.69017397, 157.79634838, 164.41075557, 167.38292234, 154.65635091, 153.25824235, 144.60221581, 138.9854792, 139.26651582]",-31.437916121861733,-24.709291666159295,NULL,-999,88.16311329534221,-0.35712575582024153,0
solana_2025-11-24,solana,SOL,2025-11-24T00:00:00Z,130.58087966204394,3999536087.9999633,73114651434.34904,4,Smart Contract Platform,binance,"[193.52246735, 193.93319201, 200.0215932, 198.7716328, 194.2986785, 194.07268476, 184.49846535, 187.16590466, 186.31885199, 187.6722262, 165.8882146, 155.19807253, 162.46544782, 155.05793558, 161.69017397, 157.79634838, 164.41075557, 167.38292234, 154.65635091, 153.25824235, 144.60221581, 138.9854792, 139.26651582, 137.1389725, 130.80662782, 140.62087279, 136.71697636, 133.61111774, 128.57234152, 127.55257579]",-34.71660855497718,-32.52417590048587,NULL,-999,85.4563629671115,-0.34556756557100154,0
solana_2025-12-01,solana,SOL,2025-12-01T00:00:00Z,133.82640627084265,3472787485.829062,75212508274.44011,4,Smart Contract Platform,binance,"[187.16590466, 186.31885199, 187.6722262, 165.8882146, 155.19807253, 162.46544782, 155.05793558, 161.69017397, 157.79634838, 164.41075557, 167.38292234, 154.65635091, 153.25824235, 144.60221581, 138.9854792, 139.26651582, 137.1389725, 130.80662782, 140.62087279, 136.71697636, 133.61111774, 128.57234152, 127.55257579, 130.58087966, 138.3532332, 138.93264155, 143.01829551, 140.84645123, 137.40059276, 136.02333574]",-28.691416421887574,-28.498512313993153,NULL,-999,84.67491088061367,-0.36727800409400846,0
solana_2025-12-08,solana,SOL,2025-12-08T00:00:00Z,131.95984726955456,4327711104.85745,73905195886.10242,4,Smart Contract Platform,binance,"[161.69017397, 157.79634838, 164.41075557, 167.38292234, 154.65635091, 153.25824235, 144.60221581, 138.9854792, 139.26651582, 137.1389725, 130.80662782, 140.62087279, 136.71697636, 133.61111774, 128.57234152, 127.55257579, 130.58087966, 138.3532332, 138.93264155, 143.01829551, 140.84645123, 137.40059276, 136.02333574, 133.82640627, 126.67388527, 138.67222009, 144.8290469, 139.01629771, 133.2319654, 132.26059233]",-21.162896771400995,-18.38721919279277,NULL,-999,83.62301487964194,-0.36629954785545416,0
solana_2025-12-15,solana,SOL,2025-12-15T00:00:00Z,129.49535610673396,2820681803.676568,72828942194.31668,4,Smart Contract Platform,binance,"[138.9854792, 139.26651582, 137.1389725, 130.80662782, 140.62087279, 136.71697636, 133.61111774, 128.57234152, 127.55257579, 130.58087966, 138.3532332, 138.93264155, 143.01829551, 140.84645123, 137.40059276, 136.02333574, 133.82640627, 126.67388527, 138.67222009, 144.8290469, 139.01629771, 133.2319654, 132.26059233, 131.95984727, 133.22869851, 137.89414682, 136.36516973, 136.47367574, 132.30236895, 133.17026302]",-10.587441624174676,-6.828139997591498,NULL,-999,88.22402192508966,-0.31870899020986687,0
solana_2025-12-22,solana,SOL,2025-12-22T00:00:00Z,126.02413413596209,2597673334.32709,70852545495.81837,4,Smart Contract Platform,binance,"[128.57234152, 127.55257579, 130.58087966, 138.3532332, 138.93264155, 143.01829551, 140.84645123, 137.40059276, 136.02333574, 133.82640627, 126.67388527, 138.67222009, 144.8290469, 139.01629771, 133.2319654, 132.26059233, 131.95984727, 133.22869851, 137.89414682, 136.36516973, 136.47367574, 132.30236895, 133.17026302, 129.49535611, 127.71787719, 129.09757727, 123.1722233, 119.53477491, 126.19398385, 125.78203025]",-12.984213573597103,-1.9819250033775049,NULL,-999,86.94066815337234,-0.3101268360266951,0
solana_2025-12-29,solana,SOL,2025-12-29T00:00:00Z,125.15033815137768,2237013657.4398346,70460720002.73882,4,Smart Contract Platform,binance,"[137.40059276, 136.02333574, 133.82640627, 126.67388527, 138.67222009, 144.8290469, 139.01629771, 133.2319654, 132.26059233, 131.95984727, 133.22869851, 137.89414682, 136.36516973, 136.47367574, 132.30236895, 133.17026302, 129.49535611, 127.71787719, 129.09757727, 123.1722233, 119.53477491, 126.19398385, 125.78203025, 126.02413414, 125.8282749, 124.03308958, 122.46015512, 120.01776608, 122.19194433, 124.67249934]",-13.587542811255782,-8.915721804993204,NULL,-999,82.1077280474731,-0.3439272377501823,0
solana_2026-01-05,solana,SOL,2026-01-05T00:00:00Z,134.43165907625135,3038018996.8253036,72996584464.82068,4,Smart Contract Platform,binance,"[133.2319654, 132.26059233, 131.95984727, 133.22869851, 137.89414682, 136.36516973, 136.47367574, 132.30236895, 133.17026302, 129.49535611, 127.71787719, 129.09757727, 123.1722233, 119.53477491, 126.19398385, 125.78203025, 126.02413414, 125.8282749, 124.03308958, 122.46015512, 120.01776608, 122.19194433, 124.67249934, 125.15033815, 123.12034386, 124.82656575, 124.52107166, 126.95621771, 132.31679964, 133.30031233]",-2.5109751378202927,0.9004548353198194,NULL,-999,80.90650747975322,-0.39815882630845156,0
solana_2026-01-12,solana,SOL,2026-01-12T00:00:00Z,139.3201851544604,3156774482.495561,75651061164.94128,4,Smart Contract Platform,binance,"[132.30236895, 133.17026302, 129.49535611, 127.71787719, 129.09757727, 123.1722233, 119.53477491, 126.19398385, 125.78203025, 126.02413414, 125.8282749, 124.03308958, 122.46015512, 120.01776608, 122.19194433, 124.67249934, 125.15033815, 123.12034386, 124.82656575, 124.52107166, 126.95621771, 132.31679964, 133.30031233, 134.43165908, 138.00030959, 140.82974813, 136.19851494, 138.37930951, 135.86713631, 135.84312878]",-1.0719063215498315,5.304376833524138,NULL,-999,84.93208356676055,-0.39038206507837525,0
solana_2026-01-19,solana,SOL,2026-01-19T00:00:00Z,135.50334566395688,2773931110.537374,73578511825.21194,4,Smart Contract Platform,binance,"[126.19398385, 125.78203025, 126.02413414, 125.8282749, 124.03308958, 122.46015512, 120.01776608, 122.19194433, 124.67249934, 125.15033815, 123.12034386, 124.82656575, 124.52107166, 126.95621771, 132.31679964, 133.30031233, 134.43165908, 138.00030959, 140.82974813, 136.19851494, 138.37930951, 135.86713631, 135.84312878, 139.32018515, 139.07230583, 145.73859432, 146.51080044, 142.37528313, 144.91193902, 143.68428259]",-7.513067123248362,7.377025063817211,NULL,-999,86.16588217188954,-0.3641051315029694,0
solana_2026-01-26,solana,SOL,2026-01-26T00:00:00Z,118.66203053729117,4802988600.922261,64433653459.333954,4,Smart Contract Platform,binance,"[122.19194433, 124.67249934, 125.15033815, 123.12034386, 124.82656575, 124.52107166, 126.95621771, 132.31679964, 133.30031233, 134.43165908, 138.00030959, 140.82974813, 136.19851494, 138.37930951, 135.86713631, 135.84312878, 139.32018515, 139.07230583, 145.73859432, 146.51080044, 142.37528313, 144.91193902, 143.68428259, 135.50334566, 133.41323871, 126.10764632, 129.72621774, 128.50157376, 127.45408198, 127.39096954]",-19.00799792398996,-2.8888269253801613,NULL,-999,86.19672544782625,-0.27359472058976986,0
solana_2026-02-02,solana,SOL,2026-02-02T00:00:00Z,100.881066130847,4826990625.731281,54778564181.40755,4,Smart Contract Platform,binance,"[132.31679964, 133.30031233, 134.43165908, 138.00030959, 140.82974813, 136.19851494, 138.37930951, 135.86713631, 135.84312878, 139.32018515, 139.07230583, 145.73859432, 146.51080044, 142.37528313, 144.91193902, 143.68428259, 135.50334566, 133.41323871, 126.10764632, 129.72621774, 128.50157376, 127.45408198, 127.39096954, 118.66203054, 124.18651087, 127.20506143, 125.36504185, 117.88297972, 117.47753462, 105.49281488]",-31.14428026805124,-23.75793065764633,NULL,-999,84.2627584319434,-0.164731681932752,0
solana_2026-02-09,solana,SOL,2026-02-09T00:00:00Z,87.2357989380757,2792263299.689983,47369164446.05801,4,Smart Contract Platform,binance,"[135.86713631, 135.84312878, 139.32018515, 139.07230583, 145.73859432, 146.51080044, 142.37528313, 144.91193902, 143.68428259, 135.50334566, 133.41323871, 126.10764632, 129.72621774, 128.50157376, 127.45408198, 127.39096954, 118.66203054, 124.18651087, 127.20506143, 125.36504185, 117.88297972, 117.47753462, 105.49281488, 100.88106613, 104.3921546, 97.63094796, 92.05686817, 78.40434132, 86.97764558, 87.54346373]",-40.457769206345894,-35.79330417589895,NULL,-999,93.14241861919785,0.06770866723321878,1
solana_2026-02-16,solana,SOL,2026-02-16T00:00:00Z,86.28536644166955,3710825666.100695,46853078231.85255,4,Smart Contract Platform,binance,"[144.91193902, 143.68428259, 135.50334566, 133.41323871, 126.10764632, 129.72621774, 128.50157376, 127.45408198, 127.39096954, 118.66203054, 124.18651087, 127.20506143, 125.36504185, 117.88297972, 117.47753462, 105.49281488, 100.88106613, 104.3921546, 97.63094796, 92.05686817, 78.40434132, 86.97764558, 87.54346373, 87.23579894, 86.80274714, 82.97679508, 79.55930152, 78.62969333, 84.4579013, 88.1631133]",-40.456689059931094,-40.456689059931094,NULL,-999,86.51689163386662,0.002683249799415144,1
solana_2026-02-23,solana,SOL,2026-02-23T00:00:00Z,78.74991176781678,2158912618.139571,42761315492.62518,4,Smart Contract Platform,binance,"[127.45408198, 127.39096954, 118.66203054, 124.18651087, 127.20506143, 125.36504185, 117.88297972, 117.47753462, 105.49281488, 100.88106613, 104.3921546, 97.63094796, 92.05686817, 78.40434132, 86.97764558, 87.54346373, 87.23579894, 86.80274714, 82.97679508, 79.55930152, 78.62969333, 84.4579013, 88.1631133, 86.28536644, 86.57714481, 85.34355742, 81.75815785, 82.6525985, 84.79782003, 85.45636297]",-38.21311130914857,-38.21311130914857,NULL,-999,85.6707931191255,0.08788430610200537,1
solana_2026-03-02,solana,SOL,2026-03-02T00:00:00Z,83.73986956786652,4223990395.905905,45470869763.7706,4,Smart Contract Platform,binance,"[117.47753462, 105.49281488, 100.88106613, 104.3921546, 97.63094796, 92.05686817, 78.40434132, 86.97764558, 87.54346373, 87.23579894, 86.80274714, 82.97679508, 79.55930152, 78.62969333, 84.4579013, 88.1631133, 86.28536644, 86.57714481, 85.34355742, 81.75815785, 82.6525985, 84.79782003, 85.45636297, 78.74991177, 78.26986414, 79.15515746, 88.0792446, 86.07936596, 82.04418185, 84.67491088]",-28.71839723233023,-28.71839723233023,NULL,-999,82.68649732797877,-0.012579100556564082,0
solana_2026-03-09,solana,SOL,2026-03-09T00:00:00Z,81.88428957123448,2208640247.671016,44463287153.497574,4,Smart Contract Platform,binance,"[86.97764558, 87.54346373, 87.23579894, 86.80274714, 82.97679508, 79.55930152, 78.62969333, 84.4579013, 88.1631133, 86.28536644, 86.57714481, 85.34355742, 81.75815785, 82.6525985, 84.79782003, 85.45636297, 78.74991177, 78.26986414, 79.15515746, 88.0792446, 86.07936596, 82.04418185, 84.67491088, 83.73986957, 86.75098086, 87.05158771, 91.07299802, 88.95101499, 84.73200681, 83.62301488]",-10.089388341936523,-5.855936857601495,NULL,-999,62.17918349826299,-0.2406457475072702,0
solana_2026-03-16,solana,SOL,2026-03-16T00:00:00Z,92.84245908141786,2726424649.5209336,53046073672.589714,4,Smart Contract Platform,binance,"[84.4579013, 88.1631133, 86.28536644, 86.57714481, 85.34355742, 81.75815785, 82.6525985, 84.79782003, 85.45636297, 78.74991177, 78.26986414, 79.15515746, 88.0792446, 86.07936596, 82.04418185, 84.67491088, 83.73986957, 86.75098086, 87.05158771, 91.07299802, 88.95101499, 84.73200681, 83.62301488, 81.88428957, 85.02093175, 85.89560658, 86.55815043, 86.91319466, 88.13547875, 88.22402193]",1.9429041585218965,9.927499561029585,NULL,-999,68.87994920794057,-0.2580986125374324,0
solana_2026-03-23,solana,SOL,2026-03-23T00:00:00Z,86.51000589698566,2176702533.7310886,49485135094.03831,4,Smart Contract Platform,binance,"[84.79782003, 85.45636297, 78.74991177, 78.26986414, 79.15515746, 88.0792446, 86.07936596, 82.04418185, 84.67491088, 83.73986957, 86.75098086, 87.05158771, 91.07299802, 88.95101499, 84.73200681, 83.62301488, 81.88428957, 85.02093175, 85.89560658, 86.55815043, 86.91319466, 88.13547875, 88.22402193, 92.84245908, 95.89308559, 94.88825669, 90.1155442, 89.13814377, 89.88102392, 86.94066815]",-9.784938755221395,2.019139018132954,NULL,-999,73.18000530963474,-0.15408622909151126,0
solana_2026-03-30,solana,SOL,2026-03-30T00:00:00Z,81.38667344193283,1785841210.682829,46593513708.730415,4,Smart Contract Platform,binance,"[82.04418185, 84.67491088, 83.73986957, 86.75098086, 87.05158771, 91.07299802, 88.95101499, 84.73200681, 83.62301488, 81.88428957, 85.02093175, 85.89560658, 86.55815043, 86.91319466, 88.13547875, 88.22402193, 92.84245908, 95.89308559, 94.88825669, 90.1155442, 89.13814377, 89.88102392, 86.94066815, 86.5100059, 91.61995873, 90.95642494, 91.79638934, 86.5600092, 83.00571326, 82.10772805]",-15.127693577829238,-0.8014077264924424,NULL,-999,70.40481823828176,-0.13493431712117243,0
solana_2026-04-06,solana,SOL,2026-04-06T00:00:00Z,82.54140759499754,2185406548.9011254,48122229366.05857,4,Smart Contract Platform,binance,"[84.73200681, 83.62301488, 81.88428957, 85.02093175, 85.89560658, 86.55815043, 86.91319466, 88.13547875, 88.22402193, 92.84245908, 95.89308559, 94.88825669, 90.1155442, 89.13814377, 89.88102392, 86.94066815, 86.5100059, 91.61995873, 90.95642494, 91.79638934, 86.5600092, 83.00571326, 82.10772805, 81.38667344, 82.44612596, 83.03928802, 81.21202678, 79.04954676, 80.43396289, 80.90650748]",-13.923504406183373,-2.585326721384351,NULL,-999,81.70349684813986,-0.010151398810267609,0
solana_2026-04-13,solana,SOL,2026-04-13T00:00:00Z,81.48683233639147,2471128962.045342,46815848907.80186,4,Smart Contract Platform,binance,"[88.13547875, 88.22402193, 92.84245908, 95.89308559, 94.88825669, 90.1155442, 89.13814377, 89.88102392, 86.94066815, 86.5100059, 91.61995873, 90.95642494, 91.79638934, 86.5600092, 83.00571326, 82.10772805, 81.38667344, 82.44612596, 83.03928802, 81.21202678, 79.04954676, 80.43396289, 80.90650748, 82.54140759, 80.14391345, 85.73782127, 82.52857913, 83.30191658, 84.80770647, 84.93208357]",-15.023245072663771,-7.543666305159224,NULL,-999,76.71562325891836,-0.05855190268995558,0
solana_2026-04-20,solana,SOL,2026-04-20T00:00:00Z,83.50924821523091,3151480518.597618,48059854719.96748,4,Smart Contract Platform,binance,"[89.88102392, 86.94066815, 86.5100059, 91.61995873, 90.95642494, 91.79638934, 86.5600092, 83.00571326, 82.10772805, 81.38667344, 82.44612596, 83.03928802, 81.21202678, 79.04954676, 80.43396289, 80.90650748, 82.54140759, 80.14391345, 85.73782127, 82.52857913, 83.30191658, 84.80770647, 84.93208357, 81.48683234, 86.63567521, 83.81940156, 84.96031849, 89.09592878, 88.8299709, 86.16588217]",-9.027741924894316,-7.0891222888274985,NULL,-999,75.48105541148355,-0.09613537392955629,0
solana_2026-04-27,solana,SOL,2026-04-27T00:00:00Z,86.93731595191888,1868945015.0480602,50062941610.94229,4,Smart Contract Platform,binance,"[83.00571326, 82.10772805, 81.38667344, 82.44612596, 83.03928802, 81.21202678, 79.04954676, 80.43396289, 80.90650748, 82.54140759, 80.14391345, 85.73782127, 82.52857913, 83.30191658, 84.80770647, 84.93208357, 81.48683234, 86.63567521, 83.81940156, 84.96031849, 89.09592878, 88.8299709, 86.16588217, 83.50924822, 85.29408341, 86.04243642, 86.93158314, 86.14014927, 86.21855422, 86.19672545]",-2.4227962560959493,4.736544681310173,NULL,-999,74.47711500496659,-0.14332396636035394,0
solana_2026-05-04,solana,SOL,2026-05-04T00:00:00Z,83.84166473387728,1597293266.3711183,48320196351.68198,4,Smart Contract Platform,binance,"[80.43396289, 80.90650748, 82.54140759, 80.14391345, 85.73782127, 82.52857913, 83.30191658, 84.80770647, 84.93208357, 81.48683234, 86.63567521, 83.81940156, 84.96031849, 89.09592878, 88.8299709, 86.16588217, 83.50924822, 85.29408341, 86.04243642, 86.93158314, 86.14014927, 86.21855422, 86.19672545, 86.93731595, 84.80959101, 84.04602359, 83.03560021, 83.03995076, 83.74516061, 84.26275843]",-5.89731104086304,4.236645473166534,NULL,-999,71.89412540165443,-0.14250121786280912,0
solana_2026-05-11,solana,SOL,2026-05-11T00:00:00Z,96.4109436575395,3365784069.7796283,55703224803.12754,4,Smart Contract Platform,binance,"[84.80770647, 84.93208357, 81.48683234, 86.63567521, 83.81940156, 84.96031849, 89.09592878, 88.8299709, 86.16588217, 83.50924822, 85.29408341, 86.04243642, 86.93158314, 86.14014927, 86.21855422, 86.19672545, 86.93731595, 84.80959101, 84.04602359, 83.03560021, 83.03995076, 83.74516061, 84.26275843, 83.84166473, 84.08449537, 86.30486668, 89.16544229, 88.43226804, 92.00519013, 93.14241862]",3.509169169961801,13.68181934788042,NULL,-999,75.95980019087798,-0.2121247100257192,0
solana_2026-05-18,solana,SOL,2026-05-18T00:00:00Z,85.18280454864586,2078511223.494443,49259649751.012146,4,Smart Contract Platform,binance,"[88.8299709, 86.16588217, 83.50924822, 85.29408341, 86.04243642, 86.93158314, 86.14014927, 86.21855422, 86.19672545, 86.93731595, 84.80959101, 84.04602359, 83.03560021, 83.03995076, 83.74516061, 84.26275843, 83.84166473, 84.08449537, 86.30486668, 89.16544229, 88.43226804, 92.00519013, 93.14241862, 96.41094366, 97.25241253, 94.2851237, 91.11811094, 92.11986534, 89.19910496, 86.51689163]",-12.410600076279232,-4.105783568044286,NULL,-999,75.27983398665542,-0.11625551206564344,0
solana_2026-05-25,solana,SOL,2026-05-25T00:00:00Z,85.22303380051963,2299313017.9576964,49267316580.51776,4,Smart Contract Platform,binance,"[86.21855422, 86.19672545, 86.93731595, 84.80959101, 84.04602359, 83.03560021, 83.03995076, 83.74516061, 84.26275843, 83.84166473, 84.08449537, 86.30486668, 89.16544229, 88.43226804, 92.00519013, 93.14241862, 96.41094366, 97.25241253, 94.2851237, 91.11811094, 92.11986534, 89.19910496, 86.51689163, 85.18280455, 85.31915789, 84.19081048, 86.0586586, 87.17389465, 84.31186681, 85.67079312]",-12.369234262490004,-1.1546475395559974,NULL,-999,93.88470787526389,0.10163536415540553,1
solana_2026-06-01,solana,SOL,2026-06-01T00:00:00Z,82.33762528669455,1344660031.4575894,47638112086.279015,4,Smart Contract Platform,binance,"[83.74516061, 84.26275843, 83.84166473, 84.08449537, 86.30486668, 89.16544229, 88.43226804, 92.00519013, 93.14241862, 96.41094366, 97.25241253, 94.2851237, 91.11811094, 92.11986534, 89.19910496, 86.51689163, 85.18280455, 85.31915789, 84.19081048, 86.0586586, 87.17389465, 84.31186681, 85.67079312, 85.2230338, 84.97682972, 83.667514, 82.33204555, 82.04394633, 81.97704121, 82.68649733]",-15.336161702832795,-1.6807363109686557,NULL,-999,105.5938871300456,0.2824499949127046,1
solana_2026-06-08,solana,SOL,2026-06-08T00:00:00Z,66.42475751544987,3136535778.934595,38480144220.633545,4,Smart Contract Platform,binance,"[92.00519013, 93.14241862, 96.41094366, 97.25241253, 94.2851237, 91.11811094, 92.11986534, 89.19910496, 86.51689163, 85.18280455, 85.31915789, 84.19081048, 86.0586586, 87.17389465, 84.31186681, 85.67079312, 85.2230338, 84.97682972, 83.667514, 82.33204555, 82.04394633, 81.97704121, 82.68649733, 82.33762529, 81.16096272, 74.13901501, 71.54368517, 68.81086787, 63.63313109, 62.1791835]",-31.698601828326346,-27.80324955195661,NULL,-999,103.16637621681609,0.5531313937099493,1
dogecoin_2025-10-20,dogecoin,DOGE,2025-10-20T00:00:00Z,0.19523004984286133,1882302241.150627,29566025013.696957,5,Smart Contract Platform,coinup,"[0.26537046, 0.26780086, 0.26083952, 0.24131647, 0.23725212, 0.24108765, 0.22382539, 0.23222498, 0.23081111, 0.23714778, 0.23502068, 0.23306643, 0.2490561, 0.26180524, 0.25853096, 0.25097783, 0.25277581, 0.26681341, 0.24726705, 0.25561964, 0.24855951, 0.19372119, 0.18532819, 0.20748196, 0.21407087, 0.20448167, 0.19638014, 0.18836368, 0.18479834, 0.18957297]",-27.098795409924215,-26.431130174109484,NULL,-999,0.13780545835972827,-0.2941380772547747,0
dogecoin_2025-10-27,dogecoin,DOGE,2025-10-27T00:00:00Z,0.2057400449032107,1581096084.3559089,31158282896.98787,5,Smart Contract Platform,coinup,"[0.23222498, 0.23081111, 0.23714778, 0.23502068, 0.23306643, 0.2490561, 0.26180524, 0.25853096, 0.25097783, 0.25277581, 0.26681341, 0.24726705, 0.25561964, 0.24855951, 0.19372119, 0.18532819, 0.20748196, 0.21407087, 0.20448167, 0.19638014, 0.18836368, 0.18479834, 0.18957297, 0.19523005, 0.20006427, 0.19436806, 0.18996417, 0.19492013, 0.19774673, 0.19651735]",-22.88991477324238,-11.404861285309009,NULL,-999,0.12566888413322286,-0.3891860760877004,0
dogecoin_2025-11-03,dogecoin,DOGE,2025-11-03T00:00:00Z,0.18648708365937705,903218446.865168,28275111773.130444,5,Smart Contract Platform,coinup,"[0.25853096, 0.25097783, 0.25277581, 0.26681341, 0.24726705, 0.25561964, 0.24855951, 0.19372119, 0.18532819, 0.20748196, 0.21407087, 0.20448167, 0.19638014, 0.18836368, 0.18479834, 0.18957297, 0.19523005, 0.20006427, 0.19436806, 0.18996417, 0.19492013, 0.19774673, 0.19651735, 0.20574004, 0.2004059, 0.19362629, 0.19238321, 0.18265294, 0.18638457, 0.18733562]",-30.10580452906457,-27.866632709612528,NULL,-999,0.10445081522295535,-0.43990321917555875,0
dogecoin_2025-11-10,dogecoin,DOGE,2025-11-10T00:00:00Z,0.17896247774591076,1515728763.3245547,27169090314.71302,5,Smart Contract Platform,coinup,"[0.19372119, 0.18532819, 0.20748196, 0.21407087, 0.20448167, 0.19638014, 0.18836368, 0.18479834, 0.18957297, 0.19523005, 0.20006427, 0.19436806, 0.18996417, 0.19492013, 0.19774673, 0.19651735, 0.20574004, 0.2004059, 0.19362629, 0.19238321, 0.18265294, 0.18638457, 0.18733562, 0.18648708, 0.16714197, 0.16249298, 0.16722308, 0.16146035, 0.17902419, 0.17580297]",-16.40035870215599,-7.618534324241699,NULL,-999,0.09858906497066085,-0.44910762181871067,0
dogecoin_2025-11-17,dogecoin,DOGE,2025-11-17T00:00:00Z,0.1584726361330843,1695845316.5875008,24085288389.966816,5,Smart Contract Platform,coinup,"[0.18479834, 0.18957297, 0.19523005, 0.20006427, 0.19436806, 0.18996417, 0.19492013, 0.19774673, 0.19651735, 0.20574004, 0.2004059, 0.19362629, 0.19238321, 0.18265294, 0.18638457, 0.18733562, 0.18648708, 0.16714197, 0.16249298, 0.16722308, 0.16146035, 0.17902419, 0.17580297, 0.17896248, 0.18184503, 0.1721072, 0.17005958, 0.16373166, 0.15766892, 0.16287839]",-22.97433578978906,-14.245638696556206,NULL,-999,0.11148575337452976,-0.29649839811521306,0
dogecoin_2025-11-24,dogecoin,DOGE,2025-11-24T00:00:00Z,0.14498864346608203,1316336247.984459,22025778856.233227,5,Smart Contract Platform,coinup,"[0.19774673, 0.19651735, 0.20574004, 0.2004059, 0.19362629, 0.19238321, 0.18265294, 0.18638457, 0.18733562, 0.18648708, 0.16714197, 0.16249298, 0.16722308, 0.16146035, 0.17902419, 0.17580297, 0.17896248, 0.18184503, 0.1721072, 0.17005958, 0.16373166, 0.15766892, 0.16287839, 0.15847264, 0.15185972, 0.16164196, 0.1542734, 0.14906162, 0.14018981, 0.14026182]",-29.528233779529334,-26.679625464328815,NULL,-999,0.09977881901508175,-0.31181631450725633,0
dogecoin_2025-12-01,dogecoin,DOGE,2025-12-01T00:00:00Z,0.14624497331907071,729640015.4786147,22291774167.8068,5,Smart Contract Platform,coinup,"[0.18638457, 0.18733562, 0.18648708, 0.16714197, 0.16249298, 0.16722308, 0.16146035, 0.17902419, 0.17580297, 0.17896248, 0.18184503, 0.1721072, 0.17005958, 0.16373166, 0.15766892, 0.16287839, 0.15847264, 0.15185972, 0.16164196, 0.1542734, 0.14906162, 0.14018981, 0.14026182, 0.14498864, 0.15176881, 0.15303497, 0.15477695, 0.15271406, 0.15026056, 0.14843656]",-21.93424212401697,-21.53590097739607,NULL,-999,0.0947020016994328,-0.3524426887971307,0
dogecoin_2025-12-08,dogecoin,DOGE,2025-12-08T00:00:00Z,0.13849895278791452,1067434365.8196242,22365426611.306633,5,Smart Contract Platform,coinup,"[0.17902419, 0.17580297, 0.17896248, 0.18184503, 0.1721072, 0.17005958, 0.16373166, 0.15766892, 0.16287839, 0.15847264, 0.15185972, 0.16164196, 0.1542734, 0.14906162, 0.14018981, 0.14026182, 0.14498864, 0.15176881, 0.15303497, 0.15477695, 0.15271406, 0.15026056, 0.14843656, 0.14624497, 0.13552225, 0.14586476, 0.15183923, 0.14746935, 0.13952762, 0.1397359]",-23.836821486782988,-22.636738689865645,NULL,-999,0.09125683876105166,-0.34110087532001343,0
dogecoin_2025-12-15,dogecoin,DOGE,2025-12-15T00:00:00Z,0.13420445902723682,835846091.8321795,22530057114.85072,5,Smart Contract Platform,coinup,"[0.15766892, 0.16287839, 0.15847264, 0.15185972, 0.16164196, 0.1542734, 0.14906162, 0.14018981, 0.14026182, 0.14498864, 0.15176881, 0.15303497, 0.15477695, 0.15271406, 0.15026056, 0.14843656, 0.14624497, 0.13552225, 0.14586476, 0.15183923, 0.14746935, 0.13952762, 0.1397359, 0.13849895, 0.14259424, 0.14803469, 0.14343748, 0.14041487, 0.13691204, 0.13907831]",-17.604503972734943,-14.882107968053216,NULL,-999,0.09680332295269285,-0.27868773024116433,0
dogecoin_2025-12-22,dogecoin,DOGE,2025-12-22T00:00:00Z,0.1310796546735696,635480219.9827914,22017141074.93841,5,Smart Contract Platform,coinup,"[0.14018981, 0.14026182, 0.14498864, 0.15176881, 0.15303497, 0.15477695, 0.15271406, 0.15026056, 0.14843656, 0.14624497, 0.13552225, 0.14586476, 0.15183923, 0.14746935, 0.13952762, 0.1397359, 0.13849895, 0.14259424, 0.14803469, 0.14343748, 0.14041487, 0.13691204, 0.13907831, 0.13420446, 0.12972074, 0.13168866, 0.12622094, 0.12203157, 0.13217646, 0.13191761]",-15.310608481128064,-6.498444606038767,NULL,-999,0.09162567242594302,-0.3009924182809274,0
dogecoin_2025-12-29,dogecoin,DOGE,2025-12-29T00:00:00Z,0.12380674879477664,437808786.30913854,20813214584.620377,5,Smart Contract Platform,coinup,"[0.15026056, 0.14843656, 0.14624497, 0.13552225, 0.14586476, 0.15183923, 0.14746935, 0.13952762, 0.1397359, 0.13849895, 0.14259424, 0.14803469, 0.14343748, 0.14041487, 0.13691204, 0.13907831, 0.13420446, 0.12972074, 0.13168866, 0.12622094, 0.12203157, 0.13217646, 0.13191761, 0.13107965, 0.13243516, 0.12925785, 0.12850557, 0.123566, 0.12201551, 0.12429609]",-18.461950389321792,-17.605294649285362,NULL,-999,0.09092134238007735,-0.26561885143442776,0
dogecoin_2026-01-05,dogecoin,DOGE,2026-01-05T00:00:00Z,0.14991234903820938,2127673045.6879063,25212716562.623436,5,Smart Contract Platform,coinup,"[0.13952762, 0.1397359, 0.13849895, 0.14259424, 0.14803469, 0.14343748, 0.14041487, 0.13691204, 0.13907831, 0.13420446, 0.12972074, 0.13168866, 0.12622094, 0.12203157, 0.13217646, 0.13191761, 0.13107965, 0.13243516, 0.12925785, 0.12850557, 0.123566, 0.12201551, 0.12429609, 0.12380675, 0.12269149, 0.12315845, 0.11747006, 0.12679944, 0.14211216, 0.14278836]",1.2683940042647501,7.442778641115622,NULL,-999,0.092502119036856,-0.38295864463254303,0
dogecoin_2026-01-12,dogecoin,DOGE,2026-01-12T00:00:00Z,0.13820607826963027,701525664.4032276,23257187987.551258,5,Smart Contract Platform,coinup,"[0.13691204, 0.13907831, 0.13420446, 0.12972074, 0.13168866, 0.12622094, 0.12203157, 0.13217646, 0.13191761, 0.13107965, 0.13243516, 0.12925785, 0.12850557, 0.123566, 0.12201551, 0.12429609, 0.12380675, 0.12269149, 0.12315845, 0.11747006, 0.12679944, 0.14211216, 0.14278836, 0.14991235, 0.15179092, 0.15023325, 0.14629712, 0.14197945, 0.14091486, 0.14028717]",-8.949705100033011,0.9451584184326123,NULL,-999,0.09307195437079681,-0.3265711932783447,0
dogecoin_2026-01-19,dogecoin,DOGE,2026-01-19T00:00:00Z,0.12841431981457588,690654339.9550261,21621717839.40801,5,Smart Contract Platform,coinup,"[0.13217646, 0.13191761, 0.13107965, 0.13243516, 0.12925785, 0.12850557, 0.123566, 0.12201551, 0.12429609, 0.12380675, 0.12269149, 0.12315845, 0.11747006, 0.12679944, 0.14211216, 0.14278836, 0.14991235, 0.15179092, 0.15023325, 0.14629712, 0.14197945, 0.14091486, 0.14028717, 0.13820608, 0.13675683, 0.14875801, 0.14728531, 0.1402342, 0.138419, 0.13780546]",-15.400524818559514,-2.846299423221965,NULL,-999,0.09476604488040938,-0.2620289932053761,0
dogecoin_2026-01-26,dogecoin,DOGE,2026-01-26T00:00:00Z,0.1198425987645,954187510.0366449,20189920139.758297,5,Smart Contract Platform,coinup,"[0.12201551, 0.12429609, 0.12380675, 0.12269149, 0.12315845, 0.11747006, 0.12679944, 0.14211216, 0.14278836, 0.14991235, 0.15179092, 0.15023325, 0.14629712, 0.14197945, 0.14091486, 0.14028717, 0.13820608, 0.13675683, 0.14875801, 0.14728531, 0.1402342, 0.138419, 0.13780546, 0.12841432, 0.12926301, 0.12395149, 0.12702643, 0.12503453, 0.1254205, 0.12566888]",-21.04758274235825,-1.7808464545275848,NULL,-999,0.09801603954287866,-0.18212688515301823,0
dogecoin_2026-02-02,dogecoin,DOGE,2026-02-02T00:00:00Z,0.10477647848500825,1302742002.1974688,17661744865.54235,5,Smart Contract Platform,coinup,"[0.14211216, 0.14278836, 0.14991235, 0.15179092, 0.15023325, 0.14629712, 0.14197945, 0.14091486, 0.14028717, 0.13820608, 0.13675683, 0.14875801, 0.14728531, 0.1402342, 0.138419, 0.13780546, 0.12841432, 0.12926301, 0.12395149, 0.12702643, 0.12503453, 0.1254205, 0.12566888, 0.1198426, 0.12271611, 0.12675702, 0.12551383, 0.1177612, 0.11600563, 0.10445082]",-30.973157012470022,-26.2719840452199,NULL,-999,0.1084968617609307,0.0355078098607291,1
dogecoin_2026-02-09,dogecoin,DOGE,2026-02-09T00:00:00Z,0.09742249180687622,822157591.9741366,16431413190.010479,5,Smart Contract Platform,coinup,"[0.14091486, 0.14028717, 0.13820608, 0.13675683, 0.14875801, 0.14728531, 0.1402342, 0.138419, 0.13780546, 0.12841432, 0.12926301, 0.12395149, 0.12702643, 0.12503453, 0.1254205, 0.12566888, 0.1198426, 0.12271611, 0.12675702, 0.12551383, 0.1177612, 0.11600563, 0.10445082, 0.10477648, 0.10823642, 0.10597677, 0.10409465, 0.08867966, 0.09832994, 0.09858906]",-34.50941507254747,-30.864289781255117,NULL,-999,0.10876023988062115,0.11637711029009723,1
dogecoin_2026-02-16,dogecoin,DOGE,2026-02-16T00:00:00Z,0.10292222857296192,2461591639.5659676,17368838615.30354,5,Smart Contract Platform,coinup,"[0.138419, 0.13780546, 0.12841432, 0.12926301, 0.12395149, 0.12702643, 0.12503453, 0.1254205, 0.12566888, 0.1198426, 0.12271611, 0.12675702, 0.12551383, 0.1177612, 0.11600563, 0.10445082, 0.10477648, 0.10823642, 0.10597677, 0.10409465, 0.08867966, 0.09832994, 0.09858906, 0.09742249, 0.09630497, 0.09287013, 0.09185182, 0.09385537, 0.09746272, 0.11148575]",-25.64443811678213,-25.64443811678213,NULL,-999,0.10933493186966811,0.062306300452483976,1
dogecoin_2026-02-23,dogecoin,DOGE,2026-02-23T00:00:00Z,0.09378679587062096,658722999.4104198,15836058337.803247,5,Smart Contract Platform,coinup,"[0.1254205, 0.12566888, 0.1198426, 0.12271611, 0.12675702, 0.12551383, 0.1177612, 0.11600563, 0.10445082, 0.10477648, 0.10823642, 0.10597677, 0.10409465, 0.08867966, 0.09832994, 0.09858906, 0.09742249, 0.09630497, 0.09287013, 0.09185182, 0.09385537, 0.09746272, 0.11148575, 0.10292223, 0.10154178, 0.10140935, 0.0993916, 0.09908842, 0.10077846, 0.09977882]",-26.01057222496688,-25.222116863870326,NULL,-999,0.10294759713151198,0.09767687632199706,1
dogecoin_2026-03-02,dogecoin,DOGE,2026-03-02T00:00:00Z,0.09260867523865081,1101656910.151119,15645960923.352942,5,Smart Contract Platform,coinup,"[0.11600563, 0.10445082, 0.10477648, 0.10823642, 0.10597677, 0.10409465, 0.08867966, 0.09832994, 0.09858906, 0.09742249, 0.09630497, 0.09287013, 0.09185182, 0.09385537, 0.09746272, 0.11148575, 0.10292223, 0.10154178, 0.10140935, 0.0993916, 0.09908842, 0.10077846, 0.09977882, 0.0937868, 0.09382989, 0.09231967, 0.10129051, 0.09771299, 0.0941645, 0.094702]",-20.16880854826868,-20.16880854826868,NULL,-999,0.1005669086728194,0.08593399499194176,1
dogecoin_2026-03-09,dogecoin,DOGE,2026-03-09T00:00:00Z,0.09001120978923448,755884756.111726,13801465277.305346,5,Smart Contract Platform,coinup,"[0.09832994, 0.09858906, 0.09742249, 0.09630497, 0.09287013, 0.09185182, 0.09385537, 0.09746272, 0.11148575, 0.10292223, 0.10154178, 0.10140935, 0.0993916, 0.09908842, 0.10077846, 0.09977882, 0.0937868, 0.09382989, 0.09231967, 0.10129051, 0.09771299, 0.0941645, 0.094702, 0.09260868, 0.09418944, 0.09060899, 0.09938293, 0.09400095, 0.09192375, 0.09125684]",-19.262141516102805,-8.460020415126213,NULL,-999,0.08187040239136993,-0.09044215067130679,0
dogecoin_2026-03-16,dogecoin,DOGE,2026-03-16T00:00:00Z,0.09861155257609776,771476761.2119987,15129555986.62142,5,Smart Contract Platform,coinup,"[0.09746272, 0.11148575, 0.10292223, 0.10154178, 0.10140935, 0.0993916, 0.09908842, 0.10077846, 0.09977882, 0.0937868, 0.09382989, 0.09231967, 0.10129051, 0.09771299, 0.0941645, 0.094702, 0.09260868, 0.09418944, 0.09060899, 0.09938293, 0.09400095, 0.09192375, 0.09125684, 0.09001121, 0.09110724, 0.09479526, 0.0929541, 0.09523677, 0.09610802, 0.09680332]",-11.547843925117396,1.1787434664349172,NULL,-999,0.08783470249875856,-0.10928587772738685,0
dogecoin_2026-03-23,dogecoin,DOGE,2026-03-23T00:00:00Z,0.09122831102086294,661653084.7083439,14005457557.192993,5,Smart Contract Platform,coinup,"[0.10077846, 0.09977882, 0.0937868, 0.09382989, 0.09231967, 0.10129051, 0.09771299, 0.0941645, 0.094702, 0.09260868, 0.09418944, 0.09060899, 0.09938293, 0.09400095, 0.09192375, 0.09125684, 0.09001121, 0.09110724, 0.09479526, 0.0929541, 0.09523677, 0.09610802, 0.09680332, 0.09861155, 0.10294947, 0.10075683, 0.09555013, 0.09433529, 0.09415676, 0.09162567]",-11.385348117765904,-9.476376335688673,NULL,-999,0.08363857899419722,-0.08319491988545136,0
dogecoin_2026-03-30,dogecoin,DOGE,2026-03-30T00:00:00Z,0.09043168902101487,673214343.4365487,13891787473.349514,5,Smart Contract Platform,coinup,"[0.0941645, 0.094702, 0.09260868, 0.09418944, 0.09060899, 0.09938293, 0.09400095, 0.09192375, 0.09125684, 0.09001121, 0.09110724, 0.09479526, 0.0929541, 0.09523677, 0.09610802, 0.09680332, 0.09861155, 0.10294947, 0.10075683, 0.09555013, 0.09433529, 0.09415676, 0.09162567, 0.09122831, 0.09462232, 0.09581868, 0.09673753, 0.09249075, 0.0900956, 0.09092134]",-12.159147176504614,-3.9641418653069693,NULL,-999,0.07440981051925101,-0.177171063320963,0
dogecoin_2026-04-06,dogecoin,DOGE,2026-04-06T00:00:00Z,0.09313564816357862,585490629.1204538,14315936955.163094,5,Smart Contract Platform,coinup,"[0.09192375, 0.09125684, 0.09001121, 0.09110724, 0.09479526, 0.0929541, 0.09523677, 0.09610802, 0.09680332, 0.09861155, 0.10294947, 0.10075683, 0.09555013, 0.09433529, 0.09415676, 0.09162567, 0.09122831, 0.09462232, 0.09581868, 0.09673753, 0.09249075, 0.0900956, 0.09092134, 0.09043169, 0.09068107, 0.09218519, 0.09234488, 0.09066748, 0.09181953, 0.09250212]",-9.532655515738531,1.3183705948735858,NULL,-999,0.07759782506422871,-0.16683003131153484,0
dogecoin_2026-04-13,dogecoin,DOGE,2026-04-13T00:00:00Z,0.0909254064487368,1079260765.883022,13984830909.754374,5,Smart Contract Platform,coinup,"[0.09610802, 0.09680332, 0.09861155, 0.10294947, 0.10075683, 0.09555013, 0.09433529, 0.09415676, 0.09162567, 0.09122831, 0.09462232, 0.09581868, 0.09673753, 0.09249075, 0.0900956, 0.09092134, 0.09043169, 0.09068107, 0.09218519, 0.09234488, 0.09066748, 0.09181953, 0.09250212, 0.09313565, 0.0907135, 0.09531816, 0.09253109, 0.09275839, 0.0937691, 0.09307195]",-11.679574580057384,-5.392489890938135,NULL,-999,0.07317772507372639,-0.19518946428924078,0
dogecoin_2026-04-20,dogecoin,DOGE,2026-04-20T00:00:00Z,0.09306145280115537,1612934296.0199807,14322129331.124323,5,Smart Contract Platform,coinup,"[0.09415676, 0.09162567, 0.09122831, 0.09462232, 0.09581868, 0.09673753, 0.09249075, 0.0900956, 0.09092134, 0.09043169, 0.09068107, 0.09218519, 0.09234488, 0.09066748, 0.09181953, 0.09250212, 0.09313565, 0.0907135, 0.09531816, 0.09253109, 0.09275839, 0.0937691, 0.09307195, 0.09092541, 0.09413803, 0.09308929, 0.09498703, 0.09926332, 0.09949172, 0.09476604]",-6.46311928589558,-1.163284926429442,NULL,-999,0.07249010990297494,-0.22105116865234486,0
dogecoin_2026-04-27,dogecoin,DOGE,2026-04-27T00:00:00Z,0.09923963650431246,964497074.2670788,15282528536.958353,5,Smart Contract Platform,coinup,"[0.0900956, 0.09092134, 0.09043169, 0.09068107, 0.09218519, 0.09234488, 0.09066748, 0.09181953, 0.09250212, 0.09313565, 0.0907135, 0.09531816, 0.09253109, 0.09275839, 0.0937691, 0.09307195, 0.09092541, 0.09413803, 0.09308929, 0.09498703, 0.09926332, 0.09949172, 0.09476604, 0.09306145, 0.09524589, 0.09519329, 0.09567002, 0.09717533, 0.0984873, 0.09801604]",-0.25337277240836675,10.149264057992724,NULL,-999,0.07168430264037445,-0.27766459888978523,0
dogecoin_2026-05-04,dogecoin,DOGE,2026-05-04T00:00:00Z,0.10814607580649797,966463156.2312499,16664247896.22883,5,Smart Contract Platform,coinup,"[0.09181953, 0.09250212, 0.09313565, 0.0907135, 0.09531816, 0.09253109, 0.09275839, 0.0937691, 0.09307195, 0.09092541, 0.09413803, 0.09308929, 0.09498703, 0.09926332, 0.09949172, 0.09476604, 0.09306145, 0.09524589, 0.09519329, 0.09567002, 0.09717533, 0.0984873, 0.09801604, 0.09923964, 0.09897735, 0.09933762, 0.10410777, 0.10650891, 0.10847731, 0.10849686]",-0.3233143786275261,17.781123622664374,NULL,-999,0.06908986410078095,-0.36114312437558016,0
dogecoin_2026-05-11,dogecoin,DOGE,2026-05-11T00:00:00Z,0.1125431755668601,1304474113.8779922,17352642434.2774,5,Smart Contract Platform,coinup,"[0.0937691, 0.09307195, 0.09092541, 0.09413803, 0.09308929, 0.09498703, 0.09926332, 0.09949172, 0.09476604, 0.09306145, 0.09524589, 0.09519329, 0.09567002, 0.09717533, 0.0984873, 0.09801604, 0.09923964, 0.09897735, 0.09933762, 0.10410777, 0.10650891, 0.10847731, 0.10849686, 0.10814608, 0.11006553, 0.11486178, 0.11248049, 0.1078621, 0.10953828, 0.10876024]",-2.0186072376225828,20.021603823873146,NULL,-999,0.07037971703152887,-0.37464251673156845,0
dogecoin_2026-05-18,dogecoin,DOGE,2026-05-18T00:00:00Z,0.10889073201103928,892296681.639104,16799700941.545681,5,Smart Contract Platform,coinup,"[0.09949172, 0.09476604, 0.09306145, 0.09524589, 0.09519329, 0.09567002, 0.09717533, 0.0984873, 0.09801604, 0.09923964, 0.09897735, 0.09933762, 0.10410777, 0.10650891, 0.10847731, 0.10849686, 0.10814608, 0.11006553, 0.11486178, 0.11248049, 0.1078621, 0.10953828, 0.10876024, 0.11254318, 0.11117136, 0.11006448, 0.11263296, 0.1153225, 0.11328161, 0.10933493]",-5.5771992888968835,9.447027790884022,NULL,-999,0.06955804052737494,-0.3612124811474021,0
dogecoin_2026-05-25,dogecoin,DOGE,2026-05-25T00:00:00Z,0.10221371299195538,548684000.4457297,15779435779.552877,5,Smart Contract Platform,coinup,"[0.0984873, 0.09801604, 0.09923964, 0.09897735, 0.09933762, 0.10410777, 0.10650891, 0.10847731, 0.10849686, 0.10814608, 0.11006553, 0.11486178, 0.11248049, 0.1078621, 0.10953828, 0.10876024, 0.11254318, 0.11117136, 0.11006448, 0.11263296, 0.1153225, 0.11328161, 0.10933493, 0.10889073, 0.10467814, 0.10286541, 0.10357821, 0.10549077, 0.10222169, 0.1029476]",-11.3670661080426,3.7836457387637967,NULL,-999,0.09195483433967817,-0.10036695030425724,0
dogecoin_2026-06-01,dogecoin,DOGE,2026-06-01T00:00:00Z,0.1002889522380211,503470012.5414785,15491725352.47924,5,Smart Contract Platform,coinup,"[0.10847731, 0.10849686, 0.10814608, 0.11006553, 0.11486178, 0.11248049, 0.1078621, 0.10953828, 0.10876024, 0.11254318, 0.11117136, 0.11006448, 0.11263296, 0.1153225, 0.11328161, 0.10933493, 0.10889073, 0.10467814, 0.10286541, 0.10357821, 0.10549077, 0.10222169, 0.1029476, 0.10221371, 0.10203472, 0.10094056, 0.10033534, 0.09947699, 0.09962219, 0.10056691]",-13.036090622147833,-7.548454527091019,NULL,-999,0.08527944562451086,-0.1496626126663223,0
dogecoin_2026-06-08,dogecoin,DOGE,2026-06-08T00:00:00Z,0.08621559810194002,853856315.6713402,13326130009.996576,5,Smart Contract Platform,coinup,"[0.10953828, 0.10876024, 0.11254318, 0.11117136, 0.11006448, 0.11263296, 0.1153225, 0.11328161, 0.10933493, 0.10889073, 0.10467814, 0.10286541, 0.10357821, 0.10549077, 0.10222169, 0.1029476, 0.10221371, 0.10203472, 0.10094056, 0.10033534, 0.09947699, 0.09962219, 0.10056691, 0.10028895, 0.10094015, 0.0926146, 0.09132028, 0.08848796, 0.08147532, 0.0818704]",-25.239567340379885,-21.291807983759938,NULL,-999,0.08969060918380505,0.04030606013724136,1
cardano_2025-10-20,cardano,ADA,2025-10-20T00:00:00Z,0.6526910963141523,813238606.1373557,23847597630.37532,6,Smart Contract Platform,binance,"[0.89068638, 0.89391418, 0.88454831, 0.82587873, 0.80641935, 0.81261504, 0.76993247, 0.79123775, 0.78139145, 0.80818605, 0.80548037, 0.80743039, 0.85062058, 0.87066962, 0.86674303, 0.8401157, 0.83707414, 0.87440613, 0.82028651, 0.83897319, 0.81549116, 0.63592477, 0.63209003, 0.70022471, 0.72987423, 0.699405, 0.66890405, 0.64499635, 0.6247363, 0.63433806]",-26.98503849915491,-26.720436016497885,NULL,-999,0.3967712286283956,-0.39209952323691233,0
cardano_2025-10-27,cardano,ADA,2025-10-27T00:00:00Z,0.6812334622578501,754475187.1532245,24928941974.21793,6,Smart Contract Platform,binance,"[0.79123775, 0.78139145, 0.80818605, 0.80548037, 0.80743039, 0.85062058, 0.87066962, 0.86674303, 0.8401157, 0.83707414, 0.87440613, 0.82028651, 0.83897319, 0.81549116, 0.63592477, 0.63209003, 0.70022471, 0.72987423, 0.699405, 0.66890405, 0.64499635, 0.6247363, 0.63433806, 0.6526911, 0.66328907, 0.64260213, 0.62321405, 0.64306357, 0.65631998, 0.65419851]",-22.091870337644227,-13.902810606018656,NULL,-999,0.39210763425497736,-0.4244151880687229,0
cardano_2025-11-03,cardano,ADA,2025-11-03T00:00:00Z,0.6106007621663921,549279582.2886477,22264625880.41809,6,Smart Contract Platform,binance,"[0.86674303, 0.8401157, 0.83707414, 0.87440613, 0.82028651, 0.83897319, 0.81549116, 0.63592477, 0.63209003, 0.70022471, 0.72987423, 0.699405, 0.66890405, 0.64499635, 0.6247363, 0.63433806, 0.6526911, 0.66328907, 0.64260213, 0.62321405, 0.64306357, 0.65631998, 0.65419851, 0.68123346, 0.66698309, 0.64597267, 0.6398677, 0.60092849, 0.60898439, 0.61310389]",-30.169661376988,-29.55227355426193,NULL,-999,0.302206331426236,-0.5050672220682833,0
cardano_2025-11-10,cardano,ADA,2025-11-10T00:00:00Z,0.5783201871644684,920152021.384015,21153661783.757435,6,Smart Contract Platform,binance,"[0.63592477, 0.63209003, 0.70022471, 0.72987423, 0.699405, 0.66890405, 0.64499635, 0.6247363, 0.63433806, 0.6526911, 0.66328907, 0.64260213, 0.62321405, 0.64306357, 0.65631998, 0.65419851, 0.68123346, 0.66698309, 0.64597267, 0.6398677, 0.60092849, 0.60898439, 0.61310389, 0.61060076, 0.55154019, 0.52139339, 0.54545656, 0.53154633, 0.57813052, 0.56814454]",-20.76440516243099,-9.058395225409456,NULL,-999,0.27967739238923583,-0.5163969742081675,0
cardano_2025-11-17,cardano,ADA,2025-11-17T00:00:00Z,0.4843085545751566,1191617538.820114,17749745325.590206,6,Smart Contract Platform,binance,"[0.6247363, 0.63433806, 0.6526911, 0.66328907, 0.64260213, 0.62321405, 0.64306357, 0.65631998, 0.65419851, 0.68123346, 0.66698309, 0.64597267, 0.6398677, 0.60092849, 0.60898439, 0.61310389, 0.61060076, 0.55154019, 0.52139339, 0.54545656, 0.53154633, 0.57813052, 0.56814454, 0.57832019, 0.59232409, 0.55562637, 0.54468435, 0.52974386, 0.49811681, 0.50342629]",-28.907110204189657,-22.47792341716861,NULL,-999,0.315784485076404,-0.34796839309721606,0
cardano_2025-11-24,cardano,ADA,2025-11-24T00:00:00Z,0.40860021217664905,785385610.5051817,14958840057.417496,6,Smart Contract Platform,binance,"[0.65631998, 0.65419851, 0.68123346, 0.66698309, 0.64597267, 0.6398677, 0.60092849, 0.60898439, 0.61310389, 0.61060076, 0.55154019, 0.52139339, 0.54545656, 0.53154633, 0.57813052, 0.56814454, 0.57832019, 0.59232409, 0.55562637, 0.54468435, 0.52974386, 0.49811681, 0.50342629, 0.48430855, 0.46556907, 0.47488218, 0.46263065, 0.43248648, 0.40895313, 0.40415694]",-40.02053116674531,-37.743749693859115,NULL,-999,0.30147295563730997,-0.2621811084450074,0
cardano_2025-12-01,cardano,ADA,2025-12-01T00:00:00Z,0.41484696325882703,554550919.151589,15210278647.861977,6,Smart Contract Platform,binance,"[0.60898439, 0.61310389, 0.61060076, 0.55154019, 0.52139339, 0.54545656, 0.53154633, 0.57813052, 0.56814454, 0.57832019, 0.59232409, 0.55562637, 0.54468435, 0.52974386, 0.49811681, 0.50342629, 0.48430855, 0.46556907, 0.47488218, 0.46263065, 0.43248648, 0.40895313, 0.40415694, 0.40860021, 0.42766235, 0.42157038, 0.4357236, 0.4337588, 0.42053804, 0.41526564]",-32.336595482594596,-31.87888439163321,NULL,-999,0.2940903776833218,-0.2910870664856814,0
cardano_2025-12-08,cardano,ADA,2025-12-08T00:00:00Z,0.4171100443132189,622809477.9300368,15270473262.96349,6,Smart Contract Platform,binance,"[0.57813052, 0.56814454, 0.57832019, 0.59232409, 0.55562637, 0.54468435, 0.52974386, 0.49811681, 0.50342629, 0.48430855, 0.46556907, 0.47488218, 0.46263065, 0.43248648, 0.40895313, 0.40415694, 0.40860021, 0.42766235, 0.42157038, 0.4357236, 0.4337588, 0.42053804, 0.41526564, 0.41484696, 0.3857091, 0.43357515, 0.450361, 0.43945395, 0.41580923, 0.41381148]",-29.580773041387044,-27.851924772514604,NULL,-999,0.27631161534798665,-0.33755703293374306,0
cardano_2025-12-15,cardano,ADA,2025-12-15T00:00:00Z,0.3965444093156321,545816615.5495983,14531194438.037306,6,Smart Contract Platform,binance,"[0.49811681, 0.50342629, 0.48430855, 0.46556907, 0.47488218, 0.46263065, 0.43248648, 0.40895313, 0.40415694, 0.40860021, 0.42766235, 0.42157038, 0.4357236, 0.4337588, 0.42053804, 0.41526564, 0.41484696, 0.3857091, 0.43357515, 0.450361, 0.43945395, 0.41580923, 0.41381148, 0.41711004, 0.43216071, 0.47024826, 0.45356328, 0.42528602, 0.40912767, 0.41080143]",-21.23088969769612,-20.39128088574682,NULL,-999,0.28929653980041015,-0.27045613806613356,0
cardano_2025-12-22,cardano,ADA,2025-12-22T00:00:00Z,0.36626712546851575,462152015.5108357,13417125389.3948,6,Smart Contract Platform,binance,"[0.40895313, 0.40415694, 0.40860021, 0.42766235, 0.42157038, 0.4357236, 0.4337588, 0.42053804, 0.41526564, 0.41484696, 0.3857091, 0.43357515, 0.450361, 0.43945395, 0.41580923, 0.41381148, 0.41711004, 0.43216071, 0.47024826, 0.45356328, 0.42528602, 0.40912767, 0.41080143, 0.39654441, 0.38802083, 0.38553172, 0.36666953, 0.35142713, 0.37636393, 0.373034]",-22.111965707617966,-10.437871812897226,NULL,-999,0.28821054193000367,-0.21311381259965634,0
cardano_2025-12-29,cardano,ADA,2025-12-29T00:00:00Z,0.368269989764252,473262938.4480467,13498128032.744057,6,Smart Contract Platform,binance,"[0.42053804, 0.41526564, 0.41484696, 0.3857091, 0.43357515, 0.450361, 0.43945395, 0.41580923, 0.41381148, 0.41711004, 0.43216071, 0.47024826, 0.45356328, 0.42528602, 0.40912767, 0.41080143, 0.39654441, 0.38802083, 0.38553172, 0.36666953, 0.35142713, 0.37636393, 0.373034, 0.36626713, 0.37048759, 0.36296059, 0.35639136, 0.34318393, 0.34945633, 0.36972311]",-21.686049341933366,-12.428852161236003,NULL,-999,0.24590515052131942,-0.3322693747629679,0
cardano_2026-01-05,cardano,ADA,2026-01-05T00:00:00Z,0.40193467269722494,231762084.62115526,14741577304.591333,6,Smart Contract Platform,binance,"[0.41580923, 0.41381148, 0.41711004, 0.43216071, 0.47024826, 0.45356328, 0.42528602, 0.40912767, 0.41080143, 0.39654441, 0.38802083, 0.38553172, 0.36666953, 0.35142713, 0.37636393, 0.373034, 0.36626713, 0.37048759, 0.36296059, 0.35639136, 0.34318393, 0.34945633, 0.36972311, 0.36826999, 0.35283713, 0.35098453, 0.33328983, 0.35682733, 0.39598382, 0.38888289]",-14.527132266393217,-3.3367599262816294,NULL,-999,0.2479793794432949,-0.38303561178436496,0
cardano_2026-01-12,cardano,ADA,2026-01-12T00:00:00Z,0.40949787476742106,172206884.84322703,15021793840.523218,6,Smart Contract Platform,binance,"[0.40912767, 0.41080143, 0.39654441, 0.38802083, 0.38553172, 0.36666953, 0.35142713, 0.37636393, 0.373034, 0.36626713, 0.37048759, 0.36296059, 0.35639136, 0.34318393, 0.34945633, 0.36972311, 0.36826999, 0.35283713, 0.35098453, 0.33328983, 0.35682733, 0.39598382, 0.38888289, 0.40193467, 0.42190177, 0.41873941, 0.40208821, 0.39597141, 0.40405204, 0.40498716]",-2.9399970674583,0.09048707442544934,NULL,-999,0.24956593975036212,-0.3905562027834555,0
cardano_2026-01-19,cardano,ADA,2026-01-19T00:00:00Z,0.3854473475670019,170852952.58703625,14169167799.701431,6,Smart Contract Platform,binance,"[0.37636393, 0.373034, 0.36626713, 0.37048759, 0.36296059, 0.35639136, 0.34318393, 0.34945633, 0.36972311, 0.36826999, 0.35283713, 0.35098453, 0.33328983, 0.35682733, 0.39598382, 0.38888289, 0.40193467, 0.42190177, 0.41873941, 0.40208821, 0.39597141, 0.40405204, 0.40498716, 0.40949787, 0.3990404, 0.43054103, 0.42101322, 0.40380881, 0.40972881, 0.39677123]",-10.473724405136087,2.413467595597796,NULL,-999,0.2492909432782687,-0.35324255089098844,0
cardano_2026-01-26,cardano,ADA,2026-01-26T00:00:00Z,0.35623127631047347,226016611.54476708,13100087353.417444,6,Smart Contract Platform,binance,"[0.34945633, 0.36972311, 0.36826999, 0.35283713, 0.35098453, 0.33328983, 0.35682733, 0.39598382, 0.38888289, 0.40193467, 0.42190177, 0.41873941, 0.40208821, 0.39597141, 0.40405204, 0.40498716, 0.40949787, 0.3990404, 0.43054103, 0.42101322, 0.40380881, 0.40972881, 0.39677123, 0.38544735, 0.37774463, 0.36469436, 0.37840741, 0.37503064, 0.37564715, 0.39210763]",-17.259621528624468,1.9387105763775336,NULL,-999,0.2503721643395417,-0.29716400274374066,0
cardano_2026-02-02,cardano,ADA,2026-02-02T00:00:00Z,0.2962459112928537,405792994.45060164,10896192338.080654,6,Smart Contract Platform,binance,"[0.39598382, 0.38888289, 0.40193467, 0.42190177, 0.41873941, 0.40208821, 0.39597141, 0.40405204, 0.40498716, 0.40949787, 0.3990404, 0.43054103, 0.42101322, 0.40380881, 0.40972881, 0.39677123, 0.38544735, 0.37774463, 0.36469436, 0.37840741, 0.37503064, 0.37564715, 0.39210763, 0.35623128, 0.364524, 0.37698496, 0.37110457, 0.3459311, 0.32960188, 0.30220633]",-31.19217640057732,-25.187370271430964,NULL,-999,0.25016326621874935,-0.1555553792219242,0
cardano_2026-02-09,cardano,ADA,2026-02-09T00:00:00Z,0.29686857571324227,158692488.91773292,10923074704.569561,6,Smart Contract Platform,binance,"[0.40405204, 0.40498716, 0.40949787, 0.3990404, 0.43054103, 0.42101322, 0.40380881, 0.40972881, 0.39677123, 0.38544735, 0.37774463, 0.36469436, 0.37840741, 0.37503064, 0.37564715, 0.39210763, 0.35623128, 0.364524, 0.37698496, 0.37110457, 0.3459311, 0.32960188, 0.30220633, 0.29624591, 0.31084426, 0.30550427, 0.29979801, 0.25406319, 0.2832361, 0.27967739]",-31.047552687754564,-26.5271440387,NULL,-999,0.2709877651205547,-0.08717935379488229,0
cardano_2026-02-16,cardano,ADA,2026-02-16T00:00:00Z,0.2922124367181558,411463074.1237083,10753702109.466097,6,Smart Contract Platform,binance,"[0.40972881, 0.39677123, 0.38544735, 0.37774463, 0.36469436, 0.37840741, 0.37503064, 0.37564715, 0.39210763, 0.35623128, 0.364524, 0.37698496, 0.37110457, 0.3459311, 0.32960188, 0.30220633, 0.29624591, 0.31084426, 0.30550427, 0.29979801, 0.25406319, 0.2832361, 0.27967739, 0.29686858, 0.27029599, 0.26235196, 0.27264688, 0.28318696, 0.29134698, 0.31578449]",-28.681500271243245,-28.681500271243245,NULL,-999,0.2550705234407203,-0.1271058607038671,0
cardano_2026-02-23,cardano,ADA,2026-02-23T00:00:00Z,0.2830533572769461,193167340.06803185,10420149099.922424,6,Smart Contract Platform,binance,"[0.37564715, 0.39210763, 0.35623128, 0.364524, 0.37698496, 0.37110457, 0.3459311, 0.32960188, 0.30220633, 0.29624591, 0.31084426, 0.30550427, 0.29979801, 0.25406319, 0.2832361, 0.27967739, 0.29686858, 0.27029599, 0.26235196, 0.27264688, 0.28318696, 0.29134698, 0.31578449, 0.29221244, 0.3078551, 0.2968726, 0.28851239, 0.2907308, 0.30211559, 0.30147296]",-27.8123319851294,-24.649140498950562,NULL,-999,0.24583517559001003,-0.13148821849345138,0
cardano_2026-03-02,cardano,ADA,2026-03-02T00:00:00Z,0.2884625336108748,269075089.52004236,10621199753.155397,6,Smart Contract Platform,binance,"[0.32960188, 0.30220633, 0.29624591, 0.31084426, 0.30550427, 0.29979801, 0.25406319, 0.2832361, 0.27967739, 0.29686858, 0.27029599, 0.26235196, 0.27264688, 0.28318696, 0.29134698, 0.31578449, 0.29221244, 0.3078551, 0.2968726, 0.28851239, 0.2907308, 0.30211559, 0.30147296, 0.28305336, 0.27925225, 0.27649577, 0.30937237, 0.29902492, 0.29347318, 0.29409038]",-12.481526146780354,-12.481526146780354,NULL,-999,0.23581508951182872,-0.18251050990928874,0
cardano_2026-03-09,cardano,ADA,2026-03-09T00:00:00Z,0.26804838829965305,221328143.5764069,9871361924.530493,6,Smart Contract Platform,binance,"[0.2832361, 0.27967739, 0.29686858, 0.27029599, 0.26235196, 0.27264688, 0.28318696, 0.29134698, 0.31578449, 0.29221244, 0.3078551, 0.2968726, 0.28851239, 0.2907308, 0.30211559, 0.30147296, 0.28305336, 0.27925225, 0.27649577, 0.30937237, 0.29902492, 0.29347318, 0.29409038, 0.28846253, 0.28700327, 0.28220038, 0.29038328, 0.2869407, 0.2765532, 0.27631162]",-15.116669447899323,-5.36221031225349,NULL,-999,0.15718679819849915,-0.4135879749339175,0
cardano_2026-03-16,cardano,ADA,2026-03-16T00:00:00Z,0.2906051425430205,201145655.20210764,10705973714.80979,6,Smart Contract Platform,binance,"[0.29134698, 0.31578449, 0.29221244, 0.3078551, 0.2968726, 0.28851239, 0.2907308, 0.30211559, 0.30147296, 0.28305336, 0.27925225, 0.27649577, 0.30937237, 0.29902492, 0.29347318, 0.29409038, 0.28846253, 0.28700327, 0.28220038, 0.29038328, 0.2869407, 0.2765532, 0.27631162, 0.26804839, 0.26795635, 0.27626871, 0.26284723, 0.28480253, 0.27880465, 0.28929654]",-7.973584429675629,-0.2546242839687518,NULL,-999,0.17166890192319859,-0.4092709426235115,0
cardano_2026-03-23,cardano,ADA,2026-03-23T00:00:00Z,0.2693984929881285,225854541.28270093,9926511815.187061,6,Smart Contract Platform,binance,"[0.30211559, 0.30147296, 0.28305336, 0.27925225, 0.27649577, 0.30937237, 0.29902492, 0.29347318, 0.29409038, 0.28846253, 0.28700327, 0.28220038, 0.29038328, 0.2869407, 0.2765532, 0.27631162, 0.26804839, 0.26795635, 0.27626871, 0.26284723, 0.28480253, 0.27880465, 0.28929654, 0.29060514, 0.30046372, 0.30522335, 0.28712937, 0.28345326, 0.26621627, 0.28821054]",-12.920957948096168,-10.829331850857892,NULL,-999,0.16312643556518697,-0.39447903454910793,0
cardano_2026-03-30,cardano,ADA,2026-03-30T00:00:00Z,0.23996753357145462,240185546.627189,8843688898.374535,6,Smart Contract Platform,binance,"[0.29347318, 0.29409038, 0.28846253, 0.28700327, 0.28220038, 0.29038328, 0.2869407, 0.2765532, 0.27631162, 0.26804839, 0.26795635, 0.27626871, 0.26284723, 0.28480253, 0.27880465, 0.28929654, 0.29060514, 0.30046372, 0.30522335, 0.28712937, 0.28345326, 0.26621627, 0.28821054, 0.26939849, 0.27671253, 0.28485302, 0.28408278, 0.26949538, 0.24643938, 0.24590515]",-21.379693706502177,-18.231868966458087,NULL,-999,0.14510524059337515,-0.3953130307514392,0
cardano_2026-04-06,cardano,ADA,2026-04-06T00:00:00Z,0.2549186397928315,129321174.37480332,9402326937.813433,6,Smart Contract Platform,binance,"[0.2765532, 0.27631162, 0.26804839, 0.26795635, 0.27626871, 0.26284723, 0.28480253, 0.27880465, 0.28929654, 0.29060514, 0.30046372, 0.30522335, 0.28712937, 0.28345326, 0.26621627, 0.28821054, 0.26939849, 0.27671253, 0.28485302, 0.28408278, 0.26949538, 0.24643938, 0.24590515, 0.23996753, 0.24346522, 0.2422723, 0.24884701, 0.2399968, 0.24656929, 0.24797938]",-16.481278770711462,-7.822927277489711,NULL,-999,0.19203069110849494,-0.24669811801696673,0
cardano_2026-04-13,cardano,ADA,2026-04-13T00:00:00Z,0.23639715330538832,267715779.57335183,8732597090.20309,6,Smart Contract Platform,binance,"[0.27880465, 0.28929654, 0.29060514, 0.30046372, 0.30522335, 0.28712937, 0.28345326, 0.26621627, 0.28821054, 0.26939849, 0.27671253, 0.28485302, 0.28408278, 0.26949538, 0.24643938, 0.24590515, 0.23996753, 0.24346522, 0.2422723, 0.24884701, 0.2399968, 0.24656929, 0.24797938, 0.25491864, 0.24569324, 0.26394637, 0.25044236, 0.25426708, 0.25410948, 0.24956594]",-22.549453573283518,-15.21046953705264,NULL,-999,0.16562641420985583,-0.2993722136920478,0
cardano_2026-04-20,cardano,ADA,2026-04-20T00:00:00Z,0.2427610406352045,189061431.22254828,8972804291.751526,6,Smart Contract Platform,binance,"[0.26621627, 0.28821054, 0.26939849, 0.27671253, 0.28485302, 0.28408278, 0.26949538, 0.24643938, 0.24590515, 0.23996753, 0.24346522, 0.2422723, 0.24884701, 0.2399968, 0.24656929, 0.24797938, 0.25491864, 0.24569324, 0.26394637, 0.25044236, 0.25426708, 0.25410948, 0.24956594, 0.23639715, 0.24881204, 0.23997025, 0.24648242, 0.25955002, 0.25885057, 0.24929094]",-15.7695485357497,-8.810593202222083,NULL,-999,0.1666338307486647,-0.3135890737959708,0
cardano_2026-04-27,cardano,ADA,2026-04-27T00:00:00Z,0.25226058867422796,162546256.29149717,9325597306.993963,6,Smart Contract Platform,binance,"[0.24643938, 0.24590515, 0.23996753, 0.24346522, 0.2422723, 0.24884701, 0.2399968, 0.24656929, 0.24797938, 0.25491864, 0.24569324, 0.26394637, 0.25044236, 0.25426708, 0.25410948, 0.24956594, 0.23639715, 0.24881204, 0.23997025, 0.24648242, 0.25955002, 0.25885057, 0.24929094, 0.24276104, 0.24811083, 0.24981731, 0.24851353, 0.24994747, 0.25044103, 0.25037216]",-4.427330375342509,2.3621279906973935,NULL,-999,0.1647003197135557,-0.34710245235235115,0
cardano_2026-05-04,cardano,ADA,2026-05-04T00:00:00Z,0.2494502850782546,171437063.8915897,9223355645.305355,6,Smart Contract Platform,binance,"[0.24656929, 0.24797938, 0.25491864, 0.24569324, 0.26394637, 0.25044236, 0.25426708, 0.25410948, 0.24956594, 0.23639715, 0.24881204, 0.23997025, 0.24648242, 0.25955002, 0.25885057, 0.24929094, 0.24276104, 0.24811083, 0.24981731, 0.24851353, 0.24994747, 0.25044103, 0.25037216, 0.25226059, 0.24825684, 0.24681828, 0.24460282, 0.24619539, 0.24826389, 0.25016327]",-5.492055620512726,1.1684305712835519,NULL,-999,0.17429825682930677,-0.30127056469537417,0
cardano_2026-05-11,cardano,ADA,2026-05-11T00:00:00Z,0.28246125403896133,253103058.68841842,10447677195.53716,6,Smart Contract Platform,binance,"[0.25410948, 0.24956594, 0.23639715, 0.24881204, 0.23997025, 0.24648242, 0.25955002, 0.25885057, 0.24929094, 0.24276104, 0.24811083, 0.24981731, 0.24851353, 0.24994747, 0.25044103, 0.25037216, 0.25226059, 0.24825684, 0.24681828, 0.24460282, 0.24619539, 0.24826389, 0.25016327, 0.24945029, 0.24991041, 0.26210211, 0.26710632, 0.262811, 0.27352349, 0.27098777]",3.26764102819308,11.1573070134658,NULL,-999,0.19935822217128538,-0.29421037639453773,0
cardano_2026-05-18,cardano,ADA,2026-05-18T00:00:00Z,0.2520509170719272,196323175.29329765,9324506007.182846,6,Smart Contract Platform,binance,"[0.25885057, 0.24929094, 0.24276104, 0.24811083, 0.24981731, 0.24851353, 0.24994747, 0.25044103, 0.25037216, 0.25226059, 0.24825684, 0.24681828, 0.24460282, 0.24619539, 0.24826389, 0.25016327, 0.24945029, 0.24991041, 0.26210211, 0.26710632, 0.262811, 0.27352349, 0.27098777, 0.28246125, 0.28001167, 0.27095468, 0.26473546, 0.27020076, 0.2615039, 0.25507052]",-10.76619767567818,-2.6268647160683334,NULL,-999,0.1762674264601313,-0.30066738693979744,0
cardano_2026-05-25,cardano,ADA,2026-05-25T00:00:00Z,0.2421412215166872,178363550.2715458,8961053628.674688,6,Smart Contract Platform,binance,"[0.25044103, 0.25037216, 0.25226059, 0.24825684, 0.24681828, 0.24460282, 0.24619539, 0.24826389, 0.25016327, 0.24945029, 0.24991041, 0.26210211, 0.26710632, 0.262811, 0.27352349, 0.27098777, 0.28246125, 0.28001167, 0.27095468, 0.26473546, 0.27020076, 0.2615039, 0.25507052, 0.25205092, 0.2514902, 0.2480629, 0.24904071, 0.25024107, 0.24234817, 0.24583518]",-14.274535691437729,-3.314075071095879,NULL,-999,0.22608419659223078,-0.0663126452566849,0
cardano_2026-06-01,cardano,ADA,2026-06-01T00:00:00Z,0.23548566147621924,301663634.0373059,8747280266.802658,6,Smart Contract Platform,binance,"[0.24826389, 0.25016327, 0.24945029, 0.24991041, 0.26210211, 0.26710632, 0.262811, 0.27352349, 0.27098777, 0.28246125, 0.28001167, 0.27095468, 0.26473546, 0.27020076, 0.2615039, 0.25507052, 0.25205092, 0.2514902, 0.2480629, 0.24904071, 0.25024107, 0.24234817, 0.24583518, 0.24214122, 0.24330789, 0.23986546, 0.23689896, 0.23465844, 0.23277971, 0.23581509]",-16.630809320227158,-5.147034838863373,NULL,-999,0.201848389377435,-0.14284212417825337,0
cardano_2026-06-08,cardano,ADA,2026-06-08T00:00:00Z,0.16509315561300406,567070481.0227826,6134863411.879562,6,Smart Contract Platform,binance,"[0.27352349, 0.27098777, 0.28246125, 0.28001167, 0.27095468, 0.26473546, 0.27020076, 0.2615039, 0.25507052, 0.25205092, 0.2514902, 0.2480629, 0.24904071, 0.25024107, 0.24234817, 0.24583518, 0.24214122, 0.24330789, 0.23986546, 0.23689896, 0.23465844, 0.23277971, 0.23581509, 0.23548566, 0.2308164, 0.21265552, 0.2002106, 0.1796558, 0.15664635, 0.1571868]",-41.5519285380529,-39.642055374774706,NULL,-999,0.2182747960633686,0.3221311038177015,1
ripple_2025-10-20,ripple,XRP,2025-10-20T00:00:00Z,2.390346018545064,2907445876.1748214,143339781093.46002,3,Smart Contract Platform,coinup,"[2.9908979, 2.9789727, 2.9714987, 2.85307194, 2.82596833, 2.92788039, 2.74931151, 2.78099001, 2.80609522, 2.86447688, 2.88037251, 2.84611264, 2.94825802, 3.03893781, 3.04204838, 2.96935925, 2.96862233, 2.99054811, 2.85568212, 2.87961831, 2.80402334, 2.37005928, 2.3839136, 2.52965374, 2.6072925, 2.50508115, 2.41227099, 2.32707889, 2.29593334, 2.36001237]",-21.42314246360527,-20.079317386473093,NULL,-999,2.0618262747123546,-0.13743606209475479,0
ripple_2025-10-27,ripple,XRP,2025-10-27T00:00:00Z,2.645481792092586,3354807628.384999,158765712260.11554,3,Smart Contract Platform,coinup,"[2.78099001, 2.80609522, 2.86447688, 2.88037251, 2.84611264, 2.94825802, 3.03893781, 3.04204838, 2.96935925, 2.96862233, 2.99054811, 2.85568212, 2.87961831, 2.80402334, 2.37005928, 2.3839136, 2.52965374, 2.6072925, 2.50508115, 2.41227099, 2.32707889, 2.29593334, 2.36001237, 2.39034602, 2.49457425, 2.42353816, 2.36372454, 2.39468789, 2.50827946, 2.59526031]",-13.03616954213509,-4.872661068366768,NULL,-999,1.9501554599051494,-0.26283542539048466,0
ripple_2025-11-03,ripple,XRP,2025-11-03T00:00:00Z,2.526622419787482,2239790336.9915986,151965619309.89056,3,Smart Contract Platform,coinup,"[3.04204838, 2.96935925, 2.96862233, 2.99054811, 2.85568212, 2.87961831, 2.80402334, 2.37005928, 2.3839136, 2.52965374, 2.6072925, 2.50508115, 2.41227099, 2.32707889, 2.29593334, 2.36001237, 2.39034602, 2.49457425, 2.42353816, 2.36372454, 2.39468789, 2.50827946, 2.59526031, 2.64548179, 2.63389794, 2.60464495, 2.55010655, 2.4393603, 2.50841408, 2.50469152]",-16.943384603060963,-16.943384603060963,NULL,-999,1.6552424823604273,-0.34487936567124566,0
ripple_2025-11-10,ripple,XRP,2025-11-10T00:00:00Z,2.360529418634386,2967028886.376576,142233399043.9623,3,Smart Contract Platform,coinup,"[2.37005928, 2.3839136, 2.52965374, 2.6072925, 2.50508115, 2.41227099, 2.32707889, 2.29593334, 2.36001237, 2.39034602, 2.49457425, 2.42353816, 2.36372454, 2.39468789, 2.50827946, 2.59526031, 2.64548179, 2.63389794, 2.60464495, 2.55010655, 2.4393603, 2.50841408, 2.50469152, 2.52662242, 2.30847326, 2.2090013, 2.34252407, 2.21028128, 2.31823765, 2.28468997]",-10.771284622329668,-0.40209399473701835,NULL,-999,1.4284174751103542,-0.39487410585345606,0
ripple_2025-11-17,ripple,XRP,2025-11-17T00:00:00Z,2.214708197984395,4135070068.562383,133377895604.30122,3,Smart Contract Platform,coinup,"[2.29593334, 2.36001237, 2.39034602, 2.49457425, 2.42353816, 2.36372454, 2.39468789, 2.50827946, 2.59526031, 2.64548179, 2.63389794, 2.60464495, 2.55010655, 2.4393603, 2.50841408, 2.50469152, 2.52662242, 2.30847326, 2.2090013, 2.34252407, 2.21028128, 2.31823765, 2.28468997, 2.36052942, 2.52575131, 2.3904349, 2.38577475, 2.31906413, 2.24362945, 2.23006259]",-16.28337021240458,-3.5377833240407996,NULL,-999,1.5206965881596475,-0.3133648082652004,0
ripple_2025-11-24,ripple,XRP,2025-11-24T00:00:00Z,2.046289493333872,3998351993.223904,123241570305.7347,3,Smart Contract Platform,coinup,"[2.50827946, 2.59526031, 2.64548179, 2.63389794, 2.60464495, 2.55010655, 2.4393603, 2.50841408, 2.50469152, 2.52662242, 2.30847326, 2.2090013, 2.34252407, 2.21028128, 2.31823765, 2.28468997, 2.36052942, 2.52575131, 2.3904349, 2.38577475, 2.31906413, 2.24362945, 2.23006259, 2.2147082, 2.16128327, 2.21596061, 2.10585853, 1.99940503, 1.94948335, 1.94932579]",-22.649647430941144,-18.41860029176148,NULL,-999,1.450119642581838,-0.29134189111274644,0
ripple_2025-12-01,ripple,XRP,2025-12-01T00:00:00Z,2.1586588689112713,1896622801.5789983,130524475272.91292,3,Smart Contract Platform,coinup,"[2.50841408, 2.50469152, 2.52662242, 2.30847326, 2.2090013, 2.34252407, 2.21028128, 2.31823765, 2.28468997, 2.36052942, 2.52575131, 2.3904349, 2.38577475, 2.31906413, 2.24362945, 2.23006259, 2.2147082, 2.16128327, 2.21596061, 2.10585853, 1.99940503, 1.94948335, 1.94932579, 2.04628949, 2.22607345, 2.19928207, 2.22342735, 2.19966718, 2.17999321, 2.20207202]",-14.563456256640062,-13.943280555892667,NULL,-999,1.388047054085294,-0.3569863797954508,0
ripple_2025-12-08,ripple,XRP,2025-12-08T00:00:00Z,2.043169455705931,2828761084.686963,123207973529.90314,3,Smart Contract Platform,coinup,"[2.31823765, 2.28468997, 2.36052942, 2.52575131, 2.3904349, 2.38577475, 2.31906413, 2.24362945, 2.23006259, 2.2147082, 2.16128327, 2.21596061, 2.10585853, 1.99940503, 1.94948335, 1.94932579, 2.04628949, 2.22607345, 2.19928207, 2.22342735, 2.19966718, 2.17999321, 2.20207202, 2.15865887, 2.02862606, 2.15441034, 2.20046043, 2.09675337, 2.03485367, 2.03160726]",-19.10646745552115,-11.865400904745904,NULL,-999,1.396332311347475,-0.3165851674965299,0
ripple_2025-12-15,ripple,XRP,2025-12-15T00:00:00Z,1.9799332393631692,1667024108.007986,119748821030.29822,3,Smart Contract Platform,coinup,"[2.24362945, 2.23006259, 2.2147082, 2.16128327, 2.21596061, 2.10585853, 1.99940503, 1.94948335, 1.94932579, 2.04628949, 2.22607345, 2.19928207, 2.22342735, 2.19966718, 2.17999321, 2.20207202, 2.15865887, 2.02862606, 2.15441034, 2.20046043, 2.09675337, 2.03485367, 2.03160726, 2.04316946, 2.07273654, 2.10758668, 2.04285035, 2.03373865, 2.00865228, 2.02303554]",-11.753108696755266,-11.753108696755266,NULL,-999,1.425291428571713,-0.2801315719967672,0
ripple_2025-12-22,ripple,XRP,2025-12-22T00:00:00Z,1.921837870988929,2382324002.768989,116422983148.0934,3,Smart Contract Platform,coinup,"[1.94948335, 1.94932579, 2.04628949, 2.22607345, 2.19928207, 2.22342735, 2.19966718, 2.17999321, 2.20207202, 2.15865887, 2.02862606, 2.15441034, 2.20046043, 2.09675337, 2.03485367, 2.03160726, 2.04316946, 2.07273654, 2.10758668, 2.04285035, 2.03373865, 2.00865228, 2.02303554, 1.97993324, 1.89767535, 1.92857343, 1.86170504, 1.80783642, 1.90750975, 1.93260545]",-13.666915712861716,-1.4180923586973426,NULL,-999,1.4130020572493553,-0.26476521324753566,0
ripple_2025-12-29,ripple,XRP,2025-12-29T00:00:00Z,1.8642306664406223,980013614.1200165,112943603894.92567,3,Smart Contract Platform,coinup,"[2.17999321, 2.20207202, 2.15865887, 2.02862606, 2.15441034, 2.20046043, 2.09675337, 2.03485367, 2.03160726, 2.04316946, 2.07273654, 2.10758668, 2.04285035, 2.03373865, 2.00865228, 2.02303554, 1.97993324, 1.89767535, 1.92857343, 1.86170504, 1.80783642, 1.90750975, 1.93260545, 1.92183787, 1.90098405, 1.87268237, 1.8614073, 1.8321513, 1.84249244, 1.87292616]",-15.341975576046218,-14.484565354026124,NULL,-999,1.3342864570168125,-0.28426965555482087,0
ripple_2026-01-05,ripple,XRP,2026-01-05T00:00:00Z,2.0952690617533083,1953947124.9928083,127133370810.56844,3,Smart Contract Platform,coinup,"[2.03485367, 2.03160726, 2.04316946, 2.07273654, 2.10758668, 2.04285035, 2.03373865, 2.00865228, 2.02303554, 1.97993324, 1.89767535, 1.92857343, 1.86170504, 1.80783642, 1.90750975, 1.93260545, 1.92183787, 1.90098405, 1.87268237, 1.8614073, 1.8321513, 1.84249244, 1.87292616, 1.86423067, 1.84862016, 1.8748614, 1.84052993, 1.88024222, 2.00892943, 2.01766812]",-0.5844417320328366,2.9690287093344203,NULL,-999,1.3175529895382665,-0.371177185026659,0
ripple_2026-01-12,ripple,XRP,2026-01-12T00:00:00Z,2.0772442326828475,1559879200.5767515,126088657521.42798,3,Smart Contract Platform,coinup,"[2.00865228, 2.02303554, 1.97993324, 1.89767535, 1.92857343, 1.86170504, 1.80783642, 1.90750975, 1.93260545, 1.92183787, 1.90098405, 1.87268237, 1.8614073, 1.8321513, 1.84249244, 1.87292616, 1.86423067, 1.84862016, 1.8748614, 1.84052993, 1.88024222, 2.00892943, 2.01766812, 2.09526906, 2.35377641, 2.3026659, 2.16495378, 2.1256949, 2.09923237, 2.09973615]",-11.748447063954192,3.414824436720898,NULL,-999,1.3550226689539349,-0.34768254611838945,0
ripple_2026-01-19,ripple,XRP,2026-01-19T00:00:00Z,1.9623858048175262,1043651252.1898334,119292449405.42412,3,Smart Contract Platform,coinup,"[1.90750975, 1.93260545, 1.92183787, 1.90098405, 1.87268237, 1.8614073, 1.8321513, 1.84249244, 1.87292616, 1.86423067, 1.84862016, 1.8748614, 1.84052993, 1.88024222, 2.00892943, 2.01766812, 2.09526906, 2.35377641, 2.3026659, 2.16495378, 2.1256949, 2.09923237, 2.09973615, 2.07724423, 2.06045344, 2.16915148, 2.14214476, 2.08776643, 2.07410393, 2.06182627]",-16.62819806647149,2.876842810745539,NULL,-999,1.4342426784687692,-0.2691331771011597,0
ripple_2026-01-26,ripple,XRP,2026-01-26T00:00:00Z,1.8428444453335122,2642206226.85038,112143043033.83171,3,Smart Contract Platform,coinup,"[1.84249244, 1.87292616, 1.86423067, 1.84862016, 1.8748614, 1.84052993, 1.88024222, 2.00892943, 2.01766812, 2.09526906, 2.35377641, 2.3026659, 2.16495378, 2.1256949, 2.09923237, 2.09973615, 2.07724423, 2.06045344, 2.16915148, 2.14214476, 2.08776643, 2.07410393, 2.06182627, 1.9623858, 1.99069661, 1.89753454, 1.95529252, 1.93744793, 1.92850985, 1.95015546]",-21.706903039417757,0.019104617320020445,NULL,-999,1.426350778891515,-0.22600587233320246,0
ripple_2026-02-02,ripple,XRP,2026-02-02T00:00:00Z,1.5996883634199979,3123225935.3421855,97346209244.0811,3,Smart Contract Platform,coinup,"[2.00892943, 2.01766812, 2.09526906, 2.35377641, 2.3026659, 2.16495378, 2.1256949, 2.09923237, 2.09973615, 2.07724423, 2.06045344, 2.16915148, 2.14214476, 2.08776643, 2.07410393, 2.06182627, 1.9623858, 1.99069661, 1.89753454, 1.95529252, 1.93744793, 1.92850985, 1.95015546, 1.84284445, 1.90993553, 1.92563776, 1.92464984, 1.8158998, 1.74229569, 1.65524248]",-32.03736948004276,-20.371102119666617,NULL,-999,1.3943322006711885,-0.12837260521779092,0
ripple_2026-02-09,ripple,XRP,2026-02-09T00:00:00Z,1.4411870773919397,2663022626.700061,87793247673.27083,3,Smart Contract Platform,coinup,"[2.09923237, 2.09973615, 2.07724423, 2.06045344, 2.16915148, 2.14214476, 2.08776643, 2.07410393, 2.06182627, 1.9623858, 1.99069661, 1.89753454, 1.95529252, 1.93744793, 1.92850985, 1.95015546, 1.84284445, 1.90993553, 1.92563776, 1.92464984, 1.8158998, 1.74229569, 1.65524248, 1.59968836, 1.62567674, 1.58296437, 1.51785895, 1.2133347, 1.46171182, 1.42841748]",-33.559869225640426,-31.346948598905165,NULL,-999,1.4224308017553566,-0.013014462820833517,0
ripple_2026-02-16,ripple,XRP,2026-02-16T00:00:00Z,1.4930275577193792,4994909280.650372,90951230561.32478,3,Smart Contract Platform,coinup,"[2.07410393, 2.06182627, 1.9623858, 1.99069661, 1.89753454, 1.95529252, 1.93744793, 1.92850985, 1.95015546, 1.84284445, 1.90993553, 1.92563776, 1.92464984, 1.8158998, 1.74229569, 1.65524248, 1.59968836, 1.62567674, 1.58296437, 1.51785895, 1.2133347, 1.46171182, 1.42841748, 1.44118708, 1.44158591, 1.40557056, 1.38417451, 1.3768618, 1.41733093, 1.52069659]",-28.015778988602936,-28.015778988602936,NULL,-999,1.4131582551338857,-0.05349486161360273,0
ripple_2026-02-23,ripple,XRP,2026-02-23T00:00:00Z,1.3640075553007247,1498448766.7454028,83229809558.37975,3,Smart Contract Platform,coinup,"[1.92850985, 1.95015546, 1.84284445, 1.90993553, 1.92563776, 1.92464984, 1.8158998, 1.74229569, 1.65524248, 1.59968836, 1.62567674, 1.58296437, 1.51785895, 1.2133347, 1.46171182, 1.42841748, 1.44118708, 1.44158591, 1.40557056, 1.38417451, 1.3768618, 1.41733093, 1.52069659, 1.49302756, 1.4990383, 1.48844424, 1.44111457, 1.4225005, 1.43825542, 1.45011964]",-30.056470709926554,-29.27142397115572,NULL,-999,1.354304495326544,-0.007113640929973797,0
ripple_2026-03-02,ripple,XRP,2026-03-02T00:00:00Z,1.362270057547874,3080090465.670675,83221591360.0791,3,Smart Contract Platform,coinup,"[1.74229569, 1.65524248, 1.59968836, 1.62567674, 1.58296437, 1.51785895, 1.2133347, 1.46171182, 1.42841748, 1.44118708, 1.44158591, 1.40557056, 1.38417451, 1.3768618, 1.41733093, 1.52069659, 1.49302756, 1.4990383, 1.48844424, 1.44111457, 1.4225005, 1.43825542, 1.45011964, 1.36400756, 1.36623119, 1.35824804, 1.43797568, 1.41262419, 1.36577818, 1.38804705]",-21.811776069593137,-21.811776069593137,NULL,-999,1.33979269803168,-0.016499929211285513,0
ripple_2026-03-09,ripple,XRP,2026-03-09T00:00:00Z,1.35490752108217,1344451651.2098658,82958050691.48358,3,Smart Contract Platform,coinup,"[1.46171182, 1.42841748, 1.44118708, 1.44158591, 1.40557056, 1.38417451, 1.3768618, 1.41733093, 1.52069659, 1.49302756, 1.4990383, 1.48844424, 1.44111457, 1.4225005, 1.43825542, 1.45011964, 1.36400756, 1.36623119, 1.35824804, 1.43797568, 1.41262419, 1.36577818, 1.38804705, 1.36227006, 1.39876624, 1.37358729, 1.43576749, 1.40955267, 1.37141424, 1.39633231]",-10.902179196582274,-7.306795573856828,NULL,-999,1.0929747313661586,-0.19332152611183717,0
ripple_2026-03-16,ripple,XRP,2026-03-16T00:00:00Z,1.4582581325650392,1710109865.4326134,89285984615.37514,3,Smart Contract Platform,coinup,"[1.41733093, 1.52069659, 1.49302756, 1.4990383, 1.48844424, 1.44111457, 1.4225005, 1.43825542, 1.45011964, 1.36400756, 1.36623119, 1.35824804, 1.43797568, 1.41262419, 1.36577818, 1.38804705, 1.36227006, 1.39876624, 1.37358729, 1.43576749, 1.40955267, 1.37141424, 1.39633231, 1.35490752, 1.37188762, 1.3919278, 1.38474785, 1.39888627, 1.39879689, 1.42529143]",-4.1059114672027714,2.88762492846113,NULL,-999,1.1501945676088534,-0.21125448099803135,0
ripple_2026-03-23,ripple,XRP,2026-03-23T00:00:00Z,1.399010071779641,1430394325.9248023,85821690520.97574,3,Smart Contract Platform,coinup,"[1.43825542, 1.45011964, 1.36400756, 1.36623119, 1.35824804, 1.43797568, 1.41262419, 1.36577818, 1.38804705, 1.36227006, 1.39876624, 1.37358729, 1.43576749, 1.40955267, 1.37141424, 1.39633231, 1.35490752, 1.37188762, 1.3919278, 1.38474785, 1.39888627, 1.39879689, 1.42529143, 1.45825813, 1.53946056, 1.52255019, 1.46625249, 1.45570865, 1.44385935, 1.41300206]",-9.123357297254609,-2.728677548173042,NULL,-999,1.1491349570468194,-0.17860851738898664,0
ripple_2026-03-30,ripple,XRP,2026-03-30T00:00:00Z,1.3279211567600602,1362521606.467456,81460770619.57608,3,Smart Contract Platform,coinup,"[1.36577818, 1.38804705, 1.36227006, 1.39876624, 1.37358729, 1.43576749, 1.40955267, 1.37141424, 1.39633231, 1.35490752, 1.37188762, 1.3919278, 1.38474785, 1.39888627, 1.39879689, 1.42529143, 1.45825813, 1.53946056, 1.52255019, 1.46625249, 1.45570865, 1.44385935, 1.41300206, 1.39901007, 1.43760993, 1.42332993, 1.42323613, 1.36814917, 1.32509911, 1.33428646]",-13.74113815578859,-2.7718284254322656,NULL,-999,1.0451606232986514,-0.212934730365547,0
ripple_2026-04-06,ripple,XRP,2026-04-06T00:00:00Z,1.3374735160923328,1772832847.7053504,83828745757.53911,3,Smart Contract Platform,coinup,"[1.37141424, 1.39633231, 1.35490752, 1.37188762, 1.3919278, 1.38474785, 1.39888627, 1.39879689, 1.42529143, 1.45825813, 1.53946056, 1.52255019, 1.46625249, 1.45570865, 1.44385935, 1.41300206, 1.39901007, 1.43760993, 1.42332993, 1.42323613, 1.36814917, 1.32509911, 1.33428646, 1.32792116, 1.32287263, 1.33906394, 1.34843413, 1.32191717, 1.31949971, 1.31755299]",-13.120637729438611,-2.474870327871048,NULL,-999,1.15642721313132,-0.1353644021976389,0
ripple_2026-04-13,ripple,XRP,2026-04-13T00:00:00Z,1.3252607819143487,1756668602.8346794,81378342977.13776,3,Smart Contract Platform,coinup,"[1.39879689, 1.42529143, 1.45825813, 1.53946056, 1.52255019, 1.46625249, 1.45570865, 1.44385935, 1.41300206, 1.39901007, 1.43760993, 1.42332993, 1.42323613, 1.36814917, 1.32509911, 1.33428646, 1.32792116, 1.32287263, 1.33906394, 1.34843413, 1.32191717, 1.31949971, 1.31755299, 1.33747352, 1.32120732, 1.38199714, 1.34279187, 1.3449507, 1.35612457, 1.35502267]",-13.913950302881673,-5.257096809713435,NULL,-999,1.096197339470673,-0.17284405120084512,0
ripple_2026-04-20,ripple,XRP,2026-04-20T00:00:00Z,1.3956962596939182,2723143653.166121,85932572459.20235,3,Smart Contract Platform,coinup,"[1.44385935, 1.41300206, 1.39901007, 1.43760993, 1.42332993, 1.42323613, 1.36814917, 1.32509911, 1.33428646, 1.32792116, 1.32287263, 1.33906394, 1.34843413, 1.32191717, 1.31949971, 1.31755299, 1.33747352, 1.32120732, 1.38199714, 1.34279187, 1.3449507, 1.35612457, 1.35502267, 1.32526078, 1.37570542, 1.36362394, 1.39243658, 1.45356852, 1.47694418, 1.43424268]",-5.501082575435213,-3.33571906743767,NULL,-999,1.0922463620697758,-0.2174182924948801,0
ripple_2026-04-27,ripple,XRP,2026-04-27T00:00:00Z,1.432179767588003,469785147.12955624,88343926510.21239,3,Smart Contract Platform,coinup,"[1.32509911, 1.33428646, 1.32792116, 1.32287263, 1.33906394, 1.34843413, 1.32191717, 1.31949971, 1.31755299, 1.33747352, 1.32120732, 1.38199714, 1.34279187, 1.3449507, 1.35612457, 1.35502267, 1.32526078, 1.37570542, 1.36362394, 1.39243658, 1.45356852, 1.47694418, 1.43424268, 1.39569626, 1.42520477, 1.43377581, 1.4301744, 1.4394582, 1.43613443, 1.42635078]",-3.030880354933696,8.080954806096008,NULL,-999,1.0973556934181352,-0.23378634564413636,0
ripple_2026-05-04,ripple,XRP,2026-05-04T00:00:00Z,1.388725666103684,375992316.66072345,85818004053.55739,3,Smart Contract Platform,coinup,"[1.31949971, 1.31755299, 1.33747352, 1.32120732, 1.38199714, 1.34279187, 1.3449507, 1.35612457, 1.35502267, 1.32526078, 1.37570542, 1.36362394, 1.39243658, 1.45356852, 1.47694418, 1.43424268, 1.39569626, 1.42520477, 1.43377581, 1.4301744, 1.4394582, 1.43613443, 1.42635078, 1.43217977, 1.40397735, 1.38301269, 1.37061471, 1.36862951, 1.38711115, 1.3943322]",-5.973043106609954,5.24637903538534,NULL,-999,1.059904049057053,-0.23677939068354537,0
ripple_2026-05-11,ripple,XRP,2026-05-11T00:00:00Z,1.4733272918435374,2672275018.6172695,91046065173.10915,3,Smart Contract Platform,coinup,"[1.35612457, 1.35502267, 1.32526078, 1.37570542, 1.36362394, 1.39243658, 1.45356852, 1.47694418, 1.43424268, 1.39569626, 1.42520477, 1.43377581, 1.4301744, 1.4394582, 1.43613443, 1.42635078, 1.43217977, 1.40397735, 1.38301269, 1.37061471, 1.36862951, 1.38711115, 1.3943322, 1.38872567, 1.39241353, 1.4135035, 1.42949695, 1.39195879, 1.42064161, 1.4224308]",-0.24488987180253385,8.642474750416106,NULL,-999,1.0389339261257766,-0.29483833505467427,0
ripple_2026-05-18,ripple,XRP,2026-05-18T00:00:00Z,1.4008124294376394,1048158809.8903788,86610895324.60036,3,Smart Contract Platform,coinup,"[1.47694418, 1.43424268, 1.39569626, 1.42520477, 1.43377581, 1.4301744, 1.4394582, 1.43613443, 1.42635078, 1.43217977, 1.40397735, 1.38301269, 1.37061471, 1.36862951, 1.38711115, 1.3943322, 1.38872567, 1.39241353, 1.4135035, 1.42949695, 1.39195879, 1.42064161, 1.4224308, 1.47332729, 1.47599115, 1.43584879, 1.42655925, 1.48256488, 1.43311047, 1.41315826]",-5.5142579434435905,-5.154680198281902,NULL,-999,1.001843753853044,-0.2848123468926975,0
ripple_2026-05-25,ripple,XRP,2026-05-25T00:00:00Z,1.3489759781401205,751342231.8140342,83445389407.57967,3,Smart Contract Platform,coinup,"[1.43613443, 1.42635078, 1.43217977, 1.40397735, 1.38301269, 1.37061471, 1.36862951, 1.38711115, 1.3943322, 1.38872567, 1.39241353, 1.4135035, 1.42949695, 1.39195879, 1.42064161, 1.4224308, 1.47332729, 1.47599115, 1.43584879, 1.42655925, 1.48256488, 1.43311047, 1.41315826, 1.40081243, 1.38910694, 1.35868858, 1.36491445, 1.36936418, 1.33237183, 1.3543045]",-9.010661504333505,-6.068961650423155,NULL,-999,1.4637843769045962,0.08510781557635005,1
ripple_2026-06-01,ripple,XRP,2026-06-01T00:00:00Z,1.3315091082438855,1164295942.8589847,82524062872.58284,3,Smart Contract Platform,coinup,"[1.38711115, 1.3943322, 1.38872567, 1.39241353, 1.4135035, 1.42949695, 1.39195879, 1.42064161, 1.4224308, 1.47332729, 1.47599115, 1.43584879, 1.42655925, 1.48256488, 1.43311047, 1.41315826, 1.40081243, 1.38910694, 1.35868858, 1.36491445, 1.36936418, 1.33237183, 1.3543045, 1.34897598, 1.34704025, 1.32659915, 1.30056454, 1.31435411, 1.32891372, 1.3397927]",-10.188813645811612,-4.008477879761396,NULL,-999,1.3962919749950886,0.04865371656123685,1
ripple_2026-06-08,ripple,XRP,2026-06-08T00:00:00Z,1.1548517514448144,2010546066.5698698,71663056236.51035,3,Smart Contract Platform,coinup,"[1.42064161, 1.4224308, 1.47332729, 1.47599115, 1.43584879, 1.42655925, 1.48256488, 1.43311047, 1.41315826, 1.40081243, 1.38910694, 1.35868858, 1.36491445, 1.36936418, 1.33237183, 1.3543045, 1.34897598, 1.34704025, 1.32659915, 1.30056454, 1.31435411, 1.32891372, 1.3397927, 1.33150911, 1.29546604, 1.21022317, 1.19987198, 1.16766106, 1.0972844, 1.09297473]",-22.1044713713866,-18.70914227231062,NULL,-999,1.4122708256630054,0.22290226766867582,1
avalanche-2_2025-10-20,avalanche-2,AVAX,2025-10-20T00:00:00Z,20.59289576788187,434470483.2731454,8782469106.733067,8,Smart Contract Platform,kucoin,"[33.75932121, 33.18169147, 33.05056755, 33.77165694, 33.62777639, 32.33123903, 28.85038674, 29.04955147, 28.7739472, 30.01369333, 30.43215703, 30.00200017, 30.70841509, 30.97353649, 31.36816144, 30.13193024, 30.04715599, 30.68143432, 27.94105815, 28.81799429, 28.39051781, 20.86482362, 21.4854397, 22.54074305, 23.82764021, 22.75237906, 21.91694465, 20.9569857, 19.95965948, 20.21236448]",-39.02314059602301,-39.000859532044416,NULL,-999,13.750084886318893,-0.3322898808741366,0
avalanche-2_2025-10-27,avalanche-2,AVAX,2025-10-27T00:00:00Z,20.82918445880365,551665002.7508112,8889619074.88581,8,Smart Contract Platform,kucoin,"[29.04955147, 28.7739472, 30.01369333, 30.43215703, 30.00200017, 30.70841509, 30.97353649, 31.36816144, 30.13193024, 30.04715599, 30.68143432, 27.94105815, 28.81799429, 28.39051781, 20.86482362, 21.4854397, 22.54074305, 23.82764021, 22.75237906, 21.91694465, 20.9569857, 19.95965948, 20.21236448, 20.59289577, 20.35308323, 19.55104397, 19.01784151, 19.12973138, 19.49742065, 19.71772805]",-33.597687900551584,-28.297741612399953,NULL,-999,12.163610638743245,-0.4160303941423793,0
avalanche-2_2025-11-03,avalanche-2,AVAX,2025-11-03T00:00:00Z,18.84151884372713,292008696.2064674,8041073268.566454,8,Smart Contract Platform,kucoin,"[31.36816144, 30.13193024, 30.04715599, 30.68143432, 27.94105815, 28.81799429, 28.39051781, 20.86482362, 21.4854397, 22.54074305, 23.82764021, 22.75237906, 21.91694465, 20.9569857, 19.95965948, 20.21236448, 20.59289577, 20.35308323, 19.55104397, 19.01784151, 19.12973138, 19.49742065, 19.71772805, 20.82918446, 20.32481212, 19.4911562, 19.65699461, 18.12150897, 18.19228265, 18.70785353]",-39.93425824408553,-39.93425824408553,NULL,-999,10.157669548026377,-0.4608890274571389,0
avalanche-2_2025-11-10,avalanche-2,AVAX,2025-11-10T00:00:00Z,17.76909699443319,409851670.0221001,7585825400.44023,9,Smart Contract Platform,kucoin,"[20.86482362, 21.4854397, 22.54074305, 23.82764021, 22.75237906, 21.91694465, 20.9569857, 19.95965948, 20.21236448, 20.59289577, 20.35308323, 19.55104397, 19.01784151, 19.12973138, 19.49742065, 19.71772805, 20.82918446, 20.32481212, 19.4911562, 19.65699461, 18.12150897, 18.19228265, 18.70785353, 18.84151884, 16.64286371, 16.01440433, 16.62549309, 16.10126741, 17.78629557, 17.47540548]",-25.426534738013107,-14.837061065811186,NULL,-999,9.261095496767915,-0.47880888377899644,0
avalanche-2_2025-11-17,avalanche-2,AVAX,2025-11-17T00:00:00Z,15.15480300055575,460043470.64928234,6512728875.364924,9,Smart Contract Platform,kucoin,"[19.95965948, 20.21236448, 20.59289577, 20.35308323, 19.55104397, 19.01784151, 19.12973138, 19.49742065, 19.71772805, 20.82918446, 20.32481212, 19.4911562, 19.65699461, 18.12150897, 18.19228265, 18.70785353, 18.84151884, 16.64286371, 16.01440433, 16.62549309, 16.10126741, 17.78629557, 17.47540548, 17.76909699, 18.17049713, 17.0050632, 16.80907681, 16.0839328, 15.13623114, 15.51943003]",-27.242456225162325,-24.072837946819615,NULL,-999,9.67257903601365,-0.3617482829925971,0
avalanche-2_2025-11-24,avalanche-2,AVAX,2025-11-24T00:00:00Z,13.269115396949442,308447528.0428789,5696154523.995866,9,Smart Contract Platform,kucoin,"[19.49742065, 19.71772805, 20.82918446, 20.32481212, 19.4911562, 19.65699461, 18.12150897, 18.19228265, 18.70785353, 18.84151884, 16.64286371, 16.01440433, 16.62549309, 16.10126741, 17.78629557, 17.47540548, 17.76909699, 18.17049713, 17.0050632, 16.80907681, 16.0839328, 15.13623114, 15.51943003, 15.154803, 14.5006407, 14.56138262, 14.25939945, 13.81394859, 13.30133949, 13.22944453]",-36.29555961159523,-31.944252340978196,NULL,-999,9.20756829922116,-0.30609026873502265,0
avalanche-2_2025-12-01,avalanche-2,AVAX,2025-12-01T00:00:00Z,13.759993731197897,344234669.9824095,5927498604.317718,9,Smart Contract Platform,kucoin,"[18.19228265, 18.70785353, 18.84151884, 16.64286371, 16.01440433, 16.62549309, 16.10126741, 17.78629557, 17.47540548, 17.76909699, 18.17049713, 17.0050632, 16.80907681, 16.0839328, 15.13623114, 15.51943003, 15.154803, 14.5006407, 14.56138262, 14.25939945, 13.81394859, 13.30133949, 13.22944453, 13.2691154, 13.89149825, 14.1751927, 14.94235736, 15.02096968, 14.85293867, 14.24948535]",-26.969827404445233,-24.36356672161849,NULL,-999,9.22901109277392,-0.3292866789721659,0
avalanche-2_2025-12-08,avalanche-2,AVAX,2025-12-08T00:00:00Z,13.45557944856086,372236691.83924145,5764578266.135355,9,Smart Contract Platform,kucoin,"[17.78629557, 17.47540548, 17.76909699, 18.17049713, 17.0050632, 16.80907681, 16.0839328, 15.13623114, 15.51943003, 15.154803, 14.5006407, 14.56138262, 14.25939945, 13.81394859, 13.30133949, 13.22944453, 13.2691154, 13.89149825, 14.1751927, 14.94235736, 15.02096968, 14.85293867, 14.24948535, 13.75999373, 12.75115675, 13.63863616, 14.80566797, 14.39736506, 13.22162691, 13.40754885]",-25.94820408419245,-24.348612140080604,NULL,-999,9.019909921557872,-0.3296528064034734,0
avalanche-2_2025-12-15,avalanche-2,AVAX,2025-12-15T00:00:00Z,12.887618126967192,253163803.1878192,5537250818.962477,9,Smart Contract Platform,kucoin,"[15.13623114, 15.51943003, 15.154803, 14.5006407, 14.56138262, 14.25939945, 13.81394859, 13.30133949, 13.22944453, 13.2691154, 13.89149825, 14.1751927, 14.94235736, 15.02096968, 14.85293867, 14.24948535, 13.75999373, 12.75115675, 13.63863616, 14.80566797, 14.39736506, 13.22162691, 13.40754885, 13.45557945, 13.64046485, 14.61586799, 14.12875135, 13.42698722, 13.10912122, 13.38464468]",-16.958173698443236,-14.855831626548078,NULL,-999,9.808911318764862,-0.2388887362948916,0
avalanche-2_2025-12-22,avalanche-2,AVAX,2025-12-22T00:00:00Z,12.142722959869468,203788379.30445984,5215546148.25585,9,Smart Contract Platform,kucoin,"[13.30133949, 13.22944453, 13.2691154, 13.89149825, 14.1751927, 14.94235736, 15.02096968, 14.85293867, 14.24948535, 13.75999373, 12.75115675, 13.63863616, 14.80566797, 14.39736506, 13.22162691, 13.40754885, 13.45557945, 13.64046485, 14.61586799, 14.12875135, 13.42698722, 13.10912122, 13.38464468, 12.88761813, 12.34243582, 12.33820848, 11.84442866, 11.43624823, 12.25155098, 12.2085407]",-19.16152405194581,-8.710525183827434,NULL,-999,9.196250641938349,-0.24265334288437013,0
avalanche-2_2025-12-29,avalanche-2,AVAX,2025-12-29T00:00:00Z,12.638134958010566,220232941.6429532,5429552698.204011,9,Smart Contract Platform,kucoin,"[14.85293867, 14.24948535, 13.75999373, 12.75115675, 13.63863616, 14.80566797, 14.39736506, 13.22162691, 13.40754885, 13.45557945, 13.64046485, 14.61586799, 14.12875135, 13.42698722, 13.10912122, 13.38464468, 12.88761813, 12.34243582, 12.33820848, 11.84442866, 11.43624823, 12.25155098, 12.2085407, 12.14272296, 12.40214095, 12.17917723, 12.10549105, 12.07861492, 12.34201192, 12.68931097]",-14.911552275045793,-14.911552275045793,NULL,-999,8.75596820833212,-0.3071787698562096,0
avalanche-2_2026-01-05,avalanche-2,AVAX,2026-01-05T00:00:00Z,14.293491091379003,305821829.48161995,6149175515.146519,9,Smart Contract Platform,kucoin,"[13.22162691, 13.40754885, 13.45557945, 13.64046485, 14.61586799, 14.12875135, 13.42698722, 13.10912122, 13.38464468, 12.88761813, 12.34243582, 12.33820848, 11.84442866, 11.43624823, 12.25155098, 12.2085407, 12.14272296, 12.40214095, 12.17917723, 12.10549105, 12.07861492, 12.34201192, 12.68931097, 12.63813496, 12.36069754, 12.55933568, 12.30949632, 13.64749101, 13.81863671, 13.96365411]",-2.2056637148968106,8.10690079482197,NULL,-999,8.99217022905972,-0.3708905562978053,0
avalanche-2_2026-01-12,avalanche-2,AVAX,2026-01-12T00:00:00Z,13.727501079817273,184810767.38569823,5907042813.972636,9,Smart Contract Platform,kucoin,"[13.10912122, 13.38464468, 12.88761813, 12.34243582, 12.33820848, 11.84442866, 11.43624823, 12.25155098, 12.2085407, 12.14272296, 12.40214095, 12.17917723, 12.10549105, 12.07861492, 12.34201192, 12.68931097, 12.63813496, 12.36069754, 12.55933568, 12.30949632, 13.64749101, 13.81863671, 13.96365411, 14.29349109, 14.4640996, 14.57882331, 14.11439254, 13.88199704, 13.80695671, 13.79715648]",-5.839444056940668,4.717172474443765,NULL,-999,9.375600780395441,-0.3170205760041914,0
avalanche-2_2026-01-19,avalanche-2,AVAX,2026-01-19T00:00:00Z,12.748576434583626,224348554.23115742,5494028682.94237,8,Smart Contract Platform,kucoin,"[12.25155098, 12.2085407, 12.14272296, 12.40214095, 12.17917723, 12.10549105, 12.07861492, 12.34201192, 12.68931097, 12.63813496, 12.36069754, 12.55933568, 12.30949632, 13.64749101, 13.81863671, 13.96365411, 14.29349109, 14.4640996, 14.57882331, 14.11439254, 13.88199704, 13.80695671, 13.79715648, 13.72750108, 13.51248707, 14.79190405, 14.62754376, 13.83271056, 13.61084862, 13.75008489]",-13.81382416687762,4.056836971629441,NULL,-999,9.335215165542323,-0.26774450359663116,0
avalanche-2_2026-01-26,avalanche-2,AVAX,2026-01-26T00:00:00Z,11.526956116148234,271837066.5474093,4971184143.189629,9,Smart Contract Platform,kucoin,"[12.34201192, 12.68931097, 12.63813496, 12.36069754, 12.55933568, 12.30949632, 13.64749101, 13.81863671, 13.96365411, 14.29349109, 14.4640996, 14.57882331, 14.11439254, 13.88199704, 13.80695671, 13.79715648, 13.72750108, 13.51248707, 14.79190405, 14.62754376, 13.83271056, 13.61084862, 13.75008489, 12.74857643, 12.74068582, 12.13312577, 12.46984276, 12.25280026, 12.17899187, 12.16361064]",-22.072533216177547,-6.6039135871464705,NULL,-999,9.364393770963312,-0.18760914185795896,0
avalanche-2_2026-02-02,avalanche-2,AVAX,2026-02-02T00:00:00Z,9.971835807062089,332948051.544604,4304415103.646977,9,Smart Contract Platform,kucoin,"[13.81863671, 13.96365411, 14.29349109, 14.4640996, 14.57882331, 14.11439254, 13.88199704, 13.80695671, 13.79715648, 13.72750108, 13.51248707, 14.79190405, 14.62754376, 13.83271056, 13.61084862, 13.75008489, 12.74857643, 12.74068582, 12.13312577, 12.46984276, 12.25280026, 12.17899187, 12.16361064, 11.52695612, 11.76132447, 12.1949987, 12.12782928, 11.07711405, 10.89790253, 10.15766955]",-32.58585390639747,-27.837774346461497,NULL,-999,9.181771808315647,-0.07922954348956646,0
avalanche-2_2026-02-09,avalanche-2,AVAX,2026-02-09T00:00:00Z,9.169163115676474,198514440.55399212,3958987540.809386,9,Smart Contract Platform,kucoin,"[13.80695671, 13.79715648, 13.72750108, 13.51248707, 14.79190405, 14.62754376, 13.83271056, 13.61084862, 13.75008489, 12.74857643, 12.74068582, 12.13312577, 12.46984276, 12.25280026, 12.17899187, 12.16361064, 11.52695612, 11.76132447, 12.1949987, 12.12782928, 11.07711405, 10.89790253, 10.15766955, 9.97183581, 10.18205706, 9.93931677, 9.74808045, 8.32771315, 9.26962088, 9.2610955]",-38.01228642387765,-33.59026676594602,NULL,-999,9.964182348729361,0.08670575744188103,1
avalanche-2_2026-02-16,avalanche-2,AVAX,2026-02-16T00:00:00Z,9.350073792344256,240229095.86990532,4037099698.4721303,9,Smart Contract Platform,kucoin,"[13.61084862, 13.75008489, 12.74857643, 12.74068582, 12.13312577, 12.46984276, 12.25280026, 12.17899187, 12.16361064, 11.52695612, 11.76132447, 12.1949987, 12.12782928, 11.07711405, 10.89790253, 10.15766955, 9.97183581, 10.18205706, 9.93931677, 9.74808045, 8.32771315, 9.26962088, 9.2610955, 9.16916312, 9.05788712, 8.74943162, 8.70187217, 8.97233986, 9.22107522, 9.67257904]",-31.999883130558526,-31.30425551990783,NULL,-999,9.290489773417141,-0.006372572051345893,0
avalanche-2_2026-02-23,avalanche-2,AVAX,2026-02-23T00:00:00Z,8.538899887160364,197022093.06053936,3686857550.5751033,9,Smart Contract Platform,kucoin,"[12.17899187, 12.16361064, 11.52695612, 11.76132447, 12.1949987, 12.12782928, 11.07711405, 10.89790253, 10.15766955, 9.97183581, 10.18205706, 9.93931677, 9.74808045, 8.32771315, 9.26962088, 9.2610955, 9.16916312, 9.05788712, 8.74943162, 8.70187217, 8.97233986, 9.22107522, 9.67257904, 9.35007379, 9.33950857, 9.24051471, 8.93869477, 8.97475153, 9.22247721, 9.2075683]",-29.98031326011813,-29.888286471394675,NULL,-999,9.385538758544717,0.09915081363788025,1
avalanche-2_2026-03-02,avalanche-2,AVAX,2026-03-02T00:00:00Z,9.079354292244421,328167938.5309493,3920210608.9851103,9,Smart Contract Platform,kucoin,"[10.89790253, 10.15766955, 9.97183581, 10.18205706, 9.93931677, 9.74808045, 8.32771315, 9.26962088, 9.2610955, 9.16916312, 9.05788712, 8.74943162, 8.70187217, 8.97233986, 9.22107522, 9.67257904, 9.35007379, 9.33950857, 9.24051471, 8.93869477, 8.97475153, 9.22247721, 9.2075683, 8.53889989, 8.45400036, 8.37382084, 9.54071613, 9.35384534, 9.0127639, 9.22901109]",-16.687139865795853,-16.687139865795853,NULL,-999,8.945149220921909,-0.014781345347119057,0
avalanche-2_2026-03-09,avalanche-2,AVAX,2026-03-09T00:00:00Z,8.920183492313235,177343824.137176,3851485120.5366764,9,Smart Contract Platform,kucoin,"[9.26962088, 9.2610955, 9.16916312, 9.05788712, 8.74943162, 8.70187217, 8.97233986, 9.22107522, 9.67257904, 9.35007379, 9.33950857, 9.24051471, 8.93869477, 8.97475153, 9.22247721, 9.2075683, 8.53889989, 8.45400036, 8.37382084, 9.54071613, 9.35384534, 9.0127639, 9.22901109, 9.07935429, 9.21286027, 9.23604196, 9.53270697, 9.44659673, 9.07800038, 9.01990992]",-7.778644567276638,-3.769705310856397,NULL,-999,6.661121686392539,-0.2532528403555141,0
avalanche-2_2026-03-16,avalanche-2,AVAX,2026-03-16T00:00:00Z,10.049841773051385,209294363.4646383,4339239891.871065,9,Smart Contract Platform,kucoin,"[9.22107522, 9.67257904, 9.35007379, 9.33950857, 9.24051471, 8.93869477, 8.97475153, 9.22247721, 9.2075683, 8.53889989, 8.45400036, 8.37382084, 9.54071613, 9.35384534, 9.0127639, 9.22901109, 9.07935429, 9.21286027, 9.23604196, 9.53270697, 9.44659673, 9.07800038, 9.01990992, 8.92018349, 9.30557701, 9.58078461, 9.55422567, 9.72565177, 9.74375799, 9.80891132]",2.4562405190228676,8.987743131563208,NULL,-999,6.715002444613529,-0.331830033123528,0
avalanche-2_2026-03-23,avalanche-2,AVAX,2026-03-23T00:00:00Z,9.117463510021691,204084515.62713742,3936665100.6837316,9,Smart Contract Platform,kucoin,"[9.22247721, 9.2075683, 8.53889989, 8.45400036, 8.37382084, 9.54071613, 9.35384534, 9.0127639, 9.22901109, 9.07935429, 9.21286027, 9.23604196, 9.53270697, 9.44659673, 9.07800038, 9.01990992, 8.92018349, 9.30557701, 9.58078461, 9.55422567, 9.72565177, 9.74375799, 9.80891132, 10.04984177, 10.50009082, 10.2583361, 9.71768384, 9.54300721, 9.57848935, 9.19625064]",-13.167765253587739,-1.1386712385123232,NULL,-999,6.236328543309797,-0.3160018094445919,0
avalanche-2_2026-03-30,avalanche-2,AVAX,2026-03-30T00:00:00Z,8.597913719141783,201006835.77204219,3712338068.5463033,9,Smart Contract Platform,kucoin,"[9.0127639, 9.22901109, 9.07935429, 9.21286027, 9.23604196, 9.53270697, 9.44659673, 9.07800038, 9.01990992, 8.92018349, 9.30557701, 9.58078461, 9.55422567, 9.72565177, 9.74375799, 9.80891132, 10.04984177, 10.50009082, 10.2583361, 9.71768384, 9.54300721, 9.57848935, 9.19625064, 9.11746351, 9.61553212, 9.70118482, 9.75268521, 9.14725527, 8.7792534, 8.75596821]",-18.115815701450323,-4.602918549542823,NULL,-999,6.4242841644465845,-0.2528089517641918,0
avalanche-2_2026-04-06,avalanche-2,AVAX,2026-04-06T00:00:00Z,9.15211997367833,128039545.7784123,3951628789.9642253,9,Smart Contract Platform,kucoin,"[9.07800038, 9.01990992, 8.92018349, 9.30557701, 9.58078461, 9.55422567, 9.72565177, 9.74375799, 9.80891132, 10.04984177, 10.50009082, 10.2583361, 9.71768384, 9.54300721, 9.57848935, 9.19625064, 9.11746351, 9.61553212, 9.70118482, 9.75268521, 9.14725527, 8.7792534, 8.75596821, 8.59791372, 8.80153176, 8.90073912, 9.12899595, 8.7535101, 8.91213619, 8.99217023]",-12.837706549825878,0.8164748885402195,NULL,-999,6.959236847447145,-0.23960384397691004,0
avalanche-2_2026-04-13,avalanche-2,AVAX,2026-04-13T00:00:00Z,9.031338877285343,209327670.98544642,3899478899.1014915,9,Smart Contract Platform,kucoin,"[9.74375799, 9.80891132, 10.04984177, 10.50009082, 10.2583361, 9.71768384, 9.54300721, 9.57848935, 9.19625064, 9.11746351, 9.61553212, 9.70118482, 9.75268521, 9.14725527, 8.7792534, 8.75596821, 8.59791372, 8.80153176, 8.90073912, 9.12899595, 8.7535101, 8.91213619, 8.99217023, 9.15211997, 8.89205836, 9.45853254, 9.04639971, 9.38290853, 9.39559988, 9.37560078]",-13.987992756444322,-7.311543635245698,NULL,-999,6.54613520088115,-0.2751755537215762,0
avalanche-2_2026-04-20,avalanche-2,AVAX,2026-04-20T00:00:00Z,9.00647292978929,274475579.5868729,3888742480.184591,9,Smart Contract Platform,kucoin,"[9.57848935, 9.19625064, 9.11746351, 9.61553212, 9.70118482, 9.75268521, 9.14725527, 8.7792534, 8.75596821, 8.59791372, 8.80153176, 8.90073912, 9.12899595, 8.7535101, 8.91213619, 8.99217023, 9.15211997, 8.89205836, 9.45853254, 9.04639971, 9.38290853, 9.39559988, 9.37560078, 9.03133888, 9.6927981, 9.31528326, 9.44265181, 9.73060314, 9.73681129, 9.33521517]",-7.651352083432428,-5.971885539591071,NULL,-999,6.567658107086493,-0.2707846725032963,0
avalanche-2_2026-04-27,avalanche-2,AVAX,2026-04-27T00:00:00Z,9.464014661913412,155797701.292465,4086296171.184242,9,Smart Contract Platform,kucoin,"[8.7792534, 8.75596821, 8.59791372, 8.80153176, 8.90073912, 9.12899595, 8.7535101, 8.91213619, 8.99217023, 9.15211997, 8.89205836, 9.45853254, 9.04639971, 9.38290853, 9.39559988, 9.37560078, 9.03133888, 9.6927981, 9.31528326, 9.44265181, 9.73060314, 9.73681129, 9.33521517, 9.00647293, 9.27872275, 9.38832017, 9.34065541, 9.38383416, 9.39646456, 9.36439377]",-2.801704008338113,7.799766468774982,NULL,-999,6.7720596437513105,-0.2844411293016581,0
avalanche-2_2026-05-04,avalanche-2,AVAX,2026-05-04T00:00:00Z,9.077499687051846,151586113.43516523,3919409842.4639025,9,Smart Contract Platform,kucoin,"[8.91213619, 8.99217023, 9.15211997, 8.89205836, 9.45853254, 9.04639971, 9.38290853, 9.39559988, 9.37560078, 9.03133888, 9.6927981, 9.31528326, 9.44265181, 9.73060314, 9.73681129, 9.33521517, 9.00647293, 9.27872275, 9.38832017, 9.34065541, 9.38383416, 9.39646456, 9.36439377, 9.46401466, 9.26631492, 9.17274411, 9.11942908, 9.08991405, 9.0861717, 9.18177181]",-6.7713298250640435,1.8554866454077557,NULL,-999,6.186861556497119,-0.31843990418175794,0
avalanche-2_2026-05-11,avalanche-2,AVAX,2026-05-11T00:00:00Z,10.227742433192908,309378551.777856,4416052408.795091,9,Smart Contract Platform,kucoin,"[9.39559988, 9.37560078, 9.03133888, 9.6927981, 9.31528326, 9.44265181, 9.73060314, 9.73681129, 9.33521517, 9.00647293, 9.27872275, 9.38832017, 9.34065541, 9.38383416, 9.39646456, 9.36439377, 9.46401466, 9.26631492, 9.17274411, 9.11942908, 9.08991405, 9.0861717, 9.18177181, 9.07749969, 9.17327275, 9.40415092, 9.61208372, 9.50211086, 9.9078733, 9.96418235]",2.645074881604881,8.85672614997819,NULL,-999,6.476376888822229,-0.36678334137512825,0
avalanche-2_2026-05-18,avalanche-2,AVAX,2026-05-18T00:00:00Z,9.192308265876822,158477572.1134876,3968980967.7031307,9,Smart Contract Platform,kucoin,"[9.73681129, 9.33521517, 9.00647293, 9.27872275, 9.38832017, 9.34065541, 9.38383416, 9.39646456, 9.36439377, 9.46401466, 9.26631492, 9.17274411, 9.11942908, 9.08991405, 9.0861717, 9.18177181, 9.07749969, 9.17327275, 9.40415092, 9.61208372, 9.50211086, 9.9078733, 9.96418235, 10.22774243, 10.12376483, 9.83333396, 9.75098127, 9.89762076, 9.53503002, 9.29048977]",-10.123780238693826,-5.592210960009803,NULL,-999,6.32440625071797,-0.31198932109412814,0
avalanche-2_2026-05-25,avalanche-2,AVAX,2026-05-25T00:00:00Z,9.20326342439848,123681870.5683033,3973711097.9830346,9,Smart Contract Platform,kucoin,"[9.39646456, 9.36439377, 9.46401466, 9.26631492, 9.17274411, 9.11942908, 9.08991405, 9.0861717, 9.18177181, 9.07749969, 9.17327275, 9.40415092, 9.61208372, 9.50211086, 9.9078733, 9.96418235, 10.22774243, 10.12376483, 9.83333396, 9.75098127, 9.89762076, 9.53503002, 9.29048977, 9.19230827, 9.23780362, 9.09749221, 9.28725891, 9.44040006, 9.1452163, 9.38553876]",-10.016668052468791,-2.056104551565552,NULL,-999,7.493330820923078,-0.18579633382461425,0
avalanche-2_2026-06-01,avalanche-2,AVAX,2026-06-01T00:00:00Z,8.970110196964207,147571801.1041972,3873042071.7189417,9,Smart Contract Platform,kucoin,"[9.0861717, 9.18177181, 9.07749969, 9.17327275, 9.40415092, 9.61208372, 9.50211086, 9.9078733, 9.96418235, 10.22774243, 10.12376483, 9.83333396, 9.75098127, 9.89762076, 9.53503002, 9.29048977, 9.19230827, 9.23780362, 9.09749221, 9.28725891, 9.44040006, 9.1452163, 9.38553876, 9.20326342, 9.29882118, 9.13108062, 9.02972736, 8.91977837, 8.82004476, 8.94514922]",-12.29628380303367,-1.2773421865992285,NULL,-999,7.331229082662345,-0.18270468013386454,0
avalanche-2_2026-06-08,avalanche-2,AVAX,2026-06-08T00:00:00Z,6.807537953548277,229731245.91197276,2939304012.9918427,9,Smart Contract Platform,kucoin,"[9.9078733, 9.96418235, 10.22774243, 10.12376483, 9.83333396, 9.75098127, 9.89762076, 9.53503002, 9.29048977, 9.19230827, 9.23780362, 9.09749221, 9.28725891, 9.44040006, 9.1452163, 9.38553876, 9.20326342, 9.29882118, 9.13108062, 9.02972736, 8.91977837, 8.82004476, 8.94514922, 8.9701102, 8.92308335, 8.16956054, 8.04695359, 7.69849207, 6.72092285, 6.66112169]",-33.44046354300798,-31.29163297040679,NULL,-999,7.591598287876626,0.11517531590399366,1
chainlink_2025-10-20,chainlink,LINK,2025-10-20T00:00:00Z,17.27749220006015,684670037.6340511,12032819939.551697,7,Infrastructure,coinbase_international,"[23.51375219, 23.3463406, 22.97975532, 21.67161638, 21.53443888, 21.61490051, 20.20117842, 21.05758897, 20.92761709, 21.67653888, 21.72554982, 21.31432858, 22.58101725, 22.78367314, 22.52968061, 22.02904933, 21.99498411, 23.45725688, 21.83398588, 22.62767542, 22.00389731, 17.35079931, 17.21343079, 19.03007117, 19.87858325, 19.11965725, 18.05884413, 17.41049229, 16.61961651, 16.82542554]",-26.521756018916378,-26.521756018916378,NULL,-999,13.73548053423346,-0.2050072791127845,0
chainlink_2025-10-27,chainlink,LINK,2025-10-27T00:00:00Z,18.538775392726073,667800107.4467721,12916579882.188736,7,Infrastructure,coinbase_international,"[21.05758897, 20.92761709, 21.67653888, 21.72554982, 21.31432858, 22.58101725, 22.78367314, 22.52968061, 22.02904933, 21.99498411, 23.45725688, 21.83398588, 22.62767542, 22.00389731, 17.35079931, 17.21343079, 19.03007117, 19.87858325, 19.11965725, 18.05884413, 17.41049229, 16.61961651, 16.82542554, 17.2774922, 18.65832126, 17.61338928, 17.20687626, 17.42317013, 17.89051222, 18.02014951]",-20.96784595842225,-11.96154785256941,NULL,-999,13.444555015569946,-0.2747873184306936,0
chainlink_2025-11-03,chainlink,LINK,2025-11-03T00:00:00Z,17.59901399892397,500126880.6337794,12259609796.303192,7,Infrastructure,coinbase_international,"[22.52968061, 22.02904933, 21.99498411, 23.45725688, 21.83398588, 22.62767542, 22.00389731, 17.35079931, 17.21343079, 19.03007117, 19.87858325, 19.11965725, 18.05884413, 17.41049229, 16.61961651, 16.82542554, 17.2774922, 18.65832126, 17.61338928, 17.20687626, 17.42317013, 17.89051222, 18.02014951, 18.53877539, 18.20725147, 17.83865633, 18.12110738, 16.79054842, 17.23750129, 17.13151676]",-24.974117444209664,-21.885204227957377,NULL,-999,10.301599445998283,-0.414649056667144,0
chainlink_2025-11-10,chainlink,LINK,2025-11-10T00:00:00Z,15.923678285027515,616917186.0857804,11093971626.039787,7,Infrastructure,coinbase_international,"[17.35079931, 17.21343079, 19.03007117, 19.87858325, 19.11965725, 18.05884413, 17.41049229, 16.61961651, 16.82542554, 17.2774922, 18.65832126, 17.61338928, 17.20687626, 17.42317013, 17.89051222, 18.02014951, 18.53877539, 18.20725147, 17.83865633, 18.12110738, 16.79054842, 17.23750129, 17.13151676, 17.599014, 15.23216623, 14.71867896, 15.13404086, 14.72329381, 15.80446027, 15.48963281]",-19.895306002769853,-8.225102470478085,NULL,-999,9.391481104934801,-0.4102191128939545,0
chainlink_2025-11-17,chainlink,LINK,2025-11-17T00:00:00Z,13.73526543303582,792079245.781192,9577611300.22146,7,Infrastructure,coinbase_international,"[16.61961651, 16.82542554, 17.2774922, 18.65832126, 17.61338928, 17.20687626, 17.42317013, 17.89051222, 18.02014951, 18.53877539, 18.20725147, 17.83865633, 18.12110738, 16.79054842, 17.23750129, 17.13151676, 17.599014, 15.23216623, 14.71867896, 15.13404086, 14.72329381, 15.80446027, 15.48963281, 15.92367829, 16.35892831, 15.29748705, 15.14044855, 14.53060034, 13.81796543, 14.12299794]",-26.38530959523706,-17.355100086113552,NULL,-999,9.961966890946597,-0.2747160992618135,0
chainlink_2025-11-24,chainlink,LINK,2025-11-24T00:00:00Z,12.515800300760477,599392171.9268476,8715584397.527946,7,Infrastructure,coinbase_international,"[17.89051222, 18.02014951, 18.53877539, 18.20725147, 17.83865633, 18.12110738, 16.79054842, 17.23750129, 17.13151676, 17.599014, 15.23216623, 14.71867896, 15.13404086, 14.72329381, 15.80446027, 15.48963281, 15.92367829, 16.35892831, 15.29748705, 15.14044855, 14.53060034, 13.81796543, 14.12299794, 13.73526543, 13.31057117, 13.77553155, 13.51348587, 12.93021325, 12.1179431, 12.17046509]",-32.48852723211042,-30.04224727808612,NULL,-999,10.089127041156516,-0.19388878068440518,0
chainlink_2025-12-01,chainlink,LINK,2025-12-01T00:00:00Z,12.9744576888479,329669134.27501345,9046134794.865305,7,Infrastructure,coinbase_international,"[17.23750129, 17.13151676, 17.599014, 15.23216623, 14.71867896, 15.13404086, 14.72329381, 15.80446027, 15.48963281, 15.92367829, 16.35892831, 15.29748705, 15.14044855, 14.53060034, 13.81796543, 14.12299794, 13.73526543, 13.31057117, 13.77553155, 13.51348587, 12.93021325, 12.1179431, 12.17046509, 12.5158003, 12.96661187, 13.07118542, 13.45229209, 13.34362123, 13.13257823, 12.99254035]",-26.27736025642584,-24.73121555246157,NULL,-999,9.474068260953464,-0.26979080835904,0
chainlink_2025-12-08,chainlink,LINK,2025-12-08T00:00:00Z,13.639083767051256,637505131.3124403,9504691753.61194,7,Infrastructure,coinbase_international,"[15.80446027, 15.48963281, 15.92367829, 16.35892831, 15.29748705, 15.14044855, 14.53060034, 13.81796543, 14.12299794, 13.73526543, 13.31057117, 13.77553155, 13.51348587, 12.93021325, 12.1179431, 12.17046509, 12.5158003, 12.96661187, 13.07118542, 13.45229209, 13.34362123, 13.13257823, 12.99254035, 12.97445769, 12.07594912, 13.49230983, 14.66690655, 14.25182187, 13.59327787, 13.91521539]",-16.626055756344783,-13.701046856796706,NULL,-999,10.158588393106918,-0.2551854239910438,0
chainlink_2025-12-15,chainlink,LINK,2025-12-15T00:00:00Z,13.287504242730808,383779121.4586574,9260583217.48824,7,Infrastructure,coinbase_international,"[13.81796543, 14.12299794, 13.73526543, 13.31057117, 13.77553155, 13.51348587, 12.93021325, 12.1179431, 12.17046509, 12.5158003, 12.96661187, 13.07118542, 13.45229209, 13.34362123, 13.13257823, 12.99254035, 12.97445769, 12.07594912, 13.49230983, 14.66690655, 14.25182187, 13.59327787, 13.91521539, 13.63908377, 13.74994079, 14.41644965, 14.10403528, 14.06789404, 13.64042931, 13.73745158]",-9.404861898411854,-3.838923964773411,NULL,-999,10.283531409251957,-0.2260750234659179,0
chainlink_2025-12-22,chainlink,LINK,2025-12-22T00:00:00Z,12.4459976389385,347322028.4037661,8806745836.778013,7,Infrastructure,coinbase_international,"[12.1179431, 12.17046509, 12.5158003, 12.96661187, 13.07118542, 13.45229209, 13.34362123, 13.13257823, 12.99254035, 12.97445769, 12.07594912, 13.49230983, 14.66690655, 14.25182187, 13.59327787, 13.91521539, 13.63908377, 13.74994079, 14.41644965, 14.10403528, 14.06789404, 13.64042931, 13.73745158, 13.28750424, 12.86083462, 12.92390033, 12.25517956, 11.93316777, 12.52629554, 12.55076465]",-15.142313084978298,2.7071800665785073,NULL,-999,10.002406162281378,-0.1963355246840246,0
chainlink_2025-12-29,chainlink,LINK,2025-12-29T00:00:00Z,12.475813334540495,246343554.7664365,8832465332.573654,7,Infrastructure,coinbase_international,"[13.13257823, 12.99254035, 12.97445769, 12.07594912, 13.49230983, 14.66690655, 14.25182187, 13.59327787, 13.91521539, 13.63908377, 13.74994079, 14.41644965, 14.10403528, 14.06789404, 13.64042931, 13.73745158, 13.28750424, 12.86083462, 12.92390033, 12.25517956, 11.93316777, 12.52629554, 12.55076465, 12.44599764, 12.56885995, 12.39518391, 12.26860739, 12.06121445, 12.1758952, 12.50156452]",-14.939027576178908,-5.001035474573145,NULL,-999,8.441996231619338,-0.32333099211681404,0
chainlink_2026-01-05,chainlink,LINK,2026-01-05T00:00:00Z,13.467499666757117,331393896.88165116,9536336116.100935,7,Infrastructure,coinbase_international,"[13.59327787, 13.91521539, 13.63908377, 13.74994079, 14.41644965, 14.10403528, 14.06789404, 13.64042931, 13.73745158, 13.28750424, 12.86083462, 12.92390033, 12.25517956, 11.93316777, 12.52629554, 12.55076465, 12.44599764, 12.56885995, 12.39518391, 12.26860739, 12.06121445, 12.1758952, 12.50156452, 12.47581333, 12.28866498, 12.40597371, 12.19980447, 12.62528897, 13.27194675, 13.21493069]",-6.5824111242331345,-0.9252971165493507,NULL,-999,8.697665811844045,-0.35417367536208866,0
chainlink_2026-01-12,chainlink,LINK,2026-01-12T00:00:00Z,14.026393148633888,232781386.49421403,9932088574.10402,7,Infrastructure,coinbase_international,"[13.64042931, 13.73745158, 13.28750424, 12.86083462, 12.92390033, 12.25517956, 11.93316777, 12.52629554, 12.55076465, 12.44599764, 12.56885995, 12.39518391, 12.26860739, 12.06121445, 12.1758952, 12.50156452, 12.47581333, 12.28866498, 12.40597371, 12.19980447, 12.62528897, 13.27194675, 13.21493069, 13.46749967, 13.92462633, 14.01129289, 13.43044709, 13.21817507, 13.64236656, 14.0940745]",-0.48021138966156673,2.8295578649364828,NULL,-999,9.068454346381166,-0.35347211144838075,0
chainlink_2026-01-19,chainlink,LINK,2026-01-19T00:00:00Z,13.621828268110537,333835503.84752744,9645616194.15928,7,Infrastructure,coinbase_international,"[12.52629554, 12.55076465, 12.44599764, 12.56885995, 12.39518391, 12.26860739, 12.06121445, 12.1758952, 12.50156452, 12.47581333, 12.28866498, 12.40597371, 12.19980447, 12.62528897, 13.27194675, 13.21493069, 13.46749967, 13.92462633, 14.01129289, 13.43044709, 13.21817507, 13.64236656, 14.0940745, 14.02639315, 13.56842841, 14.40108281, 14.41818909, 14.12601168, 14.25193064, 13.73548053]",-5.523306847680143,8.745863664370802,NULL,-999,9.284879780262658,-0.31838226135921255,0
chainlink_2026-01-26,chainlink,LINK,2026-01-26T00:00:00Z,12.101192208074524,413715493.3634957,8568853844.978642,7,Infrastructure,coinbase_international,"[12.1758952, 12.50156452, 12.47581333, 12.28866498, 12.40597371, 12.19980447, 12.62528897, 13.27194675, 13.21493069, 13.46749967, 13.92462633, 14.01129289, 13.43044709, 13.21817507, 13.64236656, 14.0940745, 14.02639315, 13.56842841, 14.40108281, 14.41818909, 14.12601168, 14.25193064, 13.73548053, 13.62182827, 13.26782379, 12.66935059, 12.84651755, 12.96790793, 13.03174048, 13.44455502]",-16.069957679911095,-0.6135318207964868,NULL,-999,9.3450964564997,-0.22775406787901598,0
chainlink_2026-02-02,chainlink,LINK,2026-02-02T00:00:00Z,9.917192641310882,542557923.6013318,7022363816.284845,7,Infrastructure,coinbase_international,"[13.27194675, 13.21493069, 13.46749967, 13.92462633, 14.01129289, 13.43044709, 13.21817507, 13.64236656, 14.0940745, 14.02639315, 13.56842841, 14.40108281, 14.41818909, 14.12601168, 14.25193064, 13.73548053, 13.62182827, 13.26782379, 12.66935059, 12.84651755, 12.96790793, 13.03174048, 13.44455502, 12.10119221, 12.62357772, 12.73367635, 12.61072735, 11.63563034, 11.20284447, 10.30159945]",-31.217488015246087,-25.277031109245108,NULL,-999,9.173304049094675,-0.07500999719592794,0
chainlink_2026-02-09,chainlink,LINK,2026-02-09T00:00:00Z,9.776742952964934,303750059.48605937,6922911396.117004,7,Infrastructure,coinbase_international,"[13.64236656, 14.0940745, 14.02639315, 13.56842841, 14.40108281, 14.41818909, 14.12601168, 14.25193064, 13.73548053, 13.62182827, 13.26782379, 12.66935059, 12.84651755, 12.96790793, 13.03174048, 13.44455502, 12.10119221, 12.62357772, 12.73367635, 12.61072735, 11.63563034, 11.20284447, 10.30159945, 9.91719264, 10.17919443, 9.90988751, 9.76480514, 8.21259477, 9.13441236, 9.3914811]",-32.19160263833696,-28.335432810128147,NULL,-999,10.373815073700346,0.061070657539824325,1
chainlink_2026-02-16,chainlink,LINK,2026-02-16T00:00:00Z,9.586866756643234,366577052.19717866,6788460067.111959,7,Infrastructure,coinbase_international,"[14.25193064, 13.73548053, 13.62182827, 13.26782379, 12.66935059, 12.84651755, 12.96790793, 13.03174048, 13.44455502, 12.10119221, 12.62357772, 12.73367635, 12.61072735, 11.63563034, 11.20284447, 10.30159945, 9.91719264, 10.17919443, 9.90988751, 9.76480514, 8.21259477, 9.13441236, 9.3914811, 9.77674295, 8.84591504, 8.57277618, 9.03297965, 9.37545771, 9.72500774, 9.96196689]",-32.73285565055936,-32.73285565055936,NULL,-999,9.714452836157015,0.013308423153515658,1
chainlink_2026-02-23,chainlink,LINK,2026-02-23T00:00:00Z,9.50308598022103,245525775.26831067,6729134901.802902,7,Infrastructure,coinbase_international,"[13.03174048, 13.44455502, 12.10119221, 12.62357772, 12.73367635, 12.61072735, 11.63563034, 11.20284447, 10.30159945, 9.91719264, 10.17919443, 9.90988751, 9.76480514, 8.21259477, 9.13441236, 9.3914811, 9.77674295, 8.84591504, 8.57277618, 9.03297965, 9.37545771, 9.72500774, 9.96196689, 9.58686676, 10.03010682, 9.99755803, 9.79699475, 9.78147606, 9.75375523, 10.08912704]",-29.316470725764876,-27.077384699959573,NULL,-999,9.551471638935041,0.00509157328626908,1
chainlink_2026-03-02,chainlink,LINK,2026-03-02T00:00:00Z,9.427351178496064,384152626.13055986,6675507090.93922,7,Infrastructure,coinbase_international,"[11.20284447, 10.30159945, 9.91719264, 10.17919443, 9.90988751, 9.76480514, 8.21259477, 9.13441236, 9.3914811, 9.77674295, 8.84591504, 8.57277618, 9.03297965, 9.37545771, 9.72500774, 9.96196689, 9.58686676, 10.03010682, 9.99755803, 9.79699475, 9.78147606, 9.75375523, 10.08912704, 9.50308598, 9.12906906, 9.18932805, 9.73337188, 9.80968607, 9.6243764, 9.47406826]",-15.848593575783532,-15.848593575783532,NULL,-999,9.189567233694111,-0.025222773640207752,0
chainlink_2026-03-09,chainlink,LINK,2026-03-09T00:00:00Z,9.532563240590926,273804719.571708,6750007748.999848,7,Infrastructure,coinbase_international,"[9.13441236, 9.3914811, 9.77674295, 8.84591504, 8.57277618, 9.03297965, 9.37545771, 9.72500774, 9.96196689, 9.58686676, 10.03010682, 9.99755803, 9.79699475, 9.78147606, 9.75375523, 10.08912704, 9.50308598, 9.12906906, 9.18932805, 9.73337188, 9.80968607, 9.6243764, 9.47406826, 9.42735118, 9.64191711, 9.64875503, 9.87432943, 9.86432021, 9.71784924, 10.15858839]",-6.162521093391071,4.358801203193519,NULL,-999,7.391559293757676,-0.2245989764554165,0
chainlink_2026-03-16,chainlink,LINK,2026-03-16T00:00:00Z,10.247950399384115,348964952.1259627,7256573375.003465,7,Infrastructure,coinbase_international,"[9.72500774, 9.96196689, 9.58686676, 10.03010682, 9.99755803, 9.79699475, 9.78147606, 9.75375523, 10.08912704, 9.50308598, 9.12906906, 9.18932805, 9.73337188, 9.80968607, 9.6243764, 9.47406826, 9.42735118, 9.64191711, 9.64875503, 9.87432943, 9.86432021, 9.71784924, 10.15858839, 9.53256324, 9.61962379, 9.78051644, 9.00640881, 9.89390793, 9.63253859, 10.28353141]",-0.3459999143468395,5.37729810999481,NULL,-999,7.979434363646255,-0.22136290158802818,0
chainlink_2026-03-23,chainlink,LINK,2026-03-23T00:00:00Z,9.547896095569461,325208843.050395,6760864943.156817,7,Infrastructure,coinbase_international,"[9.75375523, 10.08912704, 9.50308598, 9.12906906, 9.18932805, 9.73337188, 9.80968607, 9.6243764, 9.47406826, 9.42735118, 9.64191711, 9.64875503, 9.87432943, 9.86432021, 9.71784924, 10.15858839, 9.53256324, 9.61962379, 9.78051644, 9.00640881, 9.89390793, 9.63253859, 10.28353141, 10.2479504, 10.26262106, 10.39690632, 9.88028045, 9.76855055, 9.12181529, 10.00240616]",-8.165989000778806,-2.11056287772603,NULL,-999,7.981914375220622,-0.16401327629397922,0
chainlink_2026-03-30,chainlink,LINK,2026-03-30T00:00:00Z,8.412304837387502,230604153.97897488,5956752806.79199,7,Infrastructure,coinbase_international,"[9.6243764, 9.47406826, 9.42735118, 9.64191711, 9.64875503, 9.87432943, 9.86432021, 9.71784924, 10.15858839, 9.53256324, 9.61962379, 9.78051644, 9.00640881, 9.89390793, 9.63253859, 10.28353141, 10.2479504, 10.26262106, 10.39690632, 9.88028045, 9.76855055, 9.12181529, 10.00240616, 9.5478961, 9.59099756, 9.9554371, 10.1328404, 9.65156654, 8.55740132, 8.44199623]",-19.088384788359015,-12.593767288227408,NULL,-999,7.287243697540514,-0.13373993948088825,0
chainlink_2026-04-06,chainlink,LINK,2026-04-06T00:00:00Z,8.897785506802176,180008870.13625267,6656433074.485669,7,Infrastructure,coinbase_international,"[9.71784924, 10.15858839, 9.53256324, 9.61962379, 9.78051644, 9.00640881, 9.89390793, 9.63253859, 10.28353141, 10.2479504, 10.26262106, 10.39690632, 9.88028045, 9.76855055, 9.12181529, 10.00240616, 9.5478961, 9.59099756, 9.9554371, 10.1328404, 9.65156654, 8.55740132, 8.44199623, 8.41230484, 8.61869298, 8.76963845, 8.94263415, 8.64142784, 8.65966884, 8.69766581]",-14.41891240526253,-8.438736935279145,NULL,-999,8.000415968211163,-0.1008531322658871,0
chainlink_2026-04-13,chainlink,LINK,2026-04-13T00:00:00Z,8.733253192225678,275653864.6464487,6349948138.020162,7,Infrastructure,coinbase_international,"[9.63253859, 10.28353141, 10.2479504, 10.26262106, 10.39690632, 9.88028045, 9.76855055, 9.12181529, 10.00240616, 9.5478961, 9.59099756, 9.9554371, 10.1328404, 9.65156654, 8.55740132, 8.44199623, 8.41230484, 8.61869298, 8.76963845, 8.94263415, 8.64142784, 8.65966884, 8.69766581, 8.89778551, 8.80667518, 9.32601293, 8.85116756, 8.94797243, 9.08843947, 9.06845435]",-16.001424639927166,-9.335912782093725,NULL,-999,7.910834492864834,-0.0941709442356441,0
chainlink_2026-04-20,chainlink,LINK,2026-04-20T00:00:00Z,9.06570044741811,347359055.79587144,6591670527.447542,7,Infrastructure,coinbase_international,"[9.12181529, 10.00240616, 9.5478961, 9.59099756, 9.9554371, 10.1328404, 9.65156654, 8.55740132, 8.44199623, 8.41230484, 8.61869298, 8.76963845, 8.94263415, 8.64142784, 8.65966884, 8.69766581, 8.89778551, 8.80667518, 9.32601293, 8.85116756, 8.94797243, 9.08843947, 9.06845435, 8.73325319, 9.37703237, 9.03291392, 9.26579707, 9.59646319, 9.62008511, 9.28487978]",-10.531498641592485,-0.6151718953377738,NULL,-999,8.344843047570384,-0.07951480462306959,0
chainlink_2026-04-27,chainlink,LINK,2026-04-27T00:00:00Z,9.488101833519154,190559273.13734373,6898798562.800643,7,Infrastructure,coinbase_international,"[8.55740132, 8.44199623, 8.41230484, 8.61869298, 8.76963845, 8.94263415, 8.64142784, 8.65966884, 8.69766581, 8.89778551, 8.80667518, 9.32601293, 8.85116756, 8.94797243, 9.08843947, 9.06845435, 8.73325319, 9.37703237, 9.03291392, 9.26579707, 9.59646319, 9.62008511, 9.28487978, 9.06570045, 9.28769023, 9.39887542, 9.29602967, 9.3496788, 9.374277, 9.34509646]",-1.3719553612613122,10.875971273005502,NULL,-999,8.378350563606428,-0.11696241138477714,0
chainlink_2026-05-04,chainlink,LINK,2026-05-04T00:00:00Z,9.122322434969947,182627026.9827353,6632840372.923436,7,Infrastructure,coinbase_international,"[8.65966884, 8.69766581, 8.89778551, 8.80667518, 9.32601293, 8.85116756, 8.94797243, 9.08843947, 9.06845435, 8.73325319, 9.37703237, 9.03291392, 9.26579707, 9.59646319, 9.62008511, 9.28487978, 9.06570045, 9.28769023, 9.39887542, 9.29602967, 9.3496788, 9.374277, 9.34509646, 9.48810183, 9.32362482, 9.24156592, 9.11184091, 9.10124166, 9.09444643, 9.17330405]",-5.174202373471292,5.342624572786092,NULL,-999,8.061001591420974,-0.11634327235358999,0
chainlink_2026-05-11,chainlink,LINK,2026-05-11T00:00:00Z,10.709799678393045,398237668.636931,7787095029.423123,7,Infrastructure,coinbase_international,"[9.08843947, 9.06845435, 8.73325319, 9.37703237, 9.03291392, 9.26579707, 9.59646319, 9.62008511, 9.28487978, 9.06570045, 9.28769023, 9.39887542, 9.29602967, 9.3496788, 9.374277, 9.34509646, 9.48810183, 9.32362482, 9.24156592, 9.11184091, 9.10124166, 9.09444643, 9.17330405, 9.12232243, 9.35316461, 9.76586886, 9.99635024, 9.85284685, 10.34801841, 10.37381507]",3.238775728174348,17.839808651733847,NULL,-999,8.300855396756871,-0.2249289766358753,0
chainlink_2026-05-18,chainlink,LINK,2026-05-18T00:00:00Z,9.561980858295048,287309008.1404588,6952515999.275983,7,Infrastructure,coinbase_international,"[9.62008511, 9.28487978, 9.06570045, 9.28769023, 9.39887542, 9.29602967, 9.3496788, 9.374277, 9.34509646, 9.48810183, 9.32362482, 9.24156592, 9.11184091, 9.10124166, 9.09444643, 9.17330405, 9.12232243, 9.35316461, 9.76586886, 9.99635024, 9.85284685, 10.34801841, 10.37381507, 10.70979968, 10.5813918, 10.28082565, 10.21293415, 10.47485773, 10.06731099, 9.71445284]",-10.717463020468209,-0.6039889248428354,NULL,-999,9.461856212482699,-0.010471119666119244,0
chainlink_2026-05-25,chainlink,LINK,2026-05-25T00:00:00Z,9.425019404408062,226960217.34449565,6852931330.205315,7,Infrastructure,coinbase_international,"[9.374277, 9.34509646, 9.48810183, 9.32362482, 9.24156592, 9.11184091, 9.10124166, 9.09444643, 9.17330405, 9.12232243, 9.35316461, 9.76586886, 9.99635024, 9.85284685, 10.34801841, 10.37381507, 10.70979968, 10.5813918, 10.28082565, 10.21293415, 10.47485773, 10.06731099, 9.71445284, 9.56198086, 9.60027545, 9.43963981, 9.62447849, 9.73938907, 9.41127222, 9.55147164]",-11.996305370463833,0.541294009076676,NULL,-999,11.6487287426664,0.23593684456695274,1
chainlink_2026-06-01,chainlink,LINK,2026-06-01T00:00:00Z,9.136118543478487,193588036.1895749,6642871522.767506,7,Infrastructure,coinbase_international,"[9.09444643, 9.17330405, 9.12232243, 9.35316461, 9.76586886, 9.99635024, 9.85284685, 10.34801841, 10.37381507, 10.70979968, 10.5813918, 10.28082565, 10.21293415, 10.47485773, 10.06731099, 9.71445284, 9.56198086, 9.60027545, 9.43963981, 9.62447849, 9.73938907, 9.41127222, 9.55147164, 9.4250194, 9.49260385, 9.37668743, 9.12427945, 8.99482142, 9.01366321, 9.18956723]",-14.693842855804762,0.45821494476288027,NULL,-999,11.455810210166169,0.25390341156896623,1
chainlink_2026-06-08,chainlink,LINK,2026-06-08T00:00:00Z,7.9085060154893645,314050879.3674348,5750274489.972583,7,Infrastructure,coinbase_international,"[10.34801841, 10.37381507, 10.70979968, 10.5813918, 10.28082565, 10.21293415, 10.47485773, 10.06731099, 9.71445284, 9.56198086, 9.60027545, 9.43963981, 9.62447849, 9.73938907, 9.41127222, 9.55147164, 9.4250194, 9.49260385, 9.37668743, 9.12427945, 8.99482142, 9.01366321, 9.18956723, 9.13611854, 9.04441507, 8.36458283, 8.3278633, 8.00632326, 7.36105384, 7.39155929]",-26.15635910123766,-23.57468164490878,NULL,-999,12.047500928730749,0.5233598994721471,1
polkadot_2025-10-20,polkadot,DOT,2025-10-20T00:00:00Z,3.0083903429266887,183942508.4199553,4580016735.275704,10,Smart Contract Platform,kucoin,"[4.35955951, 4.35606014, 4.26740711, 4.03805634, 3.97079298, 3.99412474, 3.82499571, 3.92260159, 3.89189717, 3.99720038, 3.98393226, 3.90840943, 4.12521861, 4.30871978, 4.32166685, 4.19808935, 4.13327458, 4.4087368, 4.14668478, 4.19624892, 4.07591577, 2.98361929, 2.99991235, 3.24022287, 3.37746376, 3.25004158, 3.13835476, 3.01547439, 2.89381151, 2.93346103]",-31.762986164104756,-30.99324970661379,NULL,-999,2.180926172259167,-0.27505212965898895,0
polkadot_2025-10-27,polkadot,DOT,2025-10-27T00:00:00Z,3.195785292029884,157392886.84201932,4867056052.057045,10,Smart Contract Platform,kucoin,"[3.92260159, 3.89189717, 3.99720038, 3.98393226, 3.90840943, 4.12521861, 4.30871978, 4.32166685, 4.19808935, 4.13327458, 4.4087368, 4.14668478, 4.19624892, 4.07591577, 2.98361929, 2.99991235, 3.24022287, 3.37746376, 3.25004158, 3.13835476, 3.01547439, 2.89381151, 2.93346103, 3.00839034, 3.08590007, 3.00584583, 2.91878683, 3.00257283, 3.07937248, 3.09129134]",-27.512450071008665,-18.52893494392285,NULL,-999,1.9347246559135762,-0.39460117651249127,0
polkadot_2025-11-03,polkadot,DOT,2025-11-03T00:00:00Z,2.986193710677377,202969215.2630773,4546453350.566654,10,Smart Contract Platform,kucoin,"[4.32166685, 4.19808935, 4.13327458, 4.4087368, 4.14668478, 4.19624892, 4.07591577, 2.98361929, 2.99991235, 3.24022287, 3.37746376, 3.25004158, 3.13835476, 3.01547439, 2.89381151, 2.93346103, 3.00839034, 3.08590007, 3.00584583, 2.91878683, 3.00257283, 3.07937248, 3.09129134, 3.19578529, 3.13944022, 3.04959124, 3.07913876, 2.87037073, 2.88119219, 2.96767638]",-32.26645537163887,-30.901806851816403,NULL,-999,1.6843277515043777,-0.4359616573158239,0
polkadot_2025-11-10,polkadot,DOT,2025-11-10T00:00:00Z,3.231751612978166,424627110.9140815,5278472374.601337,10,Smart Contract Platform,kucoin,"[2.98361929, 2.99991235, 3.24022287, 3.37746376, 3.25004158, 3.13835476, 3.01547439, 2.89381151, 2.93346103, 3.00839034, 3.08590007, 3.00584583, 2.91878683, 3.00257283, 3.07937248, 3.09129134, 3.19578529, 3.13944022, 3.04959124, 3.07913876, 2.87037073, 2.88119219, 2.96767638, 2.98619371, 2.5789833, 2.51193801, 2.67006137, 2.66506731, 3.25890678, 3.25065336]",-4.314247472526544,8.316487394979166,NULL,-999,1.3745532036833368,-0.5746723856612729,0
polkadot_2025-11-17,polkadot,DOT,2025-11-17T00:00:00Z,2.786238382410924,218781455.8849203,4573116337.5631,10,Smart Contract Platform,kucoin,"[2.89381151, 2.93346103, 3.00839034, 3.08590007, 3.00584583, 2.91878683, 3.00257283, 3.07937248, 3.09129134, 3.19578529, 3.13944022, 3.04959124, 3.07913876, 2.87037073, 2.88119219, 2.96767638, 2.98619371, 2.5789833, 2.51193801, 2.67006137, 2.66506731, 3.25890678, 3.25065336, 3.23175161, 3.26363754, 3.05797662, 2.92275203, 2.85144004, 2.81306794, 2.83000018]",-14.627823961623921,-3.717350927469154,NULL,-999,1.4262726690863712,-0.48810099017722175,0
polkadot_2025-11-24,polkadot,DOT,2025-11-24T00:00:00Z,2.2541569147837723,162451459.23364642,3700216417.657502,11,Smart Contract Platform,kucoin,"[3.07937248, 3.09129134, 3.19578529, 3.13944022, 3.04959124, 3.07913876, 2.87037073, 2.88119219, 2.96767638, 2.98619371, 2.5789833, 2.51193801, 2.67006137, 2.66506731, 3.25890678, 3.25065336, 3.23175161, 3.26363754, 3.05797662, 2.92275203, 2.85144004, 2.81306794, 2.83000018, 2.78623838, 2.66048407, 2.75343317, 2.68825594, 2.54015733, 2.34701499, 2.30953466]",-30.93114998275087,-26.79817293426231,NULL,-999,1.3628005147403208,-0.395427840092913,0
polkadot_2025-12-01,polkadot,DOT,2025-12-01T00:00:00Z,2.215505192669298,86690563.20227116,3644493279.9697633,11,Smart Contract Platform,kucoin,"[2.88119219, 2.96767638, 2.98619371, 2.5789833, 2.51193801, 2.67006137, 2.66506731, 3.25890678, 3.25065336, 3.23175161, 3.26363754, 3.05797662, 2.92275203, 2.85144004, 2.81306794, 2.83000018, 2.78623838, 2.66048407, 2.75343317, 2.68825594, 2.54015733, 2.34701499, 2.30953466, 2.25415691, 2.34025691, 2.29596512, 2.343848, 2.33725527, 2.28499882, 2.25948744]",-32.11546416253329,-23.10456750713191,NULL,-999,1.6678381818470118,-0.24719734922509606,0
polkadot_2025-12-08,polkadot,DOT,2025-12-08T00:00:00Z,2.090554247440729,171549643.76295626,3431877939.290121,10,Smart Contract Platform,kucoin,"[3.25890678, 3.25065336, 3.23175161, 3.26363754, 3.05797662, 2.92275203, 2.85144004, 2.81306794, 2.83000018, 2.78623838, 2.66048407, 2.75343317, 2.68825594, 2.54015733, 2.34701499, 2.30953466, 2.25415691, 2.34025691, 2.29596512, 2.343848, 2.33725527, 2.28499882, 2.25948744, 2.21550519, 2.0437824, 2.25015452, 2.36647032, 2.27317622, 2.12436658, 2.12881163]",-35.944043281806096,-35.85105722105902,NULL,-999,1.4493243824340831,-0.3067272068120901,0
polkadot_2025-12-15,polkadot,DOT,2025-12-15T00:00:00Z,1.9550710845765455,166857386.90986758,3215967772.8487573,11,Smart Contract Platform,kucoin,"[2.81306794, 2.83000018, 2.78623838, 2.66048407, 2.75343317, 2.68825594, 2.54015733, 2.34701499, 2.30953466, 2.25415691, 2.34025691, 2.29596512, 2.343848, 2.33725527, 2.28499882, 2.25948744, 2.21550519, 2.0437824, 2.25015452, 2.36647032, 2.27317622, 2.12436658, 2.12881163, 2.09055425, 2.13147098, 2.29239787, 2.19401898, 2.06571589, 2.01347512, 2.03848572]",-30.91622045262692,-30.50039571740859,NULL,-999,1.4166071615716072,-0.2754191022786089,0
polkadot_2025-12-22,polkadot,DOT,2025-12-22T00:00:00Z,1.802675632243267,120480819.45777076,2968148607.5838075,11,Smart Contract Platform,kucoin,"[2.34701499, 2.30953466, 2.25415691, 2.34025691, 2.29596512, 2.343848, 2.33725527, 2.28499882, 2.25948744, 2.21550519, 2.0437824, 2.25015452, 2.36647032, 2.27317622, 2.12436658, 2.12881163, 2.09055425, 2.13147098, 2.29239787, 2.19401898, 2.06571589, 2.01347512, 2.03848572, 1.95507108, 1.90139834, 1.8972216, 1.81255031, 1.75873805, 1.84870775, 1.83275688]",-23.824287311464165,-23.19283673815633,NULL,-999,1.4550975798630525,-0.19281230974852925,0
polkadot_2025-12-29,polkadot,DOT,2025-12-29T00:00:00Z,1.8481714058081111,109887215.88755828,3050668516.9752254,11,Smart Contract Platform,kucoin,"[2.28499882, 2.25948744, 2.21550519, 2.0437824, 2.25015452, 2.36647032, 2.27317622, 2.12436658, 2.12881163, 2.09055425, 2.13147098, 2.29239787, 2.19401898, 2.06571589, 2.01347512, 2.03848572, 1.95507108, 1.90139834, 1.8972216, 1.81255031, 1.75873805, 1.84870775, 1.83275688, 1.80267563, 1.7831574, 1.76489252, 1.73665464, 1.68349816, 1.72238663, 1.91273474]",-21.901771183975647,-19.1171833670141,NULL,-999,1.2599366292990966,-0.31827934068258645,0
polkadot_2026-01-05,polkadot,DOT,2026-01-05T00:00:00Z,2.1494947824221797,119254488.98706466,3550977390.5226,11,Smart Contract Platform,kucoin,"[2.12436658, 2.12881163, 2.09055425, 2.13147098, 2.29239787, 2.19401898, 2.06571589, 2.01347512, 2.03848572, 1.95507108, 1.90139834, 1.8972216, 1.81255031, 1.75873805, 1.84870775, 1.83275688, 1.80267563, 1.7831574, 1.76489252, 1.73665464, 1.68349816, 1.72238663, 1.91273474, 1.84817141, 1.82238026, 1.80991523, 1.78697784, 2.00347026, 2.16520398, 2.12351567]",-6.233782105824481,1.182856338299354,NULL,-999,1.2526166539210746,-0.4172506655217134,0
polkadot_2026-01-12,polkadot,DOT,2026-01-12T00:00:00Z,2.0661759969263827,75495267.62570035,3417833428.648056,11,Smart Contract Platform,kucoin,"[2.01347512, 2.03848572, 1.95507108, 1.90139834, 1.8972216, 1.81255031, 1.75873805, 1.84870775, 1.83275688, 1.80267563, 1.7831574, 1.76489252, 1.73665464, 1.68349816, 1.72238663, 1.91273474, 1.84817141, 1.82238026, 1.80991523, 1.78697784, 2.00347026, 2.16520398, 2.12351567, 2.14949478, 2.20943644, 2.23239271, 2.14478086, 2.11287753, 2.08540603, 2.09587852]",-7.445675405860907,2.617408906278351,NULL,-999,1.2875633219578035,-0.37683753761868954,0
polkadot_2026-01-19,polkadot,DOT,2026-01-19T00:00:00Z,2.016026002037436,124086718.01122642,3339548325.546735,10,Smart Contract Platform,kucoin,"[1.84870775, 1.83275688, 1.80267563, 1.7831574, 1.76489252, 1.73665464, 1.68349816, 1.72238663, 1.91273474, 1.84817141, 1.82238026, 1.80991523, 1.78697784, 2.00347026, 2.16520398, 2.12351567, 2.14949478, 2.20943644, 2.23239271, 2.14478086, 2.11287753, 2.08540603, 2.09587852, 2.066176, 2.05348661, 2.29370495, 2.22405157, 2.11742861, 2.12249668, 2.18092617]",-12.106131941124676,9.050551546881547,NULL,-999,1.2728237653726544,-0.36864714835705825,0
polkadot_2026-01-26,polkadot,DOT,2026-01-26T00:00:00Z,1.8246101017948697,123673549.67740522,3026598473.7635098,10,Smart Contract Platform,kucoin,"[1.72238663, 1.91273474, 1.84817141, 1.82238026, 1.80991523, 1.78697784, 2.00347026, 2.16520398, 2.12351567, 2.14949478, 2.20943644, 2.23239271, 2.14478086, 2.11287753, 2.08540603, 2.09587852, 2.066176, 2.05348661, 2.29370495, 2.22405157, 2.11742861, 2.12249668, 2.18092617, 2.016026, 2.02879578, 1.90468133, 1.96014081, 1.93095043, 1.9301734, 1.93472466]",-20.45140321405866,5.934990081715807,NULL,-999,1.2467955194934326,-0.3166783861017982,0
polkadot_2026-02-02,polkadot,DOT,2026-02-02T00:00:00Z,1.4966703496693043,143812991.42880335,2486111376.8894486,10,Smart Contract Platform,kucoin,"[2.16520398, 2.12351567, 2.14949478, 2.20943644, 2.23239271, 2.14478086, 2.11287753, 2.08540603, 2.09587852, 2.066176, 2.05348661, 2.29370495, 2.22405157, 2.11742861, 2.12249668, 2.18092617, 2.016026, 2.02879578, 1.90468133, 1.96014081, 1.93095043, 1.9301734, 1.93472466, 1.8246101, 1.87673795, 1.8808113, 1.87292335, 1.74117701, 1.69037187, 1.68432775]",-34.74878493207952,-30.87624231341207,NULL,-999,1.226926772477519,-0.18022911808962228,0
polkadot_2026-02-09,polkadot,DOT,2026-02-09T00:00:00Z,1.3407220629079946,87892261.84672976,2230142245.364879,11,Smart Contract Platform,kucoin,"[2.08540603, 2.09587852, 2.066176, 2.05348661, 2.29370495, 2.22405157, 2.11742861, 2.12249668, 2.18092617, 2.016026, 2.02879578, 1.90468133, 1.96014081, 1.93095043, 1.9301734, 1.93472466, 1.8246101, 1.87673795, 1.8808113, 1.87292335, 1.74117701, 1.69037187, 1.68432775, 1.49667035, 1.54684938, 1.49743388, 1.46334701, 1.39722306, 1.49506161, 1.3745532]",-41.54775385745735,-35.709303446455564,NULL,-999,1.3466061987825715,0.004388781267471886,1
polkadot_2026-02-16,polkadot,DOT,2026-02-16T00:00:00Z,1.3589076788710919,112838705.31573385,2263392523.054932,11,Smart Contract Platform,kucoin,"[2.12249668, 2.18092617, 2.016026, 2.02879578, 1.90468133, 1.96014081, 1.93095043, 1.9301734, 1.93472466, 1.8246101, 1.87673795, 1.8808113, 1.87292335, 1.74117701, 1.69037187, 1.68432775, 1.49667035, 1.54684938, 1.49743388, 1.46334701, 1.39722306, 1.49506161, 1.3745532, 1.34072206, 1.32160081, 1.28329439, 1.26017607, 1.28699266, 1.33457185, 1.42627267]",-37.69125722108083,-35.97598109323678,NULL,-999,1.2679722431294886,-0.06691803803562835,0
polkadot_2026-02-23,polkadot,DOT,2026-02-23T00:00:00Z,1.2549894203496006,87600654.56849965,2093224710.8076248,11,Smart Contract Platform,kucoin,"[1.9301734, 1.93472466, 1.8246101, 1.87673795, 1.8808113, 1.87292335, 1.74117701, 1.69037187, 1.68432775, 1.49667035, 1.54684938, 1.49743388, 1.46334701, 1.39722306, 1.49506161, 1.3745532, 1.34072206, 1.32160081, 1.28329439, 1.26017607, 1.28699266, 1.33457185, 1.42627267, 1.35890768, 1.38032568, 1.35065002, 1.31469366, 1.2894008, 1.34301953, 1.36280051]",-35.133435317854314,-34.98048318931932,NULL,-999,1.2936224436095742,0.03078354497140845,1
polkadot_2026-03-02,polkadot,DOT,2026-03-02T00:00:00Z,1.5355294722617436,211916017.53573683,2564742595.61465,10,Smart Contract Platform,kucoin,"[1.69037187, 1.68432775, 1.49667035, 1.54684938, 1.49743388, 1.46334701, 1.39722306, 1.49506161, 1.3745532, 1.34072206, 1.32160081, 1.28329439, 1.26017607, 1.28699266, 1.33457185, 1.42627267, 1.35890768, 1.38032568, 1.35065002, 1.31469366, 1.2894008, 1.34301953, 1.36280051, 1.25498942, 1.27179542, 1.24063981, 1.65299365, 1.61809535, 1.59753784, 1.66783818]",-9.160256513007104,-9.160256513007104,NULL,-999,1.1894666917438874,-0.22537032780499244,0
polkadot_2026-03-09,polkadot,DOT,2026-03-09T00:00:00Z,1.4552476073809872,122950992.39711541,2433998299.5313525,11,Smart Contract Platform,kucoin,"[1.49506161, 1.3745532, 1.34072206, 1.32160081, 1.28329439, 1.26017607, 1.28699266, 1.33457185, 1.42627267, 1.35890768, 1.38032568, 1.35065002, 1.31469366, 1.2894008, 1.34301953, 1.36280051, 1.25498942, 1.27179542, 1.24063981, 1.65299365, 1.61809535, 1.59753784, 1.66783818, 1.53552947, 1.50845491, 1.53250605, 1.53921278, 1.5324441, 1.49168305, 1.44932438]",-12.746474854688582,-2.6630343227293074,NULL,-999,0.9423639687822892,-0.3524373694190338,0
polkadot_2026-03-16,polkadot,DOT,2026-03-16T00:00:00Z,1.4476678715470375,107293244.9705676,2422751160.72979,11,Smart Contract Platform,kucoin,"[1.33457185, 1.42627267, 1.35890768, 1.38032568, 1.35065002, 1.31469366, 1.2894008, 1.34301953, 1.36280051, 1.25498942, 1.27179542, 1.24063981, 1.65299365, 1.61809535, 1.59753784, 1.66783818, 1.53552947, 1.50845491, 1.53250605, 1.53921278, 1.5324441, 1.49168305, 1.44932438, 1.45524761, 1.4956333, 1.48695459, 1.52307397, 1.51778408, 1.46239495, 1.41660716]",-13.200939557346715,8.474329519456415,NULL,-999,0.9799796317335552,-0.32306321705799235,0
polkadot_2026-03-23,polkadot,DOT,2026-03-23T00:00:00Z,1.4186570479190763,118498973.17599443,2377175381.0374017,10,Smart Contract Platform,kucoin,"[1.34301953, 1.36280051, 1.25498942, 1.27179542, 1.24063981, 1.65299365, 1.61809535, 1.59753784, 1.66783818, 1.53552947, 1.50845491, 1.53250605, 1.53921278, 1.5324441, 1.49168305, 1.44932438, 1.45524761, 1.4956333, 1.48695459, 1.52307397, 1.51778408, 1.46239495, 1.41660716, 1.44766787, 1.63325141, 1.62407745, 1.57373046, 1.52216933, 1.50256953, 1.45509758]",-14.940366316112586,5.6318996895526885,NULL,-999,0.9693750266498574,-0.3166953013261645,0
polkadot_2026-03-30,polkadot,DOT,2026-03-30T00:00:00Z,1.263102936868565,196662995.74156293,2117881164.077579,10,Smart Contract Platform,kucoin,"[1.59753784, 1.66783818, 1.53552947, 1.50845491, 1.53250605, 1.53921278, 1.5324441, 1.49168305, 1.44932438, 1.45524761, 1.4956333, 1.48695459, 1.52307397, 1.51778408, 1.46239495, 1.41660716, 1.44766787, 1.63325141, 1.62407745, 1.57373046, 1.52216933, 1.50256953, 1.45509758, 1.41865705, 1.42246836, 1.40420761, 1.36333258, 1.32228942, 1.28995558, 1.25993663]",-24.267057163197425,-20.934396340379855,NULL,-999,0.8160566006080047,-0.3539270816429736,0
polkadot_2026-04-06,polkadot,DOT,2026-04-06T00:00:00Z,1.2508071273786903,97801322.02743247,2098582464.2662086,10,Smart Contract Platform,kucoin,"[1.49168305, 1.44932438, 1.45524761, 1.4956333, 1.48695459, 1.52307397, 1.51778408, 1.46239495, 1.41660716, 1.44766787, 1.63325141, 1.62407745, 1.57373046, 1.52216933, 1.50256953, 1.45509758, 1.41865705, 1.42246836, 1.40420761, 1.36333258, 1.32228942, 1.28995558, 1.25993663, 1.26310294, 1.24346, 1.25339218, 1.25805824, 1.23873664, 1.23878241, 1.25261665]",-23.416130780026613,-16.14792940466081,NULL,-999,0.8837077408545213,-0.29349000216643883,0
polkadot_2026-04-13,polkadot,DOT,2026-04-13T00:00:00Z,1.224690638505111,125757196.94326185,2056070498.4629157,10,Smart Contract Platform,kucoin,"[1.46239495, 1.41660716, 1.44766787, 1.63325141, 1.62407745, 1.57373046, 1.52216933, 1.50256953, 1.45509758, 1.41865705, 1.42246836, 1.40420761, 1.36333258, 1.32228942, 1.28995558, 1.25993663, 1.26310294, 1.24346, 1.25339218, 1.25805824, 1.23873664, 1.23878241, 1.25261665, 1.25080713, 1.24256379, 1.315357, 1.26800863, 1.3000938, 1.30506325, 1.28756332]",-25.015179685808498,-16.254453586065033,NULL,-999,0.8536283963992464,-0.302984468435876,0
polkadot_2026-04-20,polkadot,DOT,2026-04-20T00:00:00Z,1.240014651232289,181623406.60901883,2083153337.5511136,10,Smart Contract Platform,kucoin,"[1.50256953, 1.45509758, 1.41865705, 1.42246836, 1.40420761, 1.36333258, 1.32228942, 1.28995558, 1.25993663, 1.26310294, 1.24346, 1.25339218, 1.25805824, 1.23873664, 1.23878241, 1.25261665, 1.25080713, 1.24256379, 1.315357, 1.26800863, 1.3000938, 1.30506325, 1.28756332, 1.22469064, 1.22767688, 1.16577496, 1.18232819, 1.32833626, 1.33562422, 1.27282377]",-17.47372571987156,-17.47372571987156,NULL,-999,0.8378454325054489,-0.3243261830230607,0
polkadot_2026-04-27,polkadot,DOT,2026-04-27T00:00:00Z,1.2616648619316222,107043669.47664857,2120884731.683156,10,Smart Contract Platform,kucoin,"[1.28995558, 1.25993663, 1.26310294, 1.24346, 1.25339218, 1.25805824, 1.23873664, 1.23878241, 1.25261665, 1.25080713, 1.24256379, 1.315357, 1.26800863, 1.3000938, 1.30506325, 1.28756332, 1.22469064, 1.22767688, 1.16577496, 1.18232819, 1.32833626, 1.33562422, 1.27282377, 1.24001465, 1.28078358, 1.27931923, 1.27252394, 1.24115648, 1.25433952, 1.24679552]",-5.537437384610266,-2.193154236819961,NULL,-999,0.8137191155396358,-0.35504337158615695,0
polkadot_2026-05-04,polkadot,DOT,2026-05-04T00:00:00Z,1.2094392769591862,114456898.12867603,2034385883.5488021,10,Smart Contract Platform,kucoin,"[1.23878241, 1.25261665, 1.25080713, 1.24256379, 1.315357, 1.26800863, 1.3000938, 1.30506325, 1.28756332, 1.22469064, 1.22767688, 1.16577496, 1.18232819, 1.32833626, 1.33562422, 1.27282377, 1.24001465, 1.28078358, 1.27931923, 1.27252394, 1.24115648, 1.25433952, 1.24679552, 1.26166486, 1.23356727, 1.22925463, 1.21151022, 1.20445646, 1.2037351, 1.22692677]",-9.447637897788596,-2.368707482452004,NULL,-999,0.7806614811598963,-0.3545261047560302,0
polkadot_2026-05-11,polkadot,DOT,2026-05-11T00:00:00Z,1.3810852293970388,178435522.9569044,2324583475.7256107,11,Smart Contract Platform,kucoin,"[1.30506325, 1.28756332, 1.22469064, 1.22767688, 1.16577496, 1.18232819, 1.32833626, 1.33562422, 1.27282377, 1.24001465, 1.28078358, 1.27931923, 1.27252394, 1.24115648, 1.25433952, 1.24679552, 1.26166486, 1.23356727, 1.22925463, 1.21151022, 1.20445646, 1.2037351, 1.22692677, 1.20943928, 1.22864223, 1.27920538, 1.31931241, 1.31020116, 1.37493364, 1.3466062]",0.44741024262562323,5.82515660171854,NULL,-999,0.8145915241301374,-0.41018012010324967,0
polkadot_2026-05-18,polkadot,DOT,2026-05-18T00:00:00Z,1.2496722354047638,114712969.21094674,2104743051.077635,11,Smart Contract Platform,kucoin,"[1.33562422, 1.27282377, 1.24001465, 1.28078358, 1.27931923, 1.27252394, 1.24115648, 1.25433952, 1.24679552, 1.26166486, 1.23356727, 1.22925463, 1.21151022, 1.20445646, 1.2037351, 1.22692677, 1.20943928, 1.22864223, 1.27920538, 1.31931241, 1.31020116, 1.37493364, 1.3466062, 1.38108523, 1.36160954, 1.33511297, 1.32806721, 1.36323651, 1.31630775, 1.26797224]",-9.515197990325907,-6.435341628754731,NULL,-999,0.7607028411450777,-0.39127811309764027,0
polkadot_2026-05-25,polkadot,DOT,2026-05-25T00:00:00Z,1.245464756669118,99818703.72861715,2098973921.9999762,11,Smart Contract Platform,kucoin,"[1.25433952, 1.24679552, 1.26166486, 1.23356727, 1.22925463, 1.21151022, 1.20445646, 1.2037351, 1.22692677, 1.20943928, 1.22864223, 1.27920538, 1.31931241, 1.31020116, 1.37493364, 1.3466062, 1.38108523, 1.36160954, 1.33511297, 1.32806721, 1.36323651, 1.31630775, 1.26797224, 1.24967224, 1.25057653, 1.22382474, 1.24786851, 1.28922501, 1.25773207, 1.29362244]",-9.819848177445989,-0.7075249708956899,NULL,-999,0.9203743305889122,-0.2610193699496006,0
polkadot_2026-06-01,polkadot,DOT,2026-06-01T00:00:00Z,1.186488339347342,226000581.31402284,2000873288.4427388,11,Smart Contract Platform,kucoin,"[1.2037351, 1.22692677, 1.20943928, 1.22864223, 1.27920538, 1.31931241, 1.31020116, 1.37493364, 1.3466062, 1.38108523, 1.36160954, 1.33511297, 1.32806721, 1.36323651, 1.31630775, 1.26797224, 1.24967224, 1.25057653, 1.22382474, 1.24786851, 1.28922501, 1.25773207, 1.29362244, 1.24546476, 1.26063462, 1.24936557, 1.22895751, 1.21257633, 1.19349801, 1.18946669]",-14.090143454409032,-1.4327705309413297,NULL,-999,0.8454716996364715,-0.28741676458316934,0
polkadot_2026-06-08,polkadot,DOT,2026-06-08T00:00:00Z,0.9722849631078336,111393896.97076644,1640692238.1203973,11,Smart Contract Platform,kucoin,"[1.37493364, 1.3466062, 1.38108523, 1.36160954, 1.33511297, 1.32806721, 1.36323651, 1.31630775, 1.26797224, 1.24967224, 1.25057653, 1.22382474, 1.24786851, 1.28922501, 1.25773207, 1.29362244, 1.24546476, 1.26063462, 1.24936557, 1.22895751, 1.21257633, 1.19349801, 1.18946669, 1.18648834, 1.15791865, 1.07737179, 1.10379882, 1.0373181, 0.94489017, 0.94236397]",-29.599930372702723,-29.284953250374635,NULL,-999,0.9153334527770048,-0.05857491629695444,0
litecoin_2025-10-20,litecoin,LTC,2025-10-20T00:00:00Z,93.31294753951138,482610667.4319106,7129074509.524337,9,Infrastructure,binance,"[114.07499363, 113.94898741, 114.02548723, 105.77426816, 106.13836674, 105.58222773, 102.78638894, 104.51863645, 104.46470143, 106.86050437, 106.85292659, 106.85730966, 115.29131172, 119.49885078, 120.68956394, 120.49831688, 118.79901744, 118.30848189, 117.04427809, 118.58399694, 125.95631133, 96.88376823, 93.43425936, 98.70604276, 99.51732342, 97.34410943, 95.45005173, 91.75727911, 90.11824984, 91.67777526]",-25.9164177195466,-18.200348237425914,NULL,-999,74.85102387074114,-0.19784953916446513,0
litecoin_2025-10-27,litecoin,LTC,2025-10-27T00:00:00Z,99.95991654370964,443546996.7842638,7642702477.190104,9,Infrastructure,binance,"[104.51863645, 104.46470143, 106.86050437, 106.85292659, 106.85730966, 115.29131172, 119.49885078, 120.68956394, 120.49831688, 118.79901744, 118.30848189, 117.04427809, 118.58399694, 125.95631133, 96.88376823, 93.43425936, 98.70604276, 99.51732342, 97.34410943, 95.45005173, 91.75727911, 90.11824984, 91.67777526, 93.31294754, 94.10198465, 92.64655556, 91.90126035, 94.09467289, 96.43385714, 96.99905615]",-20.63921570072027,-4.3616335403250055,NULL,-999,68.17163403502914,-0.31801029460424146,0
litecoin_2025-11-03,litecoin,LTC,2025-11-03T00:00:00Z,99.51562457172118,617805718.2046096,7596555919.685817,9,Infrastructure,binance,"[120.68956394, 120.49831688, 118.79901744, 118.30848189, 117.04427809, 118.58399694, 125.95631133, 96.88376823, 93.43425936, 98.70604276, 99.51732342, 97.34410943, 95.45005173, 91.75727911, 90.11824984, 91.67777526, 93.31294754, 94.10198465, 92.64655556, 91.90126035, 94.09467289, 96.43385714, 96.99905615, 99.95991654, 99.38088707, 96.66831749, 98.67232627, 93.2848474, 95.37122314, 101.37102136]",-20.991950682641345,-17.54413445620773,NULL,-999,59.4258955993854,-0.40284858930310996,0
litecoin_2025-11-10,litecoin,LTC,2025-11-10T00:00:00Z,110.17603239207948,1951187598.4613757,8407955307.537551,8,Infrastructure,binance,"[96.88376823, 93.43425936, 98.70604276, 99.51732342, 97.34410943, 95.45005173, 91.75727911, 90.11824984, 91.67777526, 93.31294754, 94.10198465, 92.64655556, 91.90126035, 94.09467289, 96.43385714, 96.99905615, 99.95991654, 99.38088707, 96.66831749, 98.67232627, 93.2848474, 95.37122314, 101.37102136, 99.51562457, 87.36677071, 85.32939186, 89.44607599, 86.96843447, 102.40144832, 107.52616227]",2.464395704512734,13.719805085688908,NULL,-999,55.17966302694764,-0.49916817815165315,0
litecoin_2025-11-17,litecoin,LTC,2025-11-17T00:00:00Z,95.78377335653327,779166431.4386748,7347188161.447498,8,Infrastructure,binance,"[90.11824984, 91.67777526, 93.31294754, 94.10198465, 92.64655556, 91.90126035, 94.09467289, 96.43385714, 96.99905615, 99.95991654, 99.38088707, 96.66831749, 98.67232627, 93.2848474, 95.37122314, 101.37102136, 99.51562457, 87.36677071, 85.32939186, 89.44607599, 86.96843447, 102.40144832, 107.52616227, 110.17603239, 104.30715932, 99.63756737, 97.540482, 96.5655382, 97.6261324, 101.54509426]",-13.062967256189618,6.286766028745672,NULL,-999,55.95455483618373,-0.41582427925546794,0
litecoin_2025-11-24,litecoin,LTC,2025-11-24T00:00:00Z,83.02076217992585,480784268.20642114,6354682243.274498,8,Infrastructure,binance,"[96.43385714, 96.99905615, 99.95991654, 99.38088707, 96.66831749, 98.67232627, 93.2848474, 95.37122314, 101.37102136, 99.51562457, 87.36677071, 85.32939186, 89.44607599, 86.96843447, 102.40144832, 107.52616227, 110.17603239, 104.30715932, 99.63756737, 97.540482, 96.5655382, 97.6261324, 101.54509426, 95.78377336, 91.17234416, 95.54608274, 92.79300001, 87.23067546, 82.59077684, 82.14508447]",-24.647166559344903,-13.90911383106178,NULL,-999,54.804874343711916,-0.33986543962416726,0
litecoin_2025-12-01,litecoin,LTC,2025-12-01T00:00:00Z,82.67581141972005,369278963.3139119,6332399026.476464,8,Infrastructure,binance,"[95.37122314, 101.37102136, 99.51562457, 87.36677071, 85.32939186, 89.44607599, 86.96843447, 102.40144832, 107.52616227, 110.17603239, 104.30715932, 99.63756737, 97.540482, 96.5655382, 97.6261324, 101.54509426, 95.78377336, 91.17234416, 95.54608274, 92.79300001, 87.23067546, 82.59077684, 82.14508447, 83.02076218, 85.50926943, 85.27085958, 86.8604333, 86.60290676, 84.30248911, 84.00810605]",-24.960257122434204,-13.311574814995787,NULL,-999,54.51282526792949,-0.3406436014134244,0
litecoin_2025-12-08,litecoin,LTC,2025-12-08T00:00:00Z,81.37882121105343,438076616.87709427,6232897083.826607,8,Infrastructure,binance,"[102.40144832, 107.52616227, 110.17603239, 104.30715932, 99.63756737, 97.540482, 96.5655382, 97.6261324, 101.54509426, 95.78377336, 91.17234416, 95.54608274, 92.79300001, 87.23067546, 82.59077684, 82.14508447, 83.02076218, 85.50926943, 85.27085958, 86.8604333, 86.60290676, 84.30248911, 84.00810605, 82.67581142, 77.54983746, 82.84778207, 85.90455237, 83.56639618, 80.3692129, 81.70437462]",-26.137455266628628,-20.529618924016003,NULL,-999,53.61168494469567,-0.34120838632381467,0
litecoin_2025-12-15,litecoin,LTC,2025-12-15T00:00:00Z,78.99616149571537,365507864.9072592,6052474528.196754,8,Infrastructure,binance,"[97.6261324, 101.54509426, 95.78377336, 91.17234416, 95.54608274, 92.79300001, 87.23067546, 82.59077684, 82.14508447, 83.02076218, 85.50926943, 85.27085958, 86.8604333, 86.60290676, 84.30248911, 84.00810605, 82.67581142, 77.54983746, 82.84778207, 85.90455237, 83.56639618, 80.3692129, 81.70437462, 81.37882121, 83.90307925, 86.02452094, 84.42371485, 82.96165025, 81.92421897, 81.47669784]",-22.20583173063504,-19.082975478178888,NULL,-999,54.95408963167964,-0.30434481130250524,0
litecoin_2025-12-22,litecoin,LTC,2025-12-22T00:00:00Z,76.82387195498504,329452424.04022795,5880235413.7196,8,Infrastructure,binance,"[82.59077684, 82.14508447, 83.02076218, 85.50926943, 85.27085958, 86.8604333, 86.60290676, 84.30248911, 84.00810605, 82.67581142, 77.54983746, 82.84778207, 85.90455237, 83.56639618, 80.3692129, 81.70437462, 81.37882121, 83.90307925, 86.02452094, 84.42371485, 82.96165025, 81.92421897, 81.47669784, 78.9961615, 77.54037315, 79.0472358, 75.94635232, 74.25580009, 77.4826842, 77.81278939]",-11.554813810134224,-6.982504710921855,NULL,-999,54.36763282182644,-0.2923080881202764,0
litecoin_2025-12-29,litecoin,LTC,2025-12-29T00:00:00Z,78.61549970104214,306245371.5864814,6027651660.525075,8,Infrastructure,binance,"[84.30248911, 84.00810605, 82.67581142, 77.54983746, 82.84778207, 85.90455237, 83.56639618, 80.3692129, 81.70437462, 81.37882121, 83.90307925, 86.02452094, 84.42371485, 82.96165025, 81.92421897, 81.47669784, 78.9961615, 77.54037315, 79.0472358, 75.94635232, 74.25580009, 77.4826842, 77.81278939, 76.82387195, 76.99579743, 76.88625265, 75.69526852, 75.67198306, 76.82721773, 80.20124909]",-8.612685265457554,-6.745932968763535,NULL,-999,53.84796722049631,-0.3150464294538792,0
litecoin_2026-01-05,litecoin,LTC,2026-01-05T00:00:00Z,82.43810151405931,328638789.21865076,6323158666.796704,8,Infrastructure,binance,"[80.3692129, 81.70437462, 81.37882121, 83.90307925, 86.02452094, 84.42371485, 82.96165025, 81.92421897, 81.47669784, 78.9961615, 77.54037315, 79.0472358, 75.94635232, 74.25580009, 77.4826842, 77.81278939, 76.82387195, 76.99579743, 76.88625265, 75.69526852, 75.67198306, 76.82721773, 80.20124909, 78.6154997, 78.24382558, 78.71956879, 76.69256959, 79.90061922, 81.87895454, 81.9787163]",-4.169066433045532,2.5742302805949135,NULL,-999,53.580795486380694,-0.35004816338179723,0
litecoin_2026-01-12,litecoin,LTC,2026-01-12T00:00:00Z,78.59700971059593,317420449.1462446,6030559586.934326,8,Infrastructure,binance,"[81.92421897, 81.47669784, 78.9961615, 77.54037315, 79.0472358, 75.94635232, 74.25580009, 77.4826842, 77.81278939, 76.82387195, 76.99579743, 76.88625265, 75.69526852, 75.67198306, 76.82721773, 80.20124909, 78.6154997, 78.24382558, 78.71956879, 76.69256959, 79.90061922, 81.87895454, 81.9787163, 82.43810151, 83.5020839, 83.86390321, 81.60364909, 81.24911714, 81.38434283, 81.08874076]",-6.280286625327925,-4.061325575812735,NULL,-999,55.05745211509503,-0.2994968597682851,0
litecoin_2026-01-19,litecoin,LTC,2026-01-19T00:00:00Z,70.68359919308803,350123729.70111763,5425109070.784271,9,Infrastructure,binance,"[77.4826842, 77.81278939, 76.82387195, 76.99579743, 76.88625265, 75.69526852, 75.67198306, 76.82721773, 80.20124909, 78.6154997, 78.24382558, 78.71956879, 76.69256959, 79.90061922, 81.87895454, 81.9787163, 82.43810151, 83.5020839, 83.86390321, 81.60364909, 81.24911714, 81.38434283, 81.08874076, 78.59700971, 75.97383927, 78.31219711, 76.63997591, 72.30090092, 75.17808468, 74.85102387]",-15.71630166264012,-8.774973506047367,NULL,-999,55.660573297261905,-0.21253906234722675,0
litecoin_2026-01-26,litecoin,LTC,2026-01-26T00:00:00Z,67.19728224601786,441961066.8444525,5159190752.897892,8,Infrastructure,binance,"[76.82721773, 80.20124909, 78.6154997, 78.24382558, 78.71956879, 76.69256959, 79.90061922, 81.87895454, 81.9787163, 82.43810151, 83.5020839, 83.86390321, 81.60364909, 81.24911714, 81.38434283, 81.08874076, 78.59700971, 75.97383927, 78.31219711, 76.63997591, 72.30090092, 75.17808468, 74.85102387, 70.68359919, 70.78158478, 67.2305483, 68.56148909, 68.2043867, 68.03520287, 68.17163404]",-19.87341433417512,-12.534536282686236,NULL,-999,56.057270281442584,-0.16578069219809022,0
litecoin_2026-02-02,litecoin,LTC,2026-02-02T00:00:00Z,58.527858794776165,463659027.4246709,4495080138.388248,8,Infrastructure,binance,"[81.87895454, 81.9787163, 82.43810151, 83.5020839, 83.86390321, 81.60364909, 81.24911714, 81.38434283, 81.08874076, 78.59700971, 75.97383927, 78.31219711, 76.63997591, 72.30090092, 75.17808468, 74.85102387, 70.68359919, 70.78158478, 67.2305483, 68.56148909, 68.2043867, 68.03520287, 68.17163404, 67.19728225, 69.65017371, 69.96206351, 69.38733739, 66.25505426, 65.37726555, 59.4258956]",-30.210905340076543,-28.51904482406201,NULL,-999,55.36395334054325,-0.054058110434672346,0
litecoin_2026-02-09,litecoin,LTC,2026-02-09T00:00:00Z,54.52008439950884,294855376.9373836,4188671196.8876553,8,Infrastructure,binance,"[81.38434283, 81.08874076, 78.59700971, 75.97383927, 78.31219711, 76.63997591, 72.30090092, 75.17808468, 74.85102387, 70.68359919, 70.78158478, 67.2305483, 68.56148909, 68.2043867, 68.03520287, 68.17163404, 67.19728225, 69.65017371, 69.96206351, 69.38733739, 66.25505426, 65.37726555, 59.4258956, 58.52785879, 59.97639818, 59.33354629, 58.8137746, 50.80227252, 54.81351194, 55.17966303]",-33.009123740454584,-33.009123740454584,NULL,-999,57.99236692964045,0.0636881356361747,1
litecoin_2026-02-16,litecoin,LTC,2026-02-16T00:00:00Z,55.1198213451663,310056823.75829196,4236152677.074858,8,Infrastructure,binance,"[75.17808468, 74.85102387, 70.68359919, 70.78158478, 67.2305483, 68.56148909, 68.2043867, 68.03520287, 68.17163404, 67.19728225, 69.65017371, 69.96206351, 69.38733739, 66.25505426, 65.37726555, 59.4258956, 58.52785879, 59.97639818, 59.33354629, 58.8137746, 50.80227252, 54.81351194, 55.17966303, 54.5200844, 54.50275824, 53.34936951, 52.37024713, 53.13452655, 55.04309802, 55.95455484]",-26.68099808434835,-26.68099808434835,NULL,-999,56.14506029220405,0.018600186321678924,1
litecoin_2026-02-23,litecoin,LTC,2026-02-23T00:00:00Z,51.63211204614256,223830015.60366547,3969428148.7125115,8,Infrastructure,binance,"[68.03520287, 68.17163404, 67.19728225, 69.65017371, 69.96206351, 69.38733739, 66.25505426, 65.37726555, 59.4258956, 58.52785879, 59.97639818, 59.33354629, 58.8137746, 50.80227252, 54.81351194, 55.17966303, 54.5200844, 54.50275824, 53.34936951, 52.37024713, 53.13452655, 55.04309802, 55.95455484, 55.11982135, 55.07082814, 53.92533554, 53.31024947, 52.69796751, 55.22701787, 54.80487434]",-26.19984395376227,-24.109711046521433,NULL,-999,53.44590735800898,0.035129210097883945,1
litecoin_2026-03-02,litecoin,LTC,2026-03-02T00:00:00Z,53.25773270021731,272751569.8303361,4095742434.1767507,8,Infrastructure,binance,"[65.37726555, 59.4258956, 58.52785879, 59.97639818, 59.33354629, 58.8137746, 50.80227252, 54.81351194, 55.17966303, 54.5200844, 54.50275824, 53.34936951, 52.37024713, 53.13452655, 55.04309802, 55.95455484, 55.11982135, 55.07082814, 53.92533554, 53.31024947, 52.69796751, 55.22701787, 54.80487434, 51.63211205, 51.50749137, 51.17051499, 56.74603969, 55.65837035, 54.58042304, 54.51282527]",-18.53783995107745,-18.53783995107745,NULL,-999,52.39718404629932,-0.01615819168949484,0
litecoin_2026-03-09,litecoin,LTC,2026-03-09T00:00:00Z,52.659384398340954,263392551.35952488,4051053304.9763484,8,Infrastructure,binance,"[54.81351194, 55.17966303, 54.5200844, 54.50275824, 53.34936951, 52.37024713, 53.13452655, 55.04309802, 55.95455484, 55.11982135, 55.07082814, 53.92533554, 53.31024947, 52.69796751, 55.22701787, 54.80487434, 51.63211205, 51.50749137, 51.17051499, 56.74603969, 55.65837035, 54.58042304, 54.51282527, 53.2577327, 54.57222147, 54.81271068, 56.78293768, 55.51062919, 53.82538277, 53.61168494]",-7.261958338348307,-3.929920675244103,NULL,-999,41.342372320527424,-0.21490969192131448,0
litecoin_2026-03-16,litecoin,LTC,2026-03-16T00:00:00Z,56.43525475067488,214389568.00762704,4342877790.461452,8,Infrastructure,binance,"[55.04309802, 55.95455484, 55.11982135, 55.07082814, 53.92533554, 53.31024947, 52.69796751, 55.22701787, 54.80487434, 51.63211205, 51.50749137, 51.17051499, 56.74603969, 55.65837035, 54.58042304, 54.51282527, 53.2577327, 54.57222147, 54.81271068, 56.78293768, 55.51062919, 53.82538277, 53.61168494, 52.6593844, 53.75741229, 53.86871651, 54.85357687, 54.50897761, 55.26529257, 54.95408963]",-0.6123017568184452,2.529212158313743,NULL,-999,44.31554881439211,-0.21475416368414346,0
litecoin_2026-03-23,litecoin,LTC,2026-03-23T00:00:00Z,53.62491794476927,225077348.19106996,4127856256.44886,8,Infrastructure,binance,"[55.22701787, 54.80487434, 51.63211205, 51.50749137, 51.17051499, 56.74603969, 55.65837035, 54.58042304, 54.51282527, 53.2577327, 54.57222147, 54.81271068, 56.78293768, 55.51062919, 53.82538277, 53.61168494, 52.6593844, 53.75741229, 53.86871651, 54.85357687, 54.50897761, 55.26529257, 54.95408963, 56.43525475, 58.54638505, 58.14511929, 56.03966994, 55.59280996, 56.18254339, 54.36763282]",-8.406099030773351,-2.9009350692224545,NULL,-999,44.512361868251894,-0.16993137566947536,0
litecoin_2026-03-30,litecoin,LTC,2026-03-30T00:00:00Z,53.304504601560346,259079488.24951908,4104653515.003435,8,Infrastructure,binance,"[54.58042304, 54.51282527, 53.2577327, 54.57222147, 54.81271068, 56.78293768, 55.51062919, 53.82538277, 53.61168494, 52.6593844, 53.75741229, 53.86871651, 54.85357687, 54.50897761, 55.26529257, 54.95408963, 56.43525475, 58.54638505, 58.14511929, 56.03966994, 55.59280996, 56.18254339, 54.36763282, 53.62491794, 55.75462145, 56.42103892, 56.61820374, 54.54615016, 53.6582546, 53.84796722]",-8.95338020437485,-2.337685132255951,NULL,-999,42.13063164142367,-0.20962342758194574,0
litecoin_2026-04-06,litecoin,LTC,2026-04-06T00:00:00Z,54.3534397954827,170540482.5501331,4213065113.4162498,8,Infrastructure,binance,"[53.82538277, 53.61168494, 52.6593844, 53.75741229, 53.86871651, 54.85357687, 54.50897761, 55.26529257, 54.95408963, 56.43525475, 58.54638505, 58.14511929, 56.03966994, 55.59280996, 56.18254339, 54.36763282, 53.62491794, 55.75462145, 56.42103892, 56.61820374, 54.54615016, 53.6582546, 53.84796722, 53.3045046, 53.27973014, 53.87243337, 53.82388612, 52.3200829, 53.21612198, 53.58079549]",-7.161749187350008,0.9810557677122578,NULL,-999,44.812554884535174,-0.17553415104632375,0
litecoin_2026-04-13,litecoin,LTC,2026-04-13T00:00:00Z,53.46606169747208,163166221.17385226,4117468300.1747117,8,Infrastructure,binance,"[55.26529257, 54.95408963, 56.43525475, 58.54638505, 58.14511929, 56.03966994, 55.59280996, 56.18254339, 54.36763282, 53.62491794, 55.75462145, 56.42103892, 56.61820374, 54.54615016, 53.6582546, 53.84796722, 53.3045046, 53.27973014, 53.87243337, 53.82388612, 52.3200829, 53.21612198, 53.58079549, 54.3534398, 53.54704893, 55.52048408, 53.92236402, 54.52392827, 54.96341829, 55.05745212]",-8.677433028864845,-3.2556253391944456,NULL,-999,44.61716376136922,-0.16550495127493636,0
litecoin_2026-04-20,litecoin,LTC,2026-04-20T00:00:00Z,54.0640269526691,199439366.90322757,4166718719.2786775,8,Infrastructure,binance,"[56.18254339, 54.36763282, 53.62491794, 55.75462145, 56.42103892, 56.61820374, 54.54615016, 53.6582546, 53.84796722, 53.3045046, 53.27973014, 53.87243337, 53.82388612, 52.3200829, 53.21612198, 53.58079549, 54.3534398, 53.54704893, 55.52048408, 53.92236402, 54.52392827, 54.96341829, 55.05745212, 53.4660617, 54.65619868, 54.3436269, 55.21543648, 56.37549955, 56.4510019, 55.6605733]",-4.511228930779765,-3.7707734561125528,NULL,-999,46.98304320859264,-0.13097403473617641,0
litecoin_2026-04-27,litecoin,LTC,2026-04-27T00:00:00Z,56.28142997484065,161260451.79072377,4337614140.900821,8,Infrastructure,binance,"[53.6582546, 53.84796722, 53.3045046, 53.27973014, 53.87243337, 53.82388612, 52.3200829, 53.21612198, 53.58079549, 54.3534398, 53.54704893, 55.52048408, 53.92236402, 54.52392827, 54.96341829, 55.05745212, 53.4660617, 54.65619868, 54.3436269, 55.21543648, 56.37549955, 56.4510019, 55.6605733, 54.06402695, 55.03622538, 55.55463949, 55.5319021, 56.22637869, 56.52879992, 56.05727028]",-0.4375998609762122,4.888670702472786,NULL,-999,46.50367729087013,-0.17372964205673957,0
litecoin_2026-05-04,litecoin,LTC,2026-05-04T00:00:00Z,55.234776229343844,165430589.31584206,4256948456.160343,8,Infrastructure,binance,"[53.21612198, 53.58079549, 54.3534398, 53.54704893, 55.52048408, 53.92236402, 54.52392827, 54.96341829, 55.05745212, 53.4660617, 54.65619868, 54.3436269, 55.21543648, 56.37549955, 56.4510019, 55.6605733, 54.06402695, 55.03622538, 55.55463949, 55.5319021, 56.22637869, 56.52879992, 56.05727028, 56.28142997, 55.56215187, 55.69887826, 55.30424652, 55.16034063, 55.385569, 55.36395334]",-2.2891405745427362,3.793313336456916,NULL,-999,44.19505674520219,-0.19986899989062923,0
litecoin_2026-05-11,litecoin,LTC,2026-05-11T00:00:00Z,60.37641717667138,301766092.3656431,4653215119.792245,8,Infrastructure,binance,"[54.96341829, 55.05745212, 53.4660617, 54.65619868, 54.3436269, 55.21543648, 56.37549955, 56.4510019, 55.6605733, 54.06402695, 55.03622538, 55.55463949, 55.5319021, 56.22637869, 56.52879992, 56.05727028, 56.28142997, 55.56215187, 55.69887826, 55.30424652, 55.16034063, 55.385569, 55.36395334, 55.23477623, 54.9584287, 56.36661926, 56.73804201, 56.43467554, 58.31874909, 57.99236693]",3.5283131353335273,9.848366516234952,NULL,-999,45.97973969332817,-0.23844868835486133,0
litecoin_2026-05-18,litecoin,LTC,2026-05-18T00:00:00Z,54.58666899292204,209635414.75966382,4212441072.454365,8,Infrastructure,binance,"[56.4510019, 55.6605733, 54.06402695, 55.03622538, 55.55463949, 55.5319021, 56.22637869, 56.52879992, 56.05727028, 56.28142997, 55.56215187, 55.69887826, 55.30424652, 55.16034063, 55.385569, 55.36395334, 55.23477623, 54.9584287, 56.36661926, 56.73804201, 56.43467554, 58.31874909, 57.99236693, 60.37641718, 58.49464725, 58.04104269, 56.97910804, 58.17945445, 57.49115879, 56.14506029]",-9.58941993329544,-3.3025683320740185,NULL,-999,44.06842690614625,-0.19268884291400223,0
litecoin_2026-05-25,litecoin,LTC,2026-05-25T00:00:00Z,52.738373418841206,194979752.7137099,4071529104.635799,8,Infrastructure,binance,"[56.52879992, 56.05727028, 56.28142997, 55.56215187, 55.69887826, 55.30424652, 55.16034063, 55.385569, 55.36395334, 55.23477623, 54.9584287, 56.36661926, 56.73804201, 56.43467554, 58.31874909, 57.99236693, 60.37641718, 58.49464725, 58.04104269, 56.97910804, 58.17945445, 57.49115879, 56.14506029, 54.58666899, 54.3328344, 54.4214537, 53.91769469, 54.12004941, 52.63854308, 53.44590736]",-12.650707204900868,-6.705301564740651,NULL,-999,52.4803403945817,-0.00489269970862094,0
litecoin_2026-06-01,litecoin,LTC,2026-06-01T00:00:00Z,52.01915632772571,246543148.4568065,4016003817.6541176,8,Infrastructure,binance,"[55.385569, 55.36395334, 55.23477623, 54.9584287, 56.36661926, 56.73804201, 56.43467554, 58.31874909, 57.99236693, 60.37641718, 58.49464725, 58.04104269, 56.97910804, 58.17945445, 57.49115879, 56.14506029, 54.58666899, 54.3328344, 54.4214537, 53.91769469, 54.12004941, 52.63854308, 53.44590736, 52.73837342, 52.67078824, 51.90504802, 51.9054224, 51.60819448, 51.84778981, 52.39718405]",-13.84192908381917,-6.078140450940306,NULL,-999,49.008418352184435,-0.05787748568187712,0
litecoin_2026-06-08,litecoin,LTC,2026-06-08T00:00:00Z,42.81144390742129,363743933.6110387,3305146302.033574,8,Infrastructure,binance,"[58.31874909, 57.99236693, 60.37641718, 58.49464725, 58.04104269, 56.97910804, 58.17945445, 57.49115879, 56.14506029, 54.58666899, 54.3328344, 54.4214537, 53.91769469, 54.12004941, 52.63854308, 53.44590736, 52.73837342, 52.67078824, 51.90504802, 51.9054224, 51.60819448, 51.84778981, 52.39718405, 52.01915633, 50.72063343, 46.87404536, 47.0831357, 45.58053979, 43.28299792, 41.34237232]",-29.09244054322083,-26.590599808962867,NULL,-999,54.68767041943571,0.277407754284029,1
near_2025-10-20,near,NEAR,2025-10-20T00:00:00Z,2.258222882403365,177656155.55197042,2822636896.2276006,14,Artificial Intelligence (AI),binance,"[3.12473127, 3.15692989, 3.13844687, 2.97142111, 2.92452839, 3.02461041, 2.74051487, 2.77246183, 2.73272191, 2.80066163, 2.77730522, 2.63111423, 2.83267904, 2.97223634, 3.03585569, 2.96390936, 2.95538784, 3.06418111, 2.95144036, 2.96581582, 2.88268411, 2.38442769, 2.29940502, 2.46188462, 2.61880403, 2.46312496, 2.32699881, 2.1983066, 2.15175242, 2.16667836]",-28.46775314530168,-27.73065302660148,NULL,-999,1.7522080071586625,-0.22407658658837282,0
near_2025-10-27,near,NEAR,2025-10-27T00:00:00Z,2.368170975401614,154231018.65275383,3027728235.8626256,14,Artificial Intelligence (AI),binance,"[2.77246183, 2.73272191, 2.80066163, 2.77730522, 2.63111423, 2.83267904, 2.97223634, 3.03585569, 2.96390936, 2.95538784, 3.06418111, 2.95144036, 2.96581582, 2.88268411, 2.38442769, 2.29940502, 2.46188462, 2.61880403, 2.46312496, 2.32699881, 2.1983066, 2.15175242, 2.16667836, 2.25822288, 2.2606547, 2.22044517, 2.16486251, 2.20303009, 2.27240812, 2.27994764]",-22.71439293146451,-14.582377701690486,NULL,-999,1.5057671687781773,-0.36416450314664595,0
near_2025-11-03,near,NEAR,2025-11-03T00:00:00Z,2.1923867200317235,107416918.96096696,2805563706.14107,14,Artificial Intelligence (AI),binance,"[3.03585569, 2.96390936, 2.95538784, 3.06418111, 2.95144036, 2.96581582, 2.88268411, 2.38442769, 2.29940502, 2.46188462, 2.61880403, 2.46312496, 2.32699881, 2.1983066, 2.15175242, 2.16667836, 2.25822288, 2.2606547, 2.22044517, 2.16486251, 2.20303009, 2.27240812, 2.27994764, 2.36817098, 2.33136886, 2.23502874, 2.275971, 2.09741953, 2.09861166, 2.1728156]",-28.45113788377881,-27.783566118918667,NULL,-999,1.215683046805116,-0.44549789701904174,0
near_2025-11-10,near,NEAR,2025-11-10T00:00:00Z,3.0519107318170433,1147779593.764158,3904352206.8788342,12,Artificial Intelligence (AI),binance,"[2.38442769, 2.29940502, 2.46188462, 2.61880403, 2.46312496, 2.32699881, 2.1983066, 2.15175242, 2.16667836, 2.25822288, 2.2606547, 2.22044517, 2.16486251, 2.20303009, 2.27240812, 2.27994764, 2.36817098, 2.33136886, 2.23502874, 2.275971, 2.09741953, 2.09861166, 2.1728156, 2.19238672, 1.90965485, 1.83386385, 1.9508261, 2.09513281, 2.77973355, 2.96559118]",2.910703166104489,27.993427449201924,NULL,-999,1.0728059551003424,-0.6484805587804279,0
near_2025-11-17,near,NEAR,2025-11-17T00:00:00Z,2.2893776345388055,512338119.3348208,2932592217.6426363,12,Artificial Intelligence (AI),binance,"[2.15175242, 2.16667836, 2.25822288, 2.2606547, 2.22044517, 2.16486251, 2.20303009, 2.27240812, 2.27994764, 2.36817098, 2.33136886, 2.23502874, 2.275971, 2.09741953, 2.09861166, 2.1728156, 2.19238672, 1.90965485, 1.83386385, 1.9508261, 2.09513281, 2.77973355, 2.96559118, 3.05191073, 2.78850106, 2.54978149, 2.53179997, 2.44474538, 2.35753412, 2.40728297]",-24.9854325465228,6.3959595229097665,NULL,-999,1.0842730918666117,-0.5263895848772724,0
near_2025-11-24,near,NEAR,2025-11-24T00:00:00Z,1.821509561391569,230146133.65063852,2333404593.256569,13,Artificial Intelligence (AI),binance,"[2.27240812, 2.27994764, 2.36817098, 2.33136886, 2.23502874, 2.275971, 2.09741953, 2.09861166, 2.1728156, 2.19238672, 1.90965485, 1.83386385, 1.9508261, 2.09513281, 2.77973355, 2.96559118, 3.05191073, 2.78850106, 2.54978149, 2.53179997, 2.44474538, 2.35753412, 2.40728297, 2.28937763, 2.25896398, 2.27542812, 2.36900127, 2.0720323, 1.86295429, 1.84168729]",-40.31576538586761,-19.842322973257964,NULL,-999,1.0533909154930579,-0.4216934471163004,0
near_2025-12-01,near,NEAR,2025-12-01T00:00:00Z,1.807968774946323,108395980.77947016,2322974840.433194,13,Artificial Intelligence (AI),binance,"[2.09861166, 2.1728156, 2.19238672, 1.90965485, 1.83386385, 1.9508261, 2.09513281, 2.77973355, 2.96559118, 3.05191073, 2.78850106, 2.54978149, 2.53179997, 2.44474538, 2.35753412, 2.40728297, 2.28937763, 2.25896398, 2.27542812, 2.36900127, 2.0720323, 1.86295429, 1.84168729, 1.82150956, 1.90661647, 1.91216503, 1.9371464, 1.90738458, 1.87911497, 1.85262896]",-40.75944764380783,-13.849293247854478,NULL,-999,1.1778611021066083,-0.3485169000545498,0
near_2025-12-08,near,NEAR,2025-12-08T00:00:00Z,1.7008932855968637,182922933.3939436,2179800497.2929444,13,Artificial Intelligence (AI),binance,"[2.77973355, 2.96559118, 3.05191073, 2.78850106, 2.54978149, 2.53179997, 2.44474538, 2.35753412, 2.40728297, 2.28937763, 2.25896398, 2.27542812, 2.36900127, 2.0720323, 1.86295429, 1.84168729, 1.82150956, 1.90661647, 1.91216503, 1.9371464, 1.90738458, 1.87911497, 1.85262896, 1.80796877, 1.62758106, 1.80417422, 1.85026813, 1.79697223, 1.68218878, 1.70841189]",-44.267921474092795,-38.81092354476162,NULL,-999,1.2148927648527281,-0.28573251764797947,0
near_2025-12-15,near,NEAR,2025-12-15T00:00:00Z,1.5933748727844756,145913313.56720766,2042182302.327699,13,Artificial Intelligence (AI),binance,"[2.35753412, 2.40728297, 2.28937763, 2.25896398, 2.27542812, 2.36900127, 2.0720323, 1.86295429, 1.84168729, 1.82150956, 1.90661647, 1.91216503, 1.9371464, 1.90738458, 1.87911497, 1.85262896, 1.80796877, 1.62758106, 1.80417422, 1.85026813, 1.79697223, 1.68218878, 1.70841189, 1.70089329, 1.74426232, 1.81024195, 1.7612696, 1.67324748, 1.63741786, 1.66502755]",-33.810237766667115,-32.413496867801136,NULL,-999,1.3242880186106611,-0.1688785600739242,0
near_2025-12-22,near,NEAR,2025-12-22T00:00:00Z,1.5102367673849073,126707070.77061623,1935902580.0462685,13,Artificial Intelligence (AI),binance,"[1.86295429, 1.84168729, 1.82150956, 1.90661647, 1.91216503, 1.9371464, 1.90738458, 1.87911497, 1.85262896, 1.80796877, 1.62758106, 1.80417422, 1.85026813, 1.79697223, 1.68218878, 1.70841189, 1.70089329, 1.74426232, 1.81024195, 1.7612696, 1.67324748, 1.63741786, 1.66502755, 1.59337487, 1.54434367, 1.56801612, 1.47874903, 1.42583613, 1.53810097, 1.52211323]",-22.03806746161481,-18.93323547421272,NULL,-999,1.2671190910730545,-0.16097984207657057,0
near_2025-12-29,near,NEAR,2025-12-29T00:00:00Z,1.580614945843289,102377947.83413544,2028854487.837616,13,Artificial Intelligence (AI),binance,"[1.87911497, 1.85262896, 1.80796877, 1.62758106, 1.80417422, 1.85026813, 1.79697223, 1.68218878, 1.70841189, 1.70089329, 1.74426232, 1.81024195, 1.7612696, 1.67324748, 1.63741786, 1.66502755, 1.59337487, 1.54434367, 1.56801612, 1.47874903, 1.42583613, 1.53810097, 1.52211323, 1.51023677, 1.50406924, 1.48662308, 1.45452435, 1.43725571, 1.51798377, 1.59264319]",-15.885138921007124,-15.885138921007124,NULL,-999,1.1738077178167865,-0.2573727580498506,0
near_2026-01-05,near,NEAR,2026-01-05T00:00:00Z,1.7341014365495515,128788401.40686075,2227072713.739721,14,Artificial Intelligence (AI),binance,"[1.68218878, 1.70841189, 1.70089329, 1.74426232, 1.81024195, 1.7612696, 1.67324748, 1.63741786, 1.66502755, 1.59337487, 1.54434367, 1.56801612, 1.47874903, 1.42583613, 1.53810097, 1.52211323, 1.51023677, 1.50406924, 1.48662308, 1.45452435, 1.43725571, 1.51798377, 1.59264319, 1.58061495, 1.52214672, 1.51417298, 1.51246484, 1.63325348, 1.69145744, 1.70723047]",-4.206095986082126,3.08601855634969,NULL,-999,1.257367609045895,-0.2749169209225979,0
near_2026-01-12,near,NEAR,2026-01-12T00:00:00Z,1.6974617803764804,108950189.51560785,2181034648.236126,14,Artificial Intelligence (AI),binance,"[1.63741786, 1.66502755, 1.59337487, 1.54434367, 1.56801612, 1.47874903, 1.42583613, 1.53810097, 1.52211323, 1.51023677, 1.50406924, 1.48662308, 1.45452435, 1.43725571, 1.51798377, 1.59264319, 1.58061495, 1.52214672, 1.51417298, 1.51246484, 1.63325348, 1.69145744, 1.70723047, 1.73410144, 1.7746343, 1.80661981, 1.71879386, 1.68601204, 1.7025768, 1.68651033]",-6.0421141534284795,3.6669880149367673,NULL,-999,1.4035447065456919,-0.1731509228829886,0
near_2026-01-19,near,NEAR,2026-01-19T00:00:00Z,1.5744274068859245,161056790.78055984,2023929245.053632,14,Artificial Intelligence (AI),binance,"[1.53810097, 1.52211323, 1.51023677, 1.50406924, 1.48662308, 1.45452435, 1.43725571, 1.51798377, 1.59264319, 1.58061495, 1.52214672, 1.51417298, 1.51246484, 1.63325348, 1.69145744, 1.70723047, 1.73410144, 1.7746343, 1.80661981, 1.71879386, 1.68601204, 1.7025768, 1.68651033, 1.69746178, 1.67305694, 1.86519421, 1.79733994, 1.7210402, 1.73235597, 1.75220801]",-15.589089888259867,2.3617717289509566,NULL,-999,1.343977592247418,-0.14637055581642566,0
near_2026-01-26,near,NEAR,2026-01-26T00:00:00Z,1.4336371803361787,124286029.15600596,1843767950.2062042,14,Artificial Intelligence (AI),binance,"[1.51798377, 1.59264319, 1.58061495, 1.52214672, 1.51417298, 1.51246484, 1.63325348, 1.69145744, 1.70723047, 1.73410144, 1.7746343, 1.80661981, 1.71879386, 1.68601204, 1.7025768, 1.68651033, 1.69746178, 1.67305694, 1.86519421, 1.79733994, 1.7210402, 1.73235597, 1.75220801, 1.57442741, 1.59480045, 1.509526, 1.534303, 1.513371, 1.51102859, 1.50576717]",-23.137377669535265,-5.556488491476308,NULL,-999,1.4019956905285553,-0.02207077930289425,0
near_2026-02-02,near,NEAR,2026-02-02T00:00:00Z,1.1728098351895928,172286406.98107702,1509027903.5721247,14,Artificial Intelligence (AI),binance,"[1.69145744, 1.70723047, 1.73410144, 1.7746343, 1.80661981, 1.71879386, 1.68601204, 1.7025768, 1.68651033, 1.69746178, 1.67305694, 1.86519421, 1.79733994, 1.7210402, 1.73235597, 1.75220801, 1.57442741, 1.59480045, 1.509526, 1.534303, 1.513371, 1.51102859, 1.50576717, 1.43363718, 1.46167683, 1.49040436, 1.49188357, 1.37809214, 1.32121812, 1.21568305]",-37.12130191371447,-30.662764211898075,NULL,-999,1.2982721995985946,0.10697588018497473,1
near_2026-02-09,near,NEAR,2026-02-09T00:00:00Z,1.0386945946062054,88100232.04232983,1337084546.615803,14,Artificial Intelligence (AI),binance,"[1.7025768, 1.68651033, 1.69746178, 1.67305694, 1.86519421, 1.79733994, 1.7210402, 1.73235597, 1.75220801, 1.57442741, 1.59480045, 1.509526, 1.534303, 1.513371, 1.51102859, 1.50576717, 1.43363718, 1.46167683, 1.49040436, 1.49188357, 1.37809214, 1.32121812, 1.21568305, 1.17280984, 1.20109373, 1.17229671, 1.15788887, 1.05936088, 1.16610379, 1.07280596]",-44.31171886656098,-38.9927906498196,NULL,-999,1.5681679227525271,0.509748804793827,1
near_2026-02-16,near,NEAR,2026-02-16T00:00:00Z,1.0546847665722143,150842168.4476993,1358295974.897991,14,Artificial Intelligence (AI),binance,"[1.73235597, 1.75220801, 1.57442741, 1.59480045, 1.509526, 1.534303, 1.513371, 1.51102859, 1.50576717, 1.43363718, 1.46167683, 1.49040436, 1.49188357, 1.37809214, 1.32121812, 1.21568305, 1.17280984, 1.20109373, 1.17229671, 1.15788887, 1.05936088, 1.16610379, 1.07280596, 1.03869459, 1.03091764, 0.99367855, 0.96353337, 0.96421648, 1.02312651, 1.08427309]",-39.80824409754494,-39.11847303618073,NULL,-999,1.4970690137379148,0.4194468917982712,1
near_2026-02-23,near,NEAR,2026-02-23T00:00:00Z,0.9844278252980316,82694694.07986164,1268403915.605551,14,Artificial Intelligence (AI),binance,"[1.51102859, 1.50576717, 1.43363718, 1.46167683, 1.49040436, 1.49188357, 1.37809214, 1.32121812, 1.21568305, 1.17280984, 1.20109373, 1.17229671, 1.15788887, 1.05936088, 1.16610379, 1.07280596, 1.03869459, 1.03091764, 0.99367855, 0.96353337, 0.96421648, 1.02312651, 1.08427309, 1.05468477, 1.05837778, 1.04501338, 1.01543891, 1.00479005, 1.05326565, 1.05339092]",-34.85048325242148,-34.85048325242148,NULL,-999,2.452089791295446,1.4908781814990708,1
near_2026-03-02,near,NEAR,2026-03-02T00:00:00Z,1.144659357377464,236264169.1586907,1475544813.029055,13,Artificial Intelligence (AI),binance,"[1.32121812, 1.21568305, 1.17280984, 1.20109373, 1.17229671, 1.15788887, 1.05936088, 1.16610379, 1.07280596, 1.03869459, 1.03091764, 0.99367855, 0.96353337, 0.96421648, 1.02312651, 1.08427309, 1.05468477, 1.05837778, 1.04501338, 1.01543891, 1.00479005, 1.05326565, 1.05339092, 0.98442783, 0.98372373, 0.96723149, 1.17541885, 1.12969862, 1.09239132, 1.1778611]",-13.363331701517867,-13.363331701517867,NULL,-999,2.2522417088678686,0.9676086989128305,1
near_2026-03-09,near,NEAR,2026-03-09T00:00:00Z,1.214308759824084,155126218.09180212,1566088027.074479,13,Artificial Intelligence (AI),binance,"[1.16610379, 1.07280596, 1.03869459, 1.03091764, 0.99367855, 0.96353337, 0.96421648, 1.02312651, 1.08427309, 1.05468477, 1.05837778, 1.04501338, 1.01543891, 1.00479005, 1.05326565, 1.05339092, 0.98442783, 0.98372373, 0.96723149, 1.17541885, 1.12969862, 1.09239132, 1.1778611, 1.14465936, 1.35510547, 1.34956636, 1.30910816, 1.27294274, 1.22617676, 1.21489276]",-10.390092629886983,4.133848698261056,NULL,-999,1.859483598523576,0.5313103718307672,1
near_2026-03-16,near,NEAR,2026-03-16T00:00:00Z,1.353645006556059,160984070.4277889,1746596387.430531,13,Artificial Intelligence (AI),binance,"[1.02312651, 1.08427309, 1.05468477, 1.05837778, 1.04501338, 1.01543891, 1.00479005, 1.05326565, 1.05339092, 0.98442783, 0.98372373, 0.96723149, 1.17541885, 1.12969862, 1.09239132, 1.1778611, 1.14465936, 1.35510547, 1.34956636, 1.30910816, 1.27294274, 1.22617676, 1.21489276, 1.21430876, 1.2290722, 1.28386134, 1.29926345, 1.36623617, 1.33151463, 1.32428802]",-0.921594772749712,32.304753300153166,NULL,-999,2.1270554014750207,0.5713539304419781,1
near_2026-03-23,near,NEAR,2026-03-23T00:00:00Z,1.2768609718871955,109962636.55444671,1648283795.0659566,13,Artificial Intelligence (AI),binance,"[1.05326565, 1.05339092, 0.98442783, 0.98372373, 0.96723149, 1.17541885, 1.12969862, 1.09239132, 1.1778611, 1.14465936, 1.35510547, 1.34956636, 1.30910816, 1.27294274, 1.22617676, 1.21489276, 1.21430876, 1.2290722, 1.28386134, 1.29926345, 1.36623617, 1.33151463, 1.32428802, 1.35364501, 1.49256999, 1.45537539, 1.38636671, 1.33519705, 1.31781487, 1.26711909]",-14.452187838406694,21.228767558334848,NULL,-999,2.191881287544513,0.7166170286377547,1
near_2026-03-30,near,NEAR,2026-03-30T00:00:00Z,1.1642700447896535,227944744.18631846,1503632142.2431371,12,Artificial Intelligence (AI),binance,"[1.09239132, 1.1778611, 1.14465936, 1.35510547, 1.34956636, 1.30910816, 1.27294274, 1.22617676, 1.21489276, 1.21430876, 1.2290722, 1.28386134, 1.29926345, 1.36623617, 1.33151463, 1.32428802, 1.35364501, 1.49256999, 1.45537539, 1.38636671, 1.33519705, 1.31781487, 1.26711909, 1.27686097, 1.31423152, 1.29088046, 1.27504072, 1.2249275, 1.17995453, 1.17380772]",-21.99561480070491,6.579943104137009,NULL,-999,1.8670307078108992,0.6036062390905301,1
near_2026-04-06,near,NEAR,2026-04-06T00:00:00Z,1.254325807747469,130048731.53716102,1620720985.2331858,12,Artificial Intelligence (AI),binance,"[1.22617676, 1.21489276, 1.21430876, 1.2290722, 1.28386134, 1.29926345, 1.36623617, 1.33151463, 1.32428802, 1.35364501, 1.49256999, 1.45537539, 1.38636671, 1.33519705, 1.31781487, 1.26711909, 1.27686097, 1.31423152, 1.29088046, 1.27504072, 1.2249275, 1.17995453, 1.17380772, 1.16427004, 1.16240338, 1.18727737, 1.19080414, 1.1642794, 1.20877662, 1.25736761]",-15.962010780215829,2.295676215644926,NULL,-999,1.9968924137242186,0.5920045664294018,1
near_2026-04-13,near,NEAR,2026-04-13T00:00:00Z,1.3495140914090067,161936621.80744284,1744525531.194404,12,Artificial Intelligence (AI),binance,"[1.33151463, 1.32428802, 1.35364501, 1.49256999, 1.45537539, 1.38636671, 1.33519705, 1.31781487, 1.26711909, 1.27686097, 1.31423152, 1.29088046, 1.27504072, 1.2249275, 1.17995453, 1.17380772, 1.16427004, 1.16240338, 1.18727737, 1.19080414, 1.1642794, 1.20877662, 1.25736761, 1.25432581, 1.24851361, 1.31173909, 1.33047493, 1.36576663, 1.36019242, 1.40354471]",-9.584535401180517,1.3518032993093065,NULL,-999,1.8666409100529862,0.3831948268906591,1
near_2026-04-20,near,NEAR,2026-04-20T00:00:00Z,1.3264646669679276,211874491.59806412,1715536727.694576,12,Artificial Intelligence (AI),binance,"[1.31781487, 1.26711909, 1.27686097, 1.31423152, 1.29088046, 1.27504072, 1.2249275, 1.17995453, 1.17380772, 1.16427004, 1.16240338, 1.18727737, 1.19080414, 1.1642794, 1.20877662, 1.25736761, 1.25432581, 1.24851361, 1.31173909, 1.33047493, 1.36576663, 1.36019242, 1.40354471, 1.34951409, 1.42029345, 1.36119455, 1.41140898, 1.43166446, 1.40871916, 1.34397759]",-7.3480757132831425,0.6563743807010081,NULL,-999,1.9312396447776372,0.45592995642478895,1
near_2026-04-27,near,NEAR,2026-04-27T00:00:00Z,1.3947324283378268,112202507.56481822,1804675030.3237672,12,Artificial Intelligence (AI),binance,"[1.17995453, 1.17380772, 1.16427004, 1.16240338, 1.18727737, 1.19080414, 1.1642794, 1.20877662, 1.25736761, 1.25432581, 1.24851361, 1.31173909, 1.33047493, 1.36576663, 1.36019242, 1.40354471, 1.34951409, 1.42029345, 1.36119455, 1.41140898, 1.43166446, 1.40871916, 1.34397759, 1.32646467, 1.3632482, 1.38615472, 1.40241263, 1.40587924, 1.40849789, 1.40199569]",-2.579656610099834,18.202218100533507,NULL,-999,1.7917302466816518,0.28464084599864603,1
near_2026-05-04,near,NEAR,2026-05-04T00:00:00Z,1.2749393974520355,90370381.32325833,1650469734.5671,13,Artificial Intelligence (AI),binance,"[1.20877662, 1.25736761, 1.25432581, 1.24851361, 1.31173909, 1.33047493, 1.36576663, 1.36019242, 1.40354471, 1.34951409, 1.42029345, 1.36119455, 1.41140898, 1.43166446, 1.40871916, 1.34397759, 1.32646467, 1.3632482, 1.38615472, 1.40241263, 1.40587924, 1.40849789, 1.40199569, 1.39473243, 1.36408952, 1.34727914, 1.32719601, 1.29651182, 1.28849293, 1.2982722]",-10.947052368237298,5.4735323876100805,NULL,-999,1.6735917466081855,0.3126833714236583,1
near_2026-05-11,near,NEAR,2026-05-11T00:00:00Z,1.5646267083770626,188362464.68243322,2026463995.1167314,12,Artificial Intelligence (AI),binance,"[1.36019242, 1.40354471, 1.34951409, 1.42029345, 1.36119455, 1.41140898, 1.43166446, 1.40871916, 1.34397759, 1.32646467, 1.3632482, 1.38615472, 1.40241263, 1.40587924, 1.40849789, 1.40199569, 1.39473243, 1.36408952, 1.34727914, 1.32719601, 1.29651182, 1.28849293, 1.2982722, 1.2749394, 1.26233019, 1.29663516, 1.49133281, 1.46972656, 1.59718154, 1.56816792]",-2.03826724603019,15.029806299267022,NULL,-999,1.610897381778781,0.02957297939117609,1
near_2026-05-18,near,NEAR,2026-05-18T00:00:00Z,1.5074093234302182,173004828.73373303,1953245854.2381883,12,Artificial Intelligence (AI),binance,"[1.40871916, 1.34397759, 1.32646467, 1.3632482, 1.38615472, 1.40241263, 1.40587924, 1.40849789, 1.40199569, 1.39473243, 1.36408952, 1.34727914, 1.32719601, 1.29651182, 1.28849293, 1.2982722, 1.2749394, 1.26233019, 1.29663516, 1.49133281, 1.46972656, 1.59718154, 1.56816792, 1.56462671, 1.5465996, 1.60636933, 1.57393082, 1.57220928, 1.54476535, 1.49706901]",-6.1604765458818544,7.005666592625004,NULL,-999,1.6179697958273198,0.07334469190194026,1
near_2026-05-25,near,NEAR,2026-05-25T00:00:00Z,2.394019658285933,754260240.3149056,3103553652.87713,10,Artificial Intelligence (AI),binance,"[1.40849789, 1.40199569, 1.39473243, 1.36408952, 1.34727914, 1.32719601, 1.29651182, 1.28849293, 1.2982722, 1.2749394, 1.26233019, 1.29663516, 1.49133281, 1.46972656, 1.59718154, 1.56816792, 1.56462671, 1.5465996, 1.60636933, 1.57393082, 1.57220928, 1.54476535, 1.49706901, 1.50740932, 1.62401369, 1.60011235, 1.70106175, 1.92396005, 2.1014726, 2.45208979]",-2.36818950169172,69.96970170583148,NULL,-999,1.8784572567196742,-0.215354289085241,0
near_2026-06-01,near,NEAR,2026-06-01T00:00:00Z,2.3211279138754355,668164397.7352628,3010537268.595205,10,Artificial Intelligence (AI),binance,"[1.28849293, 1.2982722, 1.2749394, 1.26233019, 1.29663516, 1.49133281, 1.46972656, 1.59718154, 1.56816792, 1.56462671, 1.5465996, 1.60636933, 1.57393082, 1.57220928, 1.54476535, 1.49706901, 1.50740932, 1.62401369, 1.60011235, 1.70106175, 1.92396005, 2.1014726, 2.45208979, 2.39401966, 2.75997895, 2.55068372, 2.48550675, 2.4180866, 2.37787739, 2.25224171]",-15.900521084849883,80.14285269626002,NULL,-999,1.8681154217385798,-0.19516911990450814,0
near_2026-06-08,near,NEAR,2026-06-08T00:00:00Z,2.055810872540087,654286164.4993682,2667625091.316948,10,Artificial Intelligence (AI),binance,"[1.59718154, 1.56816792, 1.56462671, 1.5465996, 1.60636933, 1.57393082, 1.57220928, 1.54476535, 1.49706901, 1.50740932, 1.62401369, 1.60011235, 1.70106175, 1.92396005, 2.1014726, 2.45208979, 2.39401966, 2.75997895, 2.55068372, 2.48550675, 2.4180866, 2.37787739, 2.25224171, 2.32112791, 2.63568484, 2.62313493, 2.81868252, 2.19844372, 1.96534899, 1.8594836]",-27.064830491379567,28.714915967000042,NULL,-999,2.19166557571438,0.06608326913187113,1
arbitrum_2025-10-20,arbitrum,ARB,2025-10-20T00:00:00Z,0.31732927304831765,148626054.81092632,1747567463.8513825,15,Smart Contract Platform,fameex,"[0.48916503, 0.49332728, 0.48114538, 0.43651449, 0.43284616, 0.42954631, 0.40970043, 0.42477196, 0.42436389, 0.43037697, 0.41767133, 0.42167876, 0.43522351, 0.45291704, 0.45037232, 0.4343218, 0.43202413, 0.45877665, 0.4218809, 0.4347746, 0.41808628, 0.29609926, 0.30232694, 0.33523068, 0.35872168, 0.34347855, 0.32714984, 0.31602586, 0.30399063, 0.30938441]",-35.675709809671396,-35.12838187944482,NULL,-999,0.21631874490727135,-0.31831456067926667,0
arbitrum_2025-10-27,arbitrum,ARB,2025-10-27T00:00:00Z,0.33467324959786743,136100301.06392506,1844392968.549058,15,Smart Contract Platform,fameex,"[0.42477196, 0.42436389, 0.43037697, 0.41767133, 0.42167876, 0.43522351, 0.45291704, 0.45037232, 0.4343218, 0.43202413, 0.45877665, 0.4218809, 0.4347746, 0.41808628, 0.29609926, 0.30232694, 0.33523068, 0.35872168, 0.34347855, 0.32714984, 0.31602586, 0.30399063, 0.30938441, 0.31732927, 0.32230823, 0.31109473, 0.30128046, 0.31398055, 0.3202346, 0.32023864]",-27.05094018064348,-21.21107730654497,NULL,-999,0.17595311707618794,-0.4742540155581376,0
arbitrum_2025-11-03,arbitrum,ARB,2025-11-03T00:00:00Z,0.3077489201447482,133813643.30283237,1696676859.63145,15,Smart Contract Platform,fameex,"[0.45037232, 0.4343218, 0.43202413, 0.45877665, 0.4218809, 0.4347746, 0.41808628, 0.29609926, 0.30232694, 0.33523068, 0.35872168, 0.34347855, 0.32714984, 0.31602586, 0.30399063, 0.30938441, 0.31732927, 0.32230823, 0.31109473, 0.30128046, 0.31398055, 0.3202346, 0.32023864, 0.33467325, 0.33054242, 0.3151473, 0.31752091, 0.28985736, 0.2952287, 0.30667557]",-32.9196629489904,-31.66788824600345,NULL,-999,0.1395306181430178,-0.5466089106750066,0
arbitrum_2025-11-10,arbitrum,ARB,2025-11-10T00:00:00Z,0.299227884589691,147055598.55848902,1648151930.564366,15,Smart Contract Platform,fameex,"[0.29609926, 0.30232694, 0.33523068, 0.35872168, 0.34347855, 0.32714984, 0.31602586, 0.30399063, 0.30938441, 0.31732927, 0.32230823, 0.31109473, 0.30128046, 0.31398055, 0.3202346, 0.32023864, 0.33467325, 0.33054242, 0.3151473, 0.31752091, 0.28985736, 0.2952287, 0.30667557, 0.30774892, 0.26101802, 0.25541227, 0.27009351, 0.26437561, 0.30151915, 0.29775766]",-16.58494533028998,1.0566135179353342,NULL,-999,0.11926043239674089,-0.6014394428504755,0
arbitrum_2025-11-17,arbitrum,ARB,2025-11-17T00:00:00Z,0.2359269539134818,163436195.26876175,1300542095.0375571,15,Smart Contract Platform,fameex,"[0.30399063, 0.30938441, 0.31732927, 0.32230823, 0.31109473, 0.30128046, 0.31398055, 0.3202346, 0.32023864, 0.33467325, 0.33054242, 0.3151473, 0.31752091, 0.28985736, 0.2952287, 0.30667557, 0.30774892, 0.26101802, 0.25541227, 0.27009351, 0.26437561, 0.30151915, 0.29775766, 0.29922788, 0.30667272, 0.27545493, 0.25916573, 0.24460497, 0.23791693, 0.24116577]",-29.50528487204639,-22.39005679589766,NULL,-999,0.11959577425159454,-0.4930813445951062,0
arbitrum_2025-11-24,arbitrum,ARB,2025-11-24T00:00:00Z,0.20068854778170003,106076117.1031929,1128560125.383457,15,Smart Contract Platform,fameex,"[0.3202346, 0.32023864, 0.33467325, 0.33054242, 0.3151473, 0.31752091, 0.28985736, 0.2952287, 0.30667557, 0.30774892, 0.26101802, 0.25541227, 0.27009351, 0.26437561, 0.30151915, 0.29775766, 0.29922788, 0.30667272, 0.27545493, 0.25916573, 0.24460497, 0.23791693, 0.24116577, 0.23592695, 0.22663441, 0.23718462, 0.22929934, 0.2150451, 0.20187236, 0.20023416]",-40.03448198419177,-37.330773931999815,NULL,-999,0.09732569855363879,-0.5150410941260819,0
arbitrum_2025-12-01,arbitrum,ARB,2025-12-01T00:00:00Z,0.2110245285038307,86323084.20357203,1187658330.6077683,15,Smart Contract Platform,fameex,"[0.2952287, 0.30667557, 0.30774892, 0.26101802, 0.25541227, 0.27009351, 0.26437561, 0.30151915, 0.29775766, 0.29922788, 0.30667272, 0.27545493, 0.25916573, 0.24460497, 0.23791693, 0.24116577, 0.23592695, 0.22663441, 0.23718462, 0.22929934, 0.2150451, 0.20187236, 0.20023416, 0.20068855, 0.21728066, 0.21626068, 0.21860741, 0.22074688, 0.21682684, 0.21447809]",-31.42964452821594,-28.52167594219853,NULL,-999,0.0990564587184294,-0.5305926783926862,0
arbitrum_2025-12-08,arbitrum,ARB,2025-12-08T00:00:00Z,0.20405664807321325,116597899.49029246,1146585496.6777897,15,Smart Contract Platform,fameex,"[0.30151915, 0.29775766, 0.29922788, 0.30667272, 0.27545493, 0.25916573, 0.24460497, 0.23791693, 0.24116577, 0.23592695, 0.22663441, 0.23718462, 0.22929934, 0.2150451, 0.20187236, 0.20023416, 0.20068855, 0.21728066, 0.21626068, 0.21860741, 0.22074688, 0.21682684, 0.21447809, 0.21102453, 0.19399871, 0.21253309, 0.22292285, 0.21595138, 0.20235469, 0.20728745]",-33.46110261657235,-32.32381825738637,NULL,-999,0.09620001023109695,-0.5285622343625802,0
arbitrum_2025-12-15,arbitrum,ARB,2025-12-15T00:00:00Z,0.20481457393462363,94729144.16925488,1150651608.809419,15,Smart Contract Platform,fameex,"[0.23791693, 0.24116577, 0.23592695, 0.22663441, 0.23718462, 0.22929934, 0.2150451, 0.20187236, 0.20023416, 0.20068855, 0.21728066, 0.21626068, 0.21860741, 0.22074688, 0.21682684, 0.21447809, 0.21102453, 0.19399871, 0.21253309, 0.22292285, 0.21595138, 0.20235469, 0.20728745, 0.20405665, 0.21240562, 0.22272532, 0.21648318, 0.21275258, 0.20563434, 0.21528071]",-15.073116336142334,-13.913410974943496,NULL,-999,0.10047670316823584,-0.509426007934827,0
arbitrum_2025-12-22,arbitrum,ARB,2025-12-22T00:00:00Z,0.18611956371364405,75266415.17733674,1063691345.0288204,15,Smart Contract Platform,fameex,"[0.20187236, 0.20023416, 0.20068855, 0.21728066, 0.21626068, 0.21860741, 0.22074688, 0.21682684, 0.21447809, 0.21102453, 0.19399871, 0.21253309, 0.22292285, 0.21595138, 0.20235469, 0.20728745, 0.20405665, 0.21240562, 0.22272532, 0.21648318, 0.21275258, 0.20563434, 0.21528071, 0.20481457, 0.19719203, 0.20018256, 0.18450365, 0.17595675, 0.19246305, 0.18966152]",-16.50942837872681,-7.803344701447868,NULL,-999,0.09476453728639173,-0.49084053607501166,0
arbitrum_2025-12-29,arbitrum,ARB,2025-12-29T00:00:00Z,0.1947392746530639,50504347.0184321,1114525190.5968318,15,Smart Contract Platform,fameex,"[0.21682684, 0.21447809, 0.21102453, 0.19399871, 0.21253309, 0.22292285, 0.21595138, 0.20235469, 0.20728745, 0.20405665, 0.21240562, 0.22272532, 0.21648318, 0.21275258, 0.20563434, 0.21528071, 0.20481457, 0.19719203, 0.20018256, 0.18450365, 0.17595675, 0.19246305, 0.18966152, 0.18611956, 0.18734157, 0.19101264, 0.18769183, 0.18430748, 0.19163913, 0.19694603]",-12.64274945909667,-10.18672843507391,NULL,-999,0.08916788840012174,-0.5421165629841334,0
arbitrum_2026-01-05,arbitrum,ARB,2026-01-05T00:00:00Z,0.21774326257488874,90391388.45768332,1245336074.0216355,15,Smart Contract Platform,fameex,"[0.20235469, 0.20728745, 0.20405665, 0.21240562, 0.22272532, 0.21648318, 0.21275258, 0.20563434, 0.21528071, 0.20481457, 0.19719203, 0.20018256, 0.18450365, 0.17595675, 0.19246305, 0.18966152, 0.18611956, 0.18734157, 0.19101264, 0.18769183, 0.18430748, 0.19163913, 0.19694603, 0.19473927, 0.19023995, 0.19071546, 0.18675857, 0.20213415, 0.20939163, 0.20929706]",-2.2368633613913946,7.60475028404477,NULL,-999,0.09251346687123216,-0.5751259268496821,0
arbitrum_2026-01-12,arbitrum,ARB,2026-01-12T00:00:00Z,0.2042726311690582,54351026.18734815,1168293675.4135044,15,Smart Contract Platform,fameex,"[0.20563434, 0.21528071, 0.20481457, 0.19719203, 0.20018256, 0.18450365, 0.17595675, 0.19246305, 0.18966152, 0.18611956, 0.18734157, 0.19101264, 0.18769183, 0.18430748, 0.19163913, 0.19694603, 0.19473927, 0.19023995, 0.19071546, 0.18675857, 0.20213415, 0.20939163, 0.20929706, 0.21774326, 0.22189959, 0.22279251, 0.21306881, 0.20944824, 0.20767058, 0.20741291]",-8.312611958487038,-0.6621994516591734,NULL,-999,0.11486972814102268,-0.4376646177041932,0
arbitrum_2026-01-19,arbitrum,ARB,2026-01-19T00:00:00Z,0.2019436374243735,89865271.43800272,1176682166.4772418,15,Smart Contract Platform,fameex,"[0.19246305, 0.18966152, 0.18611956, 0.18734157, 0.19101264, 0.18769183, 0.18430748, 0.19163913, 0.19694603, 0.19473927, 0.19023995, 0.19071546, 0.18675857, 0.20213415, 0.20939163, 0.20929706, 0.21774326, 0.22189959, 0.22279251, 0.21306881, 0.20944824, 0.20767058, 0.20741291, 0.20427263, 0.20091545, 0.22340383, 0.21783981, 0.21012117, 0.21006313, 0.21631874]",-9.606007406554228,4.925924470703769,NULL,-999,0.12846656449028288,-0.36384940803894983,0
arbitrum_2026-01-26,arbitrum,ARB,2026-01-26T00:00:00Z,0.1667027954366438,88834649.07013589,971341355.4099302,15,Smart Contract Platform,fameex,"[0.19163913, 0.19694603, 0.19473927, 0.19023995, 0.19071546, 0.18675857, 0.20213415, 0.20939163, 0.20929706, 0.21774326, 0.22189959, 0.22279251, 0.21306881, 0.20944824, 0.20767058, 0.20741291, 0.20427263, 0.20091545, 0.22340383, 0.21783981, 0.21012117, 0.21006313, 0.21631874, 0.20194364, 0.19294278, 0.18186718, 0.18507898, 0.17716268, 0.17676702, 0.17595312]",-25.38050988781513,-13.012128849028127,NULL,-999,0.12839449010145051,-0.22980001765928715,0
arbitrum_2026-02-02,arbitrum,ARB,2026-02-02T00:00:00Z,0.13480816905945472,138922979.06321624,785498223.4194626,15,Smart Contract Platform,fameex,"[0.20939163, 0.20929706, 0.21774326, 0.22189959, 0.22279251, 0.21306881, 0.20944824, 0.20767058, 0.20741291, 0.20427263, 0.20091545, 0.22340383, 0.21783981, 0.21012117, 0.21006313, 0.21631874, 0.20194364, 0.19294278, 0.18186718, 0.18507898, 0.17716268, 0.17676702, 0.17595312, 0.1667028, 0.16925398, 0.17090704, 0.17129794, 0.15811254, 0.15469852, 0.13953062]",-39.6571796422165,-35.619122232818924,NULL,-999,0.1217744152477066,-0.09668370917492264,0
arbitrum_2026-02-09,arbitrum,ARB,2026-02-09T00:00:00Z,0.11553687493969433,62940803.17352331,673208535.0446463,15,Smart Contract Platform,fameex,"[0.20767058, 0.20741291, 0.20427263, 0.20091545, 0.22340383, 0.21783981, 0.21012117, 0.21006313, 0.21631874, 0.20194364, 0.19294278, 0.18186718, 0.18507898, 0.17716268, 0.17676702, 0.17595312, 0.1667028, 0.16925398, 0.17090704, 0.17129794, 0.15811254, 0.15469852, 0.13953062, 0.13480817, 0.13665805, 0.12951915, 0.12750574, 0.10756236, 0.1191814, 0.11926043]",-48.28339456111983,-44.36531509492772,NULL,-999,0.14173616881445977,0.22676131657914778,1
arbitrum_2026-02-16,arbitrum,ARB,2026-02-16T00:00:00Z,0.11386731754932909,73738619.49070632,663480383.0106968,15,Smart Contract Platform,fameex,"[0.21006313, 0.21631874, 0.20194364, 0.19294278, 0.18186718, 0.18507898, 0.17716268, 0.17676702, 0.17595312, 0.1667028, 0.16925398, 0.17090704, 0.17129794, 0.15811254, 0.15469852, 0.13953062, 0.13480817, 0.13665805, 0.12951915, 0.12750574, 0.10756236, 0.1191814, 0.11926043, 0.11553687, 0.11337323, 0.1102115, 0.10756034, 0.11058561, 0.11450329, 0.11959577]",-47.36132663947351,-45.793762019537986,NULL,-999,0.1185857542817346,0.0414380248341355,1
arbitrum_2026-02-23,arbitrum,ARB,2026-02-23T00:00:00Z,0.08940065242533742,56963757.13318695,520918384.565199,15,Smart Contract Platform,fameex,"[0.17676702, 0.17595312, 0.1667028, 0.16925398, 0.17090704, 0.17129794, 0.15811254, 0.15469852, 0.13953062, 0.13480817, 0.13665805, 0.12951915, 0.12750574, 0.10756236, 0.1191814, 0.11926043, 0.11553687, 0.11337323, 0.1102115, 0.10756034, 0.11058561, 0.11450329, 0.11959577, 0.11386732, 0.11434827, 0.11188917, 0.10721922, 0.09721003, 0.09625579, 0.0973257]",-49.42458702096806,-49.42458702096806,NULL,-999,0.10845758628178066,0.2131632526100251,1
arbitrum_2026-03-02,arbitrum,ARB,2026-03-02T00:00:00Z,0.09890569889987931,93085638.801007,587408359.5397613,15,Smart Contract Platform,fameex,"[0.15469852, 0.13953062, 0.13480817, 0.13665805, 0.12951915, 0.12750574, 0.10756236, 0.1191814, 0.11926043, 0.11553687, 0.11337323, 0.1102115, 0.10756034, 0.11058561, 0.11450329, 0.11959577, 0.11386732, 0.11434827, 0.11188917, 0.10721922, 0.09721003, 0.09625579, 0.0973257, 0.08940065, 0.09293823, 0.09153043, 0.09969408, 0.09903817, 0.09973888, 0.09905646]",-36.06551757232388,-36.06551757232388,NULL,-999,0.10334032896931007,0.044836951952787585,1
arbitrum_2026-03-09,arbitrum,ARB,2026-03-09T00:00:00Z,0.09386666121223018,54433906.94598221,557481136.9966261,15,Smart Contract Platform,fameex,"[0.1191814, 0.11926043, 0.11553687, 0.11337323, 0.1102115, 0.10756034, 0.11058561, 0.11450329, 0.11959577, 0.11386732, 0.11434827, 0.11188917, 0.10721922, 0.09721003, 0.09625579, 0.0973257, 0.08940065, 0.09293823, 0.09153043, 0.09969408, 0.09903817, 0.09973888, 0.09905646, 0.0989057, 0.10099892, 0.10189297, 0.10387169, 0.10190296, 0.09924777, 0.09620001]",-21.513396439273702,-21.24050992039217,NULL,-999,0.07990084738142109,-0.14878353667265032,0
arbitrum_2026-03-16,arbitrum,ARB,2026-03-16T00:00:00Z,0.10333798876196117,56191355.2191057,613732061.266249,15,Smart Contract Platform,fameex,"[0.11450329, 0.11959577, 0.11386732, 0.11434827, 0.11188917, 0.10721922, 0.09721003, 0.09625579, 0.0973257, 0.08940065, 0.09293823, 0.09153043, 0.09969408, 0.09903817, 0.09973888, 0.09905646, 0.0989057, 0.10099892, 0.10189297, 0.10387169, 0.10190296, 0.09924777, 0.09620001, 0.09386666, 0.09686475, 0.09746911, 0.10018282, 0.09979211, 0.10167252, 0.1004767]",-13.593946434454907,-9.751072363632229,NULL,-999,0.08516060009576497,-0.17590228805466468,0
arbitrum_2026-03-23,arbitrum,ARB,2026-03-23T00:00:00Z,0.09252060108973943,53058163.80240565,558900680.9728112,15,Smart Contract Platform,fameex,"[0.09625579, 0.0973257, 0.08940065, 0.09293823, 0.09153043, 0.09969408, 0.09903817, 0.09973888, 0.09905646, 0.0989057, 0.10099892, 0.10189297, 0.10387169, 0.10190296, 0.09924777, 0.09620001, 0.09386666, 0.09686475, 0.09746911, 0.10018282, 0.09979211, 0.10167252, 0.1004767, 0.10333799, 0.10900705, 0.10706844, 0.10223752, 0.0989163, 0.09913667, 0.09476454]",-15.124203126879976,-3.8804788331439966,NULL,-999,0.08452121686367682,-0.08646057344897373,0
arbitrum_2026-03-30,arbitrum,ARB,2026-03-30T00:00:00Z,0.08757402920785202,42128847.582168005,529019310.11372775,15,Smart Contract Platform,fameex,"[0.09973888, 0.09905646, 0.0989057, 0.10099892, 0.10189297, 0.10387169, 0.10190296, 0.09924777, 0.09620001, 0.09386666, 0.09686475, 0.09746911, 0.10018282, 0.09979211, 0.10167252, 0.1004767, 0.10333799, 0.10900705, 0.10706844, 0.10223752, 0.0989163, 0.09913667, 0.09476454, 0.0925206, 0.09710953, 0.0967649, 0.09833546, 0.09340716, 0.0892257, 0.08916789]",-19.662049026282848,-12.196702012625327,NULL,-999,0.07282126088369241,-0.16846054084304773,0
arbitrum_2026-04-06,arbitrum,ARB,2026-04-06T00:00:00Z,0.09454686275192561,50293597.94037188,571140971.3458334,15,Smart Contract Platform,fameex,"[0.09924777, 0.09620001, 0.09386666, 0.09686475, 0.09746911, 0.10018282, 0.09979211, 0.10167252, 0.1004767, 0.10333799, 0.10900705, 0.10706844, 0.10223752, 0.0989163, 0.09913667, 0.09476454, 0.0925206, 0.09710953, 0.0967649, 0.09833546, 0.09340716, 0.0892257, 0.08916789, 0.08757403, 0.09025528, 0.0919412, 0.0941239, 0.09063972, 0.0919611, 0.09251347]",-13.265367675900864,-4.736533191987102,NULL,-999,0.08028618746396782,-0.15083181898245857,0
arbitrum_2026-04-13,arbitrum,ARB,2026-04-13T00:00:00Z,0.11022427613038793,75247068.93557397,665845468.6135945,15,Smart Contract Platform,fameex,"[0.10167252, 0.1004767, 0.10333799, 0.10900705, 0.10706844, 0.10223752, 0.0989163, 0.09913667, 0.09476454, 0.0925206, 0.09710953, 0.0967649, 0.09833546, 0.09340716, 0.0892257, 0.08916789, 0.08757403, 0.09025528, 0.0919412, 0.0941239, 0.09063972, 0.0919611, 0.09251347, 0.09454686, 0.09346849, 0.10172268, 0.10493553, 0.10756862, 0.115068, 0.11486973]",-4.2094479391901025,8.41107870469946,NULL,-999,0.09498046468447172,-0.1382981316010986,0
arbitrum_2026-04-20,arbitrum,ARB,2026-04-20T00:00:00Z,0.12088101299063606,68033811.82276084,730220941.9458929,15,Smart Contract Platform,fameex,"[0.09913667, 0.09476454, 0.0925206, 0.09710953, 0.0967649, 0.09833546, 0.09340716, 0.0892257, 0.08916789, 0.08757403, 0.09025528, 0.0919412, 0.0941239, 0.09063972, 0.0919611, 0.09251347, 0.09454686, 0.09346849, 0.10172268, 0.10493553, 0.10756862, 0.115068, 0.11486973, 0.11022428, 0.11279098, 0.1095002, 0.11431839, 0.12826325, 0.13062325, 0.12846656]",-7.458270559119661,21.933706547902677,NULL,-999,0.08827701188182015,-0.26971978726999546,0
arbitrum_2026-04-27,arbitrum,ARB,2026-04-27T00:00:00Z,0.12878261121571516,61770057.51684622,792105581.2982848,15,Smart Contract Platform,fameex,"[0.0892257, 0.08916789, 0.08757403, 0.09025528, 0.0919412, 0.0941239, 0.09063972, 0.0919611, 0.09251347, 0.09454686, 0.09346849, 0.10172268, 0.10493553, 0.10756862, 0.115068, 0.11486973, 0.11022428, 0.11279098, 0.1095002, 0.11431839, 0.12826325, 0.13062325, 0.12846656, 0.12088101, 0.12617772, 0.12534129, 0.12795377, 0.12769131, 0.12812562, 0.12839449]",-1.4091190256819486,44.33354723686001,NULL,-999,0.0824288722159692,-0.35993787175274694,0
arbitrum_2026-05-04,arbitrum,ARB,2026-05-04T00:00:00Z,0.1166238225337156,76376275.95637639,717320295.5681645,15,Smart Contract Platform,fameex,"[0.0919611, 0.09251347, 0.09454686, 0.09346849, 0.10172268, 0.10493553, 0.10756862, 0.115068, 0.11486973, 0.11022428, 0.11279098, 0.1095002, 0.11431839, 0.12826325, 0.13062325, 0.12846656, 0.12088101, 0.12617772, 0.12534129, 0.12795377, 0.12769131, 0.12812562, 0.12839449, 0.12878261, 0.12584507, 0.12371711, 0.12461741, 0.12287892, 0.1228298, 0.12177442]",-10.717407438400684,26.818644607357143,NULL,-999,0.0788696774105914,-0.3237258417953982,0
arbitrum_2026-05-11,arbitrum,ARB,2026-05-11T00:00:00Z,0.14304156259234962,110391316.4923542,879808376.4370959,15,Smart Contract Platform,fameex,"[0.115068, 0.11486973, 0.11022428, 0.11279098, 0.1095002, 0.11431839, 0.12826325, 0.13062325, 0.12846656, 0.12088101, 0.12617772, 0.12534129, 0.12795377, 0.12769131, 0.12812562, 0.12839449, 0.12878261, 0.12584507, 0.12371711, 0.12461741, 0.12287892, 0.1228298, 0.12177442, 0.11662382, 0.11560364, 0.11924061, 0.12734049, 0.12567577, 0.14176181, 0.14173617]",0.9027461648330792,24.310457998866596,NULL,-999,0.0782096550246004,-0.4532382504273389,0
arbitrum_2026-05-18,arbitrum,ARB,2026-05-18T00:00:00Z,0.11572387374745435,51891402.17893089,711784963.9752517,15,Smart Contract Platform,fameex,"[0.13062325, 0.12846656, 0.12088101, 0.12617772, 0.12534129, 0.12795377, 0.12769131, 0.12812562, 0.12839449, 0.12878261, 0.12584507, 0.12371711, 0.12461741, 0.12287892, 0.1228298, 0.12177442, 0.11662382, 0.11560364, 0.11924061, 0.12734049, 0.12567577, 0.14176181, 0.14173617, 0.14304156, 0.14008049, 0.13571028, 0.13132926, 0.13050632, 0.12391088, 0.11858575]",-19.097728205575628,-11.40637268636141,NULL,-999,0.07272258489044682,-0.37158528715388306,0
arbitrum_2026-05-25,arbitrum,ARB,2026-05-25T00:00:00Z,0.10470921726383382,42060925.06092619,655042171.7695891,15,Smart Contract Platform,fameex,"[0.12812562, 0.12839449, 0.12878261, 0.12584507, 0.12371711, 0.12461741, 0.12287892, 0.1228298, 0.12177442, 0.11662382, 0.11560364, 0.11924061, 0.12734049, 0.12567577, 0.14176181, 0.14173617, 0.14304156, 0.14008049, 0.13571028, 0.13132926, 0.13050632, 0.12391088, 0.11858575, 0.11572387, 0.11643392, 0.11245802, 0.10885385, 0.11159996, 0.10781107, 0.10845759]",-26.798047108698153,-18.276125745034644,NULL,-999,0.09902970371021509,-0.05424081759018573,0
arbitrum_2026-06-01,arbitrum,ARB,2026-06-01T00:00:00Z,0.10348375958881542,35749422.43847047,647375927.3086725,15,Smart Contract Platform,fameex,"[0.1228298, 0.12177442, 0.11662382, 0.11560364, 0.11924061, 0.12734049, 0.12567577, 0.14176181, 0.14173617, 0.14304156, 0.14008049, 0.13571028, 0.13132926, 0.13050632, 0.12391088, 0.11858575, 0.11572387, 0.11643392, 0.11245802, 0.10885385, 0.11159996, 0.10781107, 0.10845759, 0.10470922, 0.1071356, 0.10752261, 0.10620851, 0.10431002, 0.10310681, 0.10334033]",-27.65476151590216,-15.750281377614684,NULL,-999,0.08764903701675572,-0.1530164987721525,0
arbitrum_2026-06-08,arbitrum,ARB,2026-06-08T00:00:00Z,0.0829539804958359,68575287.8995891,518945294.032799,15,Smart Contract Platform,fameex,"[0.14176181, 0.14173617, 0.14304156, 0.14008049, 0.13571028, 0.13132926, 0.13050632, 0.12391088, 0.11858575, 0.11572387, 0.11643392, 0.11245802, 0.10885385, 0.11159996, 0.10781107, 0.10845759, 0.10470922, 0.1071356, 0.10752261, 0.10620851, 0.10431002, 0.10310681, 0.10334033, 0.10348376, 0.10220404, 0.09275657, 0.09298777, 0.08915833, 0.08024733, 0.07990085]",-42.007078926951976,-41.48355005609036,NULL,-999,0.17764357253493449,1.141471349212131,1
aave_2025-10-20,aave,AAVE,2025-10-20T00:00:00Z,222.5529762409606,327418729.88588023,3395794743.502471,12,Decentralized Finance (DeFi),coinup,"[298.68637943, 296.97496546, 294.43680898, 270.38198862, 274.87855878, 278.35295838, 261.55652622, 270.80122456, 266.61799559, 275.16640135, 276.92972581, 274.49876411, 286.53129616, 288.92524033, 290.91234839, 283.19517323, 285.67631826, 297.59709613, 276.53112544, 285.60378644, 273.70792351, 225.37528265, 234.46289867, 251.23562314, 261.28426143, 255.40252534, 242.49240244, 223.10811701, 206.43192495, 214.92269504]",-25.489412452271132,-25.489412452271132,NULL,-999,173.80123120960576,-0.21905681000001898,0
aave_2025-10-27,aave,AAVE,2025-10-27T00:00:00Z,240.7110935619958,252271140.9280543,3674158232.593499,12,Decentralized Finance (DeFi),coinup,"[270.80122456, 266.61799559, 275.16640135, 276.92972581, 274.49876411, 286.53129616, 288.92524033, 290.91234839, 283.19517323, 285.67631826, 297.59709613, 276.53112544, 285.60378644, 273.70792351, 225.37528265, 234.46289867, 251.23562314, 261.28426143, 255.40252534, 242.49240244, 223.10811701, 206.43192495, 214.92269504, 222.55297624, 229.05062486, 218.82927357, 216.74728335, 224.65887498, 228.99929155, 226.30131088]",-19.115106736944508,-11.111519545244208,NULL,-999,162.10477524978316,-0.3265587686425735,0
aave_2025-11-03,aave,AAVE,2025-11-03T00:00:00Z,231.04733608521937,292904545.57644933,3520683528.01783,12,Decentralized Finance (DeFi),coinup,"[290.91234839, 283.19517323, 285.67631826, 297.59709613, 276.53112544, 285.60378644, 273.70792351, 225.37528265, 234.46289867, 251.23562314, 261.28426143, 255.40252534, 242.49240244, 223.10811701, 206.43192495, 214.92269504, 222.55297624, 229.05062486, 218.82927357, 216.74728335, 224.65887498, 228.99929155, 226.30131088, 240.71109356, 235.16332368, 228.48951338, 227.60199668, 214.99544986, 228.62395733, 222.89978773]",-22.36236875741221,-20.578367552028165,NULL,-999,131.40497412766274,-0.4312638424915862,0
aave_2025-11-10,aave,AAVE,2025-11-10T00:00:00Z,212.17882461006272,298095507.4573827,3238943141.7141805,13,Decentralized Finance (DeFi),coinup,"[225.37528265, 234.46289867, 251.23562314, 261.28426143, 255.40252534, 242.49240244, 223.10811701, 206.43192495, 214.92269504, 222.55297624, 229.05062486, 218.82927357, 216.74728335, 224.65887498, 228.99929155, 226.30131088, 240.71109356, 235.16332368, 228.48951338, 227.60199668, 214.99544986, 228.62395733, 222.89978773, 231.04733609, 199.43556951, 188.49848042, 201.87561499, 197.00054869, 208.53027054, 202.49512225]",-18.793874745200444,-5.855326230526536,NULL,-999,117.06540101157833,-0.4482701031701991,0
aave_2025-11-17,aave,AAVE,2025-11-17T00:00:00Z,172.96001764165837,321678816.0371583,2627742653.8050447,13,Decentralized Finance (DeFi),coinup,"[206.43192495, 214.92269504, 222.55297624, 229.05062486, 218.82927357, 216.74728335, 224.65887498, 228.99929155, 226.30131088, 240.71109356, 235.16332368, 228.48951338, 227.60199668, 214.99544986, 228.62395733, 222.89978773, 231.04733609, 199.43556951, 188.49848042, 201.87561499, 197.00054869, 208.53027054, 202.49512225, 212.17882461, 228.33787737, 207.5002887, 204.83244936, 198.70001158, 173.88884898, 178.33101762]",-28.146220815073463,-16.214501373012535,NULL,-999,131.33599956973148,-0.24065687919947065,0
aave_2025-11-24,aave,AAVE,2025-11-24T00:00:00Z,167.00559363515848,267919632.50300404,2533037692.5586863,12,Decentralized Finance (DeFi),coinup,"[228.99929155, 226.30131088, 240.71109356, 235.16332368, 228.48951338, 227.60199668, 214.99544986, 228.62395733, 222.89978773, 231.04733609, 199.43556951, 188.49848042, 201.87561499, 197.00054869, 208.53027054, 202.49512225, 212.17882461, 228.33787737, 207.5002887, 204.83244936, 198.70001158, 173.88884898, 178.33101762, 172.96001764, 168.78596097, 178.10577642, 174.22067227, 164.6447421, 157.68145176, 161.11953484]",-30.61990157418909,-27.07156755508717,NULL,-999,125.401184077472,-0.24911985671914527,0
aave_2025-12-01,aave,AAVE,2025-12-01T00:00:00Z,177.8030283011269,232937668.46494657,2695423784.3131447,12,Decentralized Finance (DeFi),coinup,"[228.62395733, 222.89978773, 231.04733609, 199.43556951, 188.49848042, 201.87561499, 197.00054869, 208.53027054, 202.49512225, 212.17882461, 228.33787737, 207.5002887, 204.83244936, 198.70001158, 173.88884898, 178.33101762, 172.96001764, 168.78596097, 178.10577642, 174.22067227, 164.6447421, 157.68145176, 161.11953484, 167.00559364, 178.57875648, 178.86978651, 185.80678529, 185.9226224, 185.47104361, 182.30618814]",-23.044761600044538,-22.229047920468226,NULL,-999,117.00205673898932,-0.3419568954650488,0
aave_2025-12-08,aave,AAVE,2025-12-08T00:00:00Z,187.125990168289,302577869.01292676,2835443798.5674787,12,Decentralized Finance (DeFi),coinup,"[208.53027054, 202.49512225, 212.17882461, 228.33787737, 207.5002887, 204.83244936, 198.70001158, 173.88884898, 178.33101762, 172.96001764, 168.78596097, 178.10577642, 174.22067227, 164.6447421, 157.68145176, 161.11953484, 167.00559364, 178.57875648, 178.86978651, 185.80678529, 185.9226224, 185.47104361, 182.30618814, 177.8030283, 171.40877145, 190.02008794, 198.14653364, 190.47230587, 183.65531885, 187.36345366]",-18.04864251127197,-10.26435169913793,NULL,-999,116.50882226375073,-0.37737765791395284,0
aave_2025-12-15,aave,AAVE,2025-12-15T00:00:00Z,188.56559126033687,259205804.77386385,2860284528.5322623,12,Decentralized Finance (DeFi),coinup,"[173.88884898, 178.33101762, 172.96001764, 168.78596097, 178.10577642, 174.22067227, 164.6447421, 157.68145176, 161.11953484, 167.00559364, 178.57875648, 178.86978651, 185.80678529, 185.9226224, 185.47104361, 182.30618814, 177.8030283, 171.40877145, 190.02008794, 198.14653364, 190.47230587, 183.65531885, 187.36345366, 187.12599017, 191.60373901, 202.62910245, 196.95586681, 202.75329843, 191.44633322, 197.62415149]",-6.997522250576482,8.440301014737116,NULL,-999,116.77302666842905,-0.38072993122477883,0
aave_2025-12-22,aave,AAVE,2025-12-22T00:00:00Z,165.03342416837077,375010108.248415,2507342908.2048144,12,Decentralized Finance (DeFi),coinup,"[157.68145176, 161.11953484, 167.00559364, 178.57875648, 178.86978651, 185.80678529, 185.9226224, 185.47104361, 182.30618814, 177.8030283, 171.40877145, 190.02008794, 198.14653364, 190.47230587, 183.65531885, 187.36345366, 187.12599017, 191.60373901, 202.62910245, 196.95586681, 202.75329843, 191.44633322, 197.62415149, 188.56559126, 193.31363283, 185.95754111, 179.69105012, 173.55065069, 181.37730721, 179.89776596]",-18.603827683812934,4.66254738650802,NULL,-999,107.26450689279407,-0.350043741543165,0
aave_2025-12-29,aave,AAVE,2025-12-29T00:00:00Z,153.46645965560592,203993352.6606436,2331695295.0544944,12,Decentralized Finance (DeFi),coinup,"[185.47104361, 182.30618814, 177.8030283, 171.40877145, 190.02008794, 198.14653364, 190.47230587, 183.65531885, 187.36345366, 187.12599017, 191.60373901, 202.62910245, 196.95586681, 202.75329843, 191.44633322, 197.62415149, 188.56559126, 193.31363283, 185.95754111, 179.69105012, 173.55065069, 181.37730721, 179.89776596, 165.03342417, 150.12308653, 150.77710673, 148.4353198, 149.09238562, 154.1832156, 157.04114151]",-24.308772857196015,-17.255838610924712,NULL,-999,96.88713951343787,-0.3686754765121819,0
aave_2026-01-05,aave,AAVE,2026-01-05T00:00:00Z,164.78825399721688,164489688.98346525,2501720963.285847,13,Decentralized Finance (DeFi),coinup,"[183.65531885, 187.36345366, 187.12599017, 191.60373901, 202.62910245, 196.95586681, 202.75329843, 191.44633322, 197.62415149, 188.56559126, 193.31363283, 185.95754111, 179.69105012, 173.55065069, 181.37730721, 179.89776596, 165.03342417, 150.12308653, 150.77710673, 148.4353198, 149.09238562, 154.1832156, 157.04114151, 153.46645966, 149.25963346, 149.30108496, 145.97631748, 149.03818457, 165.55099143, 162.6064435]",-18.7247481191647,-10.273083825894657,NULL,-999,94.61175399012659,-0.42585862951297193,0
aave_2026-01-12,aave,AAVE,2026-01-12T00:00:00Z,171.7057667167596,174692829.55145013,2607260231.282839,12,Decentralized Finance (DeFi),coinup,"[191.44633322, 197.62415149, 188.56559126, 193.31363283, 185.95754111, 179.69105012, 173.55065069, 181.37730721, 179.89776596, 165.03342417, 150.12308653, 150.77710673, 148.4353198, 149.09238562, 154.1832156, 157.04114151, 153.46645966, 149.25963346, 149.30108496, 145.97631748, 149.03818457, 165.55099143, 162.6064435, 164.788254, 171.29099361, 175.82745565, 167.49850341, 164.34967105, 169.03228146, 170.41994946]",-13.114988516654869,-10.311279497624737,NULL,-999,94.64228915166937,-0.4488112370285833,0
aave_2026-01-19,aave,AAVE,2026-01-19T00:00:00Z,168.45894820220448,238417984.37434602,2557805660.850171,12,Decentralized Finance (DeFi),coinup,"[181.37730721, 179.89776596, 165.03342417, 150.12308653, 150.77710673, 148.4353198, 149.09238562, 154.1832156, 157.04114151, 153.46645966, 149.25963346, 149.30108496, 145.97631748, 149.03818457, 165.55099143, 162.6064435, 164.788254, 171.29099361, 175.82745565, 167.49850341, 164.34967105, 169.03228146, 170.41994946, 171.70576672, 167.21918932, 179.86774568, 180.58144991, 173.80341478, 178.52754598, 173.80123121]",-7.122367845697919,-7.122367845697919,NULL,-999,101.17101878184901,-0.39943220670942625,0
aave_2026-01-26,aave,AAVE,2026-01-26T00:00:00Z,150.8478424144644,267565407.5246319,2290705138.289545,12,Decentralized Finance (DeFi),coinup,"[154.1832156, 157.04114151, 153.46645966, 149.25963346, 149.30108496, 145.97631748, 149.03818457, 165.55099143, 162.6064435, 164.788254, 171.29099361, 175.82745565, 167.49850341, 164.34967105, 169.03228146, 170.41994946, 171.70576672, 167.21918932, 179.86774568, 180.58144991, 173.80341478, 178.52754598, 173.80123121, 168.4589482, 166.7300411, 157.72829824, 162.6074467, 159.889178, 159.73790369, 162.10477525]",-16.46548275509563,-2.16325309852754,NULL,-999,94.1232272986315,-0.37603862413874156,0
aave_2026-02-02,aave,AAVE,2026-02-02T00:00:00Z,127.33558313321451,318696501.1630881,1933875966.0939133,12,Decentralized Finance (DeFi),coinup,"[165.55099143, 162.6064435, 164.788254, 171.29099361, 175.82745565, 167.49850341, 164.34967105, 169.03228146, 170.41994946, 171.70576672, 167.21918932, 179.86774568, 180.58144991, 173.80341478, 178.52754598, 173.80123121, 168.4589482, 166.7300411, 157.72829824, 162.6074467, 159.889178, 159.73790369, 162.10477525, 150.84784241, 156.91256096, 161.42877302, 162.24621579, 149.90489926, 141.36529285, 131.40497413]",-29.48578982054093,-23.08376891236781,NULL,-999,93.25203411407958,-0.26766712163620276,0
aave_2026-02-09,aave,AAVE,2026-02-09T00:00:00Z,116.60858280024297,263400374.33172098,1771282330.5484388,12,Decentralized Finance (DeFi),coinup,"[169.03228146, 170.41994946, 171.70576672, 167.21918932, 179.86774568, 180.58144991, 173.80341478, 178.52754598, 173.80123121, 168.4589482, 166.7300411, 157.72829824, 162.6074467, 159.889178, 159.73790369, 162.10477525, 150.84784241, 156.91256096, 161.42877302, 162.24621579, 149.90489926, 141.36529285, 131.40497413, 127.33558313, 130.72740054, 127.46738627, 125.84901978, 102.79143061, 115.25429282, 117.06540101]",-35.4260457761991,-31.014015906329284,NULL,-999,95.75261036516471,-0.17885452283392989,0
aave_2026-02-16,aave,AAVE,2026-02-16T00:00:00Z,128.30926810623674,358698340.83131415,1949199705.7744565,12,Decentralized Finance (DeFi),coinup,"[178.52754598, 173.80123121, 168.4589482, 166.7300411, 157.72829824, 162.6074467, 159.889178, 159.73790369, 162.10477525, 150.84784241, 156.91256096, 161.42877302, 162.24621579, 149.90489926, 141.36529285, 131.40497413, 127.33558313, 130.72740054, 127.46738627, 125.84901978, 102.79143061, 115.25429282, 117.06540101, 116.6085828, 112.79344264, 109.43585434, 110.8104571, 117.40945498, 122.11164668, 131.33599957]",-28.1291481368786,-28.1291481368786,NULL,-999,90.02138326952533,-0.29840311149627974,0
aave_2026-02-23,aave,AAVE,2026-02-23T00:00:00Z,118.57551802067194,182346491.53692675,1801240762.5461092,12,Decentralized Finance (DeFi),coinup,"[159.73790369, 162.10477525, 150.84784241, 156.91256096, 161.42877302, 162.24621579, 149.90489926, 141.36529285, 131.40497413, 127.33558313, 130.72740054, 127.46738627, 125.84901978, 102.79143061, 115.25429282, 117.06540101, 116.6085828, 112.79344264, 109.43585434, 110.8104571, 117.40945498, 122.11164668, 131.33599957, 128.30926811, 129.50445826, 130.53018467, 126.02208227, 128.98654817, 118.30250917, 125.40118408]",-26.91631207565599,-25.76870280731751,NULL,-999,86.61130077997036,-0.269568438529858,0
aave_2026-03-02,aave,AAVE,2026-03-02T00:00:00Z,116.13224149381618,424325905.8959538,1764274406.917217,12,Decentralized Finance (DeFi),coinup,"[141.36529285, 131.40497413, 127.33558313, 130.72740054, 127.46738627, 125.84901978, 102.79143061, 115.25429282, 117.06540101, 116.6085828, 112.79344264, 109.43585434, 110.8104571, 117.40945498, 122.11164668, 131.33599957, 128.30926811, 129.50445826, 130.53018467, 126.02208227, 128.98654817, 118.30250917, 125.40118408, 118.57551802, 118.1587656, 118.54650478, 121.60151783, 118.07819032, 116.6612284, 117.00205674]",-17.84953777962007,-17.84953777962007,NULL,-999,82.78232011642115,-0.2871719425063439,0
aave_2026-03-09,aave,AAVE,2026-03-09T00:00:00Z,110.70998566600242,223625264.10236385,1680867884.426374,12,Decentralized Finance (DeFi),coinup,"[115.25429282, 117.06540101, 116.6085828, 112.79344264, 109.43585434, 110.8104571, 117.40945498, 122.11164668, 131.33599957, 128.30926811, 129.50445826, 130.53018467, 126.02208227, 128.98654817, 118.30250917, 125.40118408, 118.57551802, 118.1587656, 118.54650478, 121.60151783, 118.07819032, 116.6612284, 117.00205674, 116.13224149, 124.26389178, 113.51692113, 118.58257761, 120.16340317, 115.28095599, 116.50882226]",-15.704767901642914,-3.9428528402676855,NULL,-999,60.93207129202708,-0.44962443156797804,0
aave_2026-03-16,aave,AAVE,2026-03-16T00:00:00Z,119.67680999630868,394674130.22664714,1817065516.169666,12,Decentralized Finance (DeFi),coinup,"[122.11164668, 131.33599957, 128.30926811, 129.50445826, 130.53018467, 126.02208227, 128.98654817, 118.30250917, 125.40118408, 118.57551802, 118.1587656, 118.54650478, 121.60151783, 118.07819032, 116.6612284, 117.00205674, 116.13224149, 124.26389178, 113.51692113, 118.58257761, 120.16340317, 115.28095599, 116.50882226, 110.70998567, 110.74123922, 115.60317177, 110.42087084, 115.96504462, 114.99713671, 116.77302667]",-8.877375290567214,-1.99394304636078,NULL,-999,67.06858780570695,-0.4395857659660579,0
aave_2026-03-23,aave,AAVE,2026-03-23T00:00:00Z,110.99450349963693,250994267.53245106,1685458166.6472933,12,Decentralized Finance (DeFi),coinup,"[118.30250917, 125.40118408, 118.57551802, 118.1587656, 118.54650478, 121.60151783, 118.07819032, 116.6612284, 117.00205674, 116.13224149, 124.26389178, 113.51692113, 118.58257761, 120.16340317, 115.28095599, 116.50882226, 110.70998567, 110.74123922, 115.60317177, 110.42087084, 115.96504462, 114.99713671, 116.77302667, 119.67681, 123.95996777, 122.76481851, 118.48671507, 115.12492953, 111.49684435, 107.26450689]",-11.488472524258398,-6.177388559107877,NULL,-999,75.99412445214746,-0.31533434489036627,0
aave_2026-03-30,aave,AAVE,2026-03-30T00:00:00Z,95.58712731864807,123034834.96663776,1451540105.5583203,13,Decentralized Finance (DeFi),coinup,"[116.6612284, 117.00205674, 116.13224149, 124.26389178, 113.51692113, 118.58257761, 120.16340317, 115.28095599, 116.50882226, 110.70998567, 110.74123922, 115.60317177, 110.42087084, 115.96504462, 114.99713671, 116.77302667, 119.67681, 123.95996777, 122.76481851, 118.48671507, 115.12492953, 111.49684435, 107.26450689, 110.9945035, 113.34701404, 117.06205814, 116.41222948, 109.73582828, 98.56857326, 96.88713951]",-23.07731075276167,-18.064357256270902,NULL,-999,93.88898743543866,-0.01776536162184794,0
aave_2026-04-06,aave,AAVE,2026-04-06T00:00:00Z,94.87370590016386,183723658.7645237,1441060757.961314,14,Decentralized Finance (DeFi),coinup,"[115.28095599, 116.50882226, 110.70998567, 110.74123922, 115.60317177, 110.42087084, 115.96504462, 114.99713671, 116.77302667, 119.67681, 123.95996777, 122.76481851, 118.48671507, 115.12492953, 111.49684435, 107.26450689, 110.9945035, 113.34701404, 117.06205814, 116.41222948, 109.73582828, 98.56857326, 96.88713951, 95.58712732, 96.75914776, 97.99402674, 98.17324335, 94.46787218, 94.77207115, 94.61175399]",-23.464238008712968,-17.702186729929046,NULL,-999,88.56515465632599,-0.06649420072697898,0
aave_2026-04-13,aave,AAVE,2026-04-13T00:00:00Z,89.94853692112257,171365273.60092455,1364045292.4271731,14,Decentralized Finance (DeFi),coinup,"[114.99713671, 116.77302667, 119.67681, 123.95996777, 122.76481851, 118.48671507, 115.12492953, 111.49684435, 107.26450689, 110.9945035, 113.34701404, 117.06205814, 116.41222948, 109.73582828, 98.56857326, 96.88713951, 95.58712732, 96.75914776, 97.99402674, 98.17324335, 94.46787218, 94.77207115, 94.61175399, 94.8737059, 93.14233096, 96.19146945, 91.75824405, 90.59541343, 93.81034509, 94.64228915]",-27.43743118347355,-21.78193344983712,NULL,-999,98.08650576980592,0.09047360999122955,1
aave_2026-04-20,aave,AAVE,2026-04-20T00:00:00Z,90.33642420501086,719403715.1276923,1370718318.3989153,14,Decentralized Finance (DeFi),coinup,"[111.49684435, 107.26450689, 110.9945035, 113.34701404, 117.06205814, 116.41222948, 109.73582828, 98.56857326, 96.88713951, 95.58712732, 96.75914776, 97.99402674, 98.17324335, 94.46787218, 94.77207115, 94.61175399, 94.8737059, 93.14233096, 96.19146945, 91.75824405, 90.59541343, 93.81034509, 94.64228915, 89.94853692, 103.85670179, 100.37591053, 105.72803247, 115.45585014, 115.00994619, 101.17101878]",-22.83031270864634,-18.97849241332745,NULL,-999,89.9129364614221,-0.004687895799679653,0
aave_2026-04-27,aave,AAVE,2026-04-27T00:00:00Z,96.60549742841738,194308152.29230788,1466097643.1244705,14,Decentralized Finance (DeFi),coinup,"[98.56857326, 96.88713951, 95.58712732, 96.75914776, 97.99402674, 98.17324335, 94.46787218, 94.77207115, 94.61175399, 94.8737059, 93.14233096, 96.19146945, 91.75824405, 90.59541343, 93.81034509, 94.64228915, 89.94853692, 103.85670179, 100.37591053, 105.72803247, 115.45585014, 115.00994619, 101.17101878, 90.33642421, 90.68936301, 91.87316698, 94.06575723, 94.37772007, 94.38799995, 94.1232273]",-16.32689265116827,-1.991583898608107,NULL,-999,91.94827938580329,-0.04820862338672793,0
aave_2026-05-04,aave,AAVE,2026-05-04T00:00:00Z,92.35638759905221,191527912.73817453,1401814542.2294874,14,Decentralized Finance (DeFi),coinup,"[94.77207115, 94.61175399, 94.8737059, 93.14233096, 96.19146945, 91.75824405, 90.59541343, 93.81034509, 94.64228915, 89.94853692, 103.85670179, 100.37591053, 105.72803247, 115.45585014, 115.00994619, 101.17101878, 90.33642421, 90.68936301, 91.87316698, 94.06575723, 94.37772007, 94.38799995, 94.1232273, 96.60549743, 97.59268263, 96.49004962, 93.28657439, 92.82650504, 92.05633561, 93.25203411]",-20.007182410587944,-2.548940338714878,NULL,-999,90.56920676767379,-0.019350917438836324,0
aave_2026-05-11,aave,AAVE,2026-05-11T00:00:00Z,102.01348727922095,406116487.0680483,1517817916.474915,14,Decentralized Finance (DeFi),coinup,"[93.81034509, 94.64228915, 89.94853692, 103.85670179, 100.37591053, 105.72803247, 115.45585014, 115.00994619, 101.17101878, 90.33642421, 90.68936301, 91.87316698, 94.06575723, 94.37772007, 94.38799995, 94.1232273, 96.60549743, 97.59268263, 96.49004962, 93.28657439, 92.82650504, 92.05633561, 93.25203411, 92.3563876, 92.25105256, 93.5050502, 94.30724203, 92.43822503, 95.83521362, 95.75261037]",-11.642859885196799,8.744389740790304,NULL,-999,91.19198380519849,-0.10607914465665647,0
aave_2026-05-18,aave,AAVE,2026-05-18T00:00:00Z,89.16389931325526,164026762.79933015,1326711209.068426,14,Decentralized Finance (DeFi),coinup,"[115.00994619, 101.17101878, 90.33642421, 90.68936301, 91.87316698, 94.06575723, 94.37772007, 94.38799995, 94.1232273, 96.60549743, 97.59268263, 96.49004962, 93.28657439, 92.82650504, 92.05633561, 93.25203411, 92.3563876, 92.25105256, 93.5050502, 94.30724203, 92.43822503, 95.83521362, 95.75261037, 102.01348728, 101.07583168, 96.69117469, 96.38500927, 98.28571596, 92.84403624, 90.02138327]",-22.47287972203341,-22.47287972203341,NULL,-999,86.1325782078518,-0.03399717967418259,0
aave_2026-05-25,aave,AAVE,2026-05-25T00:00:00Z,85.54168730486207,136780840.64355463,1272839272.8846912,14,Decentralized Finance (DeFi),coinup,"[94.38799995, 94.1232273, 96.60549743, 97.59268263, 96.49004962, 93.28657439, 92.82650504, 92.05633561, 93.25203411, 92.3563876, 92.25105256, 93.5050502, 94.30724203, 92.43822503, 95.83521362, 95.75261037, 102.01348728, 101.07583168, 96.69117469, 96.38500927, 98.28571596, 92.84403624, 90.02138327, 89.16389931, 89.41020545, 87.41356919, 87.97754572, 88.01820196, 85.99917539, 86.61130078]",-16.146688456276326,-9.372285301744354,NULL,-999,126.57098136158443,0.4796409253712526,1
aave_2026-06-01,aave,AAVE,2026-06-01T00:00:00Z,82.05125463592765,121293155.26290119,1221179056.3101764,14,Decentralized Finance (DeFi),coinup,"[92.05633561, 93.25203411, 92.3563876, 92.25105256, 93.5050502, 94.30724203, 92.43822503, 95.83521362, 95.75261037, 102.01348728, 101.07583168, 96.69117469, 96.38500927, 98.28571596, 92.84403624, 90.02138327, 89.16389931, 89.41020545, 87.41356919, 87.97754572, 88.01820196, 85.99917539, 86.61130078, 85.5416873, 86.33412838, 85.74891717, 83.22156313, 80.7490703, 82.39308323, 82.78232012]",-19.568228844735703,-10.868432799377736,NULL,-999,126.76906677228531,0.544998517509288,1
aave_2026-06-08,aave,AAVE,2026-06-08T00:00:00Z,63.64395268465514,198959864.6054217,947371819.8731427,14,Decentralized Finance (DeFi),coinup,"[95.83521362, 95.75261037, 102.01348728, 101.07583168, 96.69117469, 96.38500927, 98.28571596, 92.84403624, 90.02138327, 89.16389931, 89.41020545, 87.41356919, 87.97754572, 88.01820196, 85.99917539, 86.61130078, 85.5416873, 86.33412838, 85.74891717, 83.22156313, 80.7490703, 82.39308323, 82.78232012, 82.05125464, 80.19032053, 73.53517785, 74.32524824, 71.26414752, 62.25558248, 60.93207129]",-37.61221738214342,-33.59022192012077,NULL,-999,134.42213792855452,1.1120960006144358,1
uniswap_2025-10-20,uniswap,UNI,2025-10-20T00:00:00Z,6.260536814199903,218787531.18324265,3760023751.336805,11,Decentralized Exchange (DEX),websea,"[9.16238969, 9.18901169, 9.05258798, 8.22958589, 8.0687308, 7.911956, 7.4921926, 7.62043558, 7.61906586, 7.75239678, 7.74266846, 7.6351321, 8.06820865, 8.35709282, 8.18525419, 8.0242742, 8.05591117, 8.3731734, 7.77028436, 8.07559579, 7.85975707, 5.81377351, 5.85791388, 6.6254712, 7.06082109, 6.82606097, 6.57719983, 6.27642525, 6.14105078, 6.02840275]",-31.86931273768706,-31.671354035398835,NULL,-999,5.349451534026775,-0.14552830008229334,0
uniswap_2025-10-27,uniswap,UNI,2025-10-27T00:00:00Z,6.659441461766934,239796786.03028503,4000712623.073277,11,Decentralized Exchange (DEX),websea,"[7.62043558, 7.61906586, 7.75239678, 7.74266846, 7.6351321, 8.06820865, 8.35709282, 8.18525419, 8.0242742, 8.05591117, 8.3731734, 7.77028436, 8.07559579, 7.85975707, 5.81377351, 5.85791388, 6.6254712, 7.06082109, 6.82606097, 6.57719983, 6.27642525, 6.14105078, 6.02840275, 6.26053681, 6.33980272, 6.25555965, 6.04021918, 6.31516943, 6.24952668, 6.24870413]",-20.46693475978293,-12.610750466646714,NULL,-999,5.218091783206421,-0.21643702205891657,0
uniswap_2025-11-03,uniswap,UNI,2025-11-03T00:00:00Z,5.866621155989886,160007241.8280795,3523360190.4103613,11,Decentralized Exchange (DEX),websea,"[8.18525419, 8.0242742, 8.05591117, 8.3731734, 7.77028436, 8.07559579, 7.85975707, 5.81377351, 5.85791388, 6.6254712, 7.06082109, 6.82606097, 6.57719983, 6.27642525, 6.14105078, 6.02840275, 6.26053681, 6.33980272, 6.25555965, 6.04021918, 6.31516943, 6.24952668, 6.24870413, 6.65944146, 6.51219566, 6.34422012, 6.29445497, 5.84096985, 5.74234343, 5.86124916]",-29.935510985754355,-28.326952128855332,NULL,-999,4.069430793561665,-0.30634164276881415,0
uniswap_2025-11-10,uniswap,UNI,2025-11-10T00:00:00Z,6.573186091628085,454325914.7246923,4136080239.7438,11,Decentralized Exchange (DEX),websea,"[5.81377351, 5.85791388, 6.6254712, 7.06082109, 6.82606097, 6.57719983, 6.27642525, 6.14105078, 6.02840275, 6.26053681, 6.33980272, 6.25555965, 6.04021918, 6.31516943, 6.24952668, 6.24870413, 6.65944146, 6.51219566, 6.34422012, 6.29445497, 5.84096985, 5.74234343, 5.86124916, 5.86662116, 5.19373916, 5.07768759, 5.35084718, 5.246355, 5.88787974, 5.99731465]",-6.906208043504258,13.06230081598423,NULL,-999,3.7414175472621474,-0.43080608169189216,0
uniswap_2025-11-17,uniswap,UNI,2025-11-17T00:00:00Z,7.177166256445104,827748947.656936,4524550098.761782,11,Decentralized Exchange (DEX),websea,"[6.14105078, 6.02840275, 6.26053681, 6.33980272, 6.25555965, 6.04021918, 6.31516943, 6.24952668, 6.24870413, 6.65944146, 6.51219566, 6.34422012, 6.29445497, 5.84096985, 5.74234343, 5.86124916, 5.86662116, 5.19373916, 5.07768759, 5.35084718, 5.246355, 5.88787974, 5.99731465, 6.57318609, 9.41159279, 8.24496955, 7.57195605, 7.74631322, 6.98153806, 7.33885326]",-23.741215585872265,16.871957436654526,NULL,-999,3.768503656513361,-0.4749315367845576,0
uniswap_2025-11-24,uniswap,UNI,2025-11-24T00:00:00Z,6.120298350190832,341747715.92440414,3857022811.9908648,10,Decentralized Exchange (DEX),websea,"[6.24952668, 6.24870413, 6.65944146, 6.51219566, 6.34422012, 6.29445497, 5.84096985, 5.74234343, 5.86124916, 5.86662116, 5.19373916, 5.07768759, 5.35084718, 5.246355, 5.88787974, 5.99731465, 6.57318609, 9.41159279, 8.24496955, 7.57195605, 7.74631322, 6.98153806, 7.33885326, 7.17716626, 7.39976258, 7.48238839, 7.19679597, 6.58328977, 6.42915924, 6.1631313]",-34.97064220600667,-2.067809897756312,NULL,-999,3.6102070813133147,-0.4101256385318621,0
uniswap_2025-12-01,uniswap,UNI,2025-12-01T00:00:00Z,6.054843829394884,258583757.40086228,3814157582.4336686,10,Decentralized Exchange (DEX),websea,"[5.74234343, 5.86124916, 5.86662116, 5.19373916, 5.07768759, 5.35084718, 5.246355, 5.88787974, 5.99731465, 6.57318609, 9.41159279, 8.24496955, 7.57195605, 7.74631322, 6.98153806, 7.33885326, 7.17716626, 7.39976258, 7.48238839, 7.19679597, 6.58328977, 6.42915924, 6.1631313, 6.12029835, 6.28533067, 6.23547901, 6.29883526, 6.14106406, 6.1329507, 6.06212111]",-35.66610919283115,5.442036053766008,NULL,-999,3.990462962903701,-0.34094700452373117,0
uniswap_2025-12-08,uniswap,UNI,2025-12-08T00:00:00Z,5.448077616689571,278067585.2274162,3431056559.3226585,11,Decentralized Exchange (DEX),websea,"[5.88787974, 5.99731465, 6.57318609, 9.41159279, 8.24496955, 7.57195605, 7.74631322, 6.98153806, 7.33885326, 7.17716626, 7.39976258, 7.48238839, 7.19679597, 6.58328977, 6.42915924, 6.1631313, 6.12029835, 6.28533067, 6.23547901, 6.29883526, 6.14106406, 6.1329507, 6.06212111, 6.05484383, 5.60780641, 5.92757709, 6.11672612, 5.95972867, 5.48559047, 5.5630402]",-42.113117963586554,-7.4696180303635895,NULL,-999,3.765103356618868,-0.308911579180719,0
uniswap_2025-12-15,uniswap,UNI,2025-12-15T00:00:00Z,5.319404056162405,196761487.5380044,3347094625.025542,10,Decentralized Exchange (DEX),websea,"[6.98153806, 7.33885326, 7.17716626, 7.39976258, 7.48238839, 7.19679597, 6.58328977, 6.42915924, 6.1631313, 6.12029835, 6.28533067, 6.23547901, 6.29883526, 6.14106406, 6.1329507, 6.06212111, 6.05484383, 5.60780641, 5.92757709, 6.11672612, 5.95972867, 5.48559047, 5.5630402, 5.44807762, 5.61509636, 5.75154439, 5.60468331, 5.55029658, 5.42116322, 5.50736565]",-28.907672559672715,-23.8075619912391,NULL,-999,3.9426689958765033,-0.25881377796277505,0
uniswap_2025-12-22,uniswap,UNI,2025-12-22T00:00:00Z,6.133217168806612,674376438.3043883,3863004426.977507,10,Decentralized Exchange (DEX),websea,"[6.42915924, 6.1631313, 6.12029835, 6.28533067, 6.23547901, 6.29883526, 6.14106406, 6.1329507, 6.06212111, 6.05484383, 5.60780641, 5.92757709, 6.11672612, 5.95972867, 5.48559047, 5.5630402, 5.44807762, 5.61509636, 5.75154439, 5.60468331, 5.55029658, 5.42116322, 5.50736565, 5.31940406, 5.07757157, 5.19741209, 4.95966687, 4.95694383, 5.31433404, 6.25846447]",-4.603122408160909,-4.603122408160909,NULL,-999,3.440440658248864,-0.4390479639711996,0
uniswap_2025-12-29,uniswap,UNI,2025-12-29T00:00:00Z,6.2157907865648365,582450343.6450361,3909878630.559171,10,Decentralized Exchange (DEX),websea,"[6.1329507, 6.06212111, 6.05484383, 5.60780641, 5.92757709, 6.11672612, 5.95972867, 5.48559047, 5.5630402, 5.44807762, 5.61509636, 5.75154439, 5.60468331, 5.55029658, 5.42116322, 5.50736565, 5.31940406, 5.07757157, 5.19741209, 4.95966687, 4.95694383, 5.31433404, 6.25846447, 6.13321717, 6.00160495, 5.8092928, 5.77237273, 5.80899349, 5.82692384, 5.96308323]",-0.6818554852549785,1.3507377814613974,NULL,-999,3.3843777162076036,-0.4555193647246316,0
uniswap_2026-01-05,uniswap,UNI,2026-01-05T00:00:00Z,5.874652127284317,275498205.40550125,3601316199.0363603,10,Decentralized Exchange (DEX),websea,"[5.48559047, 5.5630402, 5.44807762, 5.61509636, 5.75154439, 5.60468331, 5.55029658, 5.42116322, 5.50736565, 5.31940406, 5.07757157, 5.19741209, 4.95966687, 4.95694383, 5.31433404, 6.25846447, 6.13321717, 6.00160495, 5.8092928, 5.77237273, 5.80899349, 5.82692384, 5.96308323, 6.21579079, 5.98532081, 5.91926571, 5.64267149, 5.80574983, 6.05400311, 5.91098938]",-6.132691883291718,7.092429891180663,NULL,-999,3.12963713842479,-0.46726426167611534,0
uniswap_2026-01-12,uniswap,UNI,2026-01-12T00:00:00Z,5.63583265250699,170270681.94916284,3482551705.7452307,10,Decentralized Exchange (DEX),websea,"[5.42116322, 5.50736565, 5.31940406, 5.07757157, 5.19741209, 4.95966687, 4.95694383, 5.31433404, 6.25846447, 6.13321717, 6.00160495, 5.8092928, 5.77237273, 5.80899349, 5.82692384, 5.96308323, 6.21579079, 5.98532081, 5.91926571, 5.64267149, 5.80574983, 6.05400311, 5.91098938, 5.87465213, 6.18150186, 6.05647815, 5.71664014, 5.48562277, 5.57589219, 5.66643871]",-9.948635489395352,3.95984074864395,NULL,-999,3.1530274782055563,-0.4405391940083613,0
uniswap_2026-01-19,uniswap,UNI,2026-01-19T00:00:00Z,5.16309968225748,190377109.53284335,3189940026.744169,11,Decentralized Exchange (DEX),websea,"[5.31433404, 6.25846447, 6.13321717, 6.00160495, 5.8092928, 5.77237273, 5.80899349, 5.82692384, 5.96308323, 6.21579079, 5.98532081, 5.91926571, 5.64267149, 5.80574983, 6.05400311, 5.91098938, 5.87465213, 6.18150186, 6.05647815, 5.71664014, 5.48562277, 5.57589219, 5.66643871, 5.63583265, 5.49889374, 5.8504194, 5.77855065, 5.45773219, 5.47170654, 5.34945153]",-17.50213319681627,-2.8457818471740004,NULL,-999,3.3501307428177167,-0.351139635298901,0
uniswap_2026-01-26,uniswap,UNI,2026-01-26T00:00:00Z,4.811999484541874,208957590.29689866,2972920038.7519093,11,Decentralized Exchange (DEX),websea,"[5.82692384, 5.96308323, 6.21579079, 5.98532081, 5.91926571, 5.64267149, 5.80574983, 6.05400311, 5.91098938, 5.87465213, 6.18150186, 6.05647815, 5.71664014, 5.48562277, 5.57589219, 5.66643871, 5.63583265, 5.49889374, 5.8504194, 5.77855065, 5.45773219, 5.47170654, 5.34945153, 5.16309968, 5.12947678, 4.94762615, 5.09290848, 5.06101117, 5.10118663, 5.21809178]",-22.584275279296662,-17.417841463691385,NULL,-999,3.2580420815813533,-0.32293382573137686,0
uniswap_2026-02-02,uniswap,UNI,2026-02-02T00:00:00Z,4.004596420163989,268512927.502797,2473259598.661007,11,Decentralized Exchange (DEX),websea,"[6.05400311, 5.91098938, 5.87465213, 6.18150186, 6.05647815, 5.71664014, 5.48562277, 5.57589219, 5.66643871, 5.63583265, 5.49889374, 5.8504194, 5.77855065, 5.45773219, 5.47170654, 5.34945153, 5.16309968, 5.12947678, 4.94762615, 5.09290848, 5.06101117, 5.10118663, 5.21809178, 4.81199948, 4.84508325, 5.00764195, 5.05184001, 4.56212256, 4.39982711, 4.06943079]",-35.21644886450126,-33.85209181877901,NULL,-999,3.253757230338984,-0.1874943467572341,0
uniswap_2026-02-09,uniswap,UNI,2026-02-09T00:00:00Z,3.816447995689454,133603332.56965253,2355554471.6157904,10,Decentralized Exchange (DEX),websea,"[5.57589219, 5.66643871, 5.63583265, 5.49889374, 5.8504194, 5.77855065, 5.45773219, 5.47170654, 5.34945153, 5.16309968, 5.12947678, 4.94762615, 5.09290848, 5.06101117, 5.10118663, 5.21809178, 4.81199948, 4.84508325, 5.00764195, 5.05184001, 4.56212256, 4.39982711, 4.06943079, 4.00459642, 4.08248276, 4.01106702, 3.96112411, 3.30081173, 3.66704493, 3.74141755]",-34.76624950430129,-31.554487287343235,NULL,-999,3.8069030830273793,-0.002500993770347626,0
uniswap_2026-02-16,uniswap,UNI,2026-02-16T00:00:00Z,3.674473756830017,229354788.21341103,2267351265.958186,10,Decentralized Exchange (DEX),websea,"[5.47170654, 5.34945153, 5.16309968, 5.12947678, 4.94762615, 5.09290848, 5.06101117, 5.10118663, 5.21809178, 4.81199948, 4.84508325, 5.00764195, 5.05184001, 4.56212256, 4.39982711, 4.06943079, 4.00459642, 4.08248276, 4.01106702, 3.96112411, 3.30081173, 3.66704493, 3.74141755, 3.816448, 3.49367189, 3.36349487, 3.4331627, 3.36692938, 3.56396543, 3.76850366]",-32.845927909967365,-32.845927909967365,NULL,-999,3.485711859282093,-0.05137113775736146,0
uniswap_2026-02-23,uniswap,UNI,2026-02-23T00:00:00Z,3.640186259844331,144854168.07982323,2245720780.9114695,10,Decentralized Exchange (DEX),websea,"[5.10118663, 5.21809178, 4.81199948, 4.84508325, 5.00764195, 5.05184001, 4.56212256, 4.39982711, 4.06943079, 4.00459642, 4.08248276, 4.01106702, 3.96112411, 3.30081173, 3.66704493, 3.74141755, 3.816448, 3.49367189, 3.36349487, 3.4331627, 3.36692938, 3.56396543, 3.76850366, 3.67447376, 3.81895391, 3.81903358, 3.66947956, 3.6403058, 3.72754512, 3.61020708]",-30.23912933920254,-28.640402295121536,NULL,-999,3.4616335473817075,-0.04905043305950474,0
uniswap_2026-03-02,uniswap,UNI,2026-03-02T00:00:00Z,3.9533595800601007,221632945.57320514,2438280110.529965,11,Decentralized Exchange (DEX),websea,"[4.39982711, 4.06943079, 4.00459642, 4.08248276, 4.01106702, 3.96112411, 3.30081173, 3.66704493, 3.74141755, 3.816448, 3.49367189, 3.36349487, 3.4331627, 3.36692938, 3.56396543, 3.76850366, 3.67447376, 3.81895391, 3.81903358, 3.66947956, 3.6403058, 3.72754512, 3.61020708, 3.64018626, 3.57996777, 3.60598303, 4.12897817, 4.03225338, 3.96574164, 3.99046296]",-10.147388082288188,-10.147388082288188,NULL,-999,3.054861465927792,-0.22727457392546346,0
uniswap_2026-03-09,uniswap,UNI,2026-03-09T00:00:00Z,3.982502442086909,141169982.1581728,2455593211.350566,10,Decentralized Exchange (DEX),websea,"[3.66704493, 3.74141755, 3.816448, 3.49367189, 3.36349487, 3.4331627, 3.36692938, 3.56396543, 3.76850366, 3.67447376, 3.81895391, 3.81903358, 3.66947956, 3.6403058, 3.72754512, 3.61020708, 3.64018626, 3.57996777, 3.60598303, 4.12897817, 4.03225338, 3.96574164, 3.99046296, 3.95335958, 4.10538391, 4.13012592, 4.13790786, 4.16927734, 4.09769384, 3.76510336]",-4.479790692301866,8.60249920367342,NULL,-999,2.4642256870072803,-0.38123686731100215,0
uniswap_2026-03-16,uniswap,UNI,2026-03-16T00:00:00Z,4.350670617902022,159221372.20037618,2681942761.5915804,10,Decentralized Exchange (DEX),websea,"[3.56396543, 3.76850366, 3.67447376, 3.81895391, 3.81903358, 3.66947956, 3.6403058, 3.72754512, 3.61020708, 3.64018626, 3.57996777, 3.60598303, 4.12897817, 4.03225338, 3.96574164, 3.99046296, 3.95335958, 4.10538391, 4.13012592, 4.13790786, 4.16927734, 4.09769384, 3.76510336, 3.98250244, 4.06952828, 4.07289055, 3.8974698, 4.16642452, 4.1655718, 3.942669]",4.350712672277246,22.073872523015936,NULL,-999,2.5562552908193603,-0.4124456858901361,0
uniswap_2026-03-23,uniswap,UNI,2026-03-23T00:00:00Z,3.7639689680833697,160860702.98194295,2319115021.9962106,11,Decentralized Exchange (DEX),websea,"[3.72754512, 3.61020708, 3.64018626, 3.57996777, 3.60598303, 4.12897817, 4.03225338, 3.96574164, 3.99046296, 3.95335958, 4.10538391, 4.13012592, 4.13790786, 4.16927734, 4.09769384, 3.76510336, 3.98250244, 4.06952828, 4.07289055, 3.8974698, 4.16642452, 4.1655718, 3.942669, 4.35067062, 4.25815846, 4.13228612, 3.83249758, 3.7932545, 3.60777428, 3.44044066]",-13.485315284602517,0.9771536504497469,NULL,-999,3.0032254464385777,-0.20211205992810455,0
uniswap_2026-03-30,uniswap,UNI,2026-03-30T00:00:00Z,3.358659843163164,113565471.01117994,2068415657.3975568,11,Decentralized Exchange (DEX),websea,"[3.96574164, 3.99046296, 3.95335958, 4.10538391, 4.13012592, 4.13790786, 4.16927734, 4.09769384, 3.76510336, 3.98250244, 4.06952828, 4.07289055, 3.8974698, 4.16642452, 4.1655718, 3.942669, 4.35067062, 4.25815846, 4.13228612, 3.83249758, 3.7932545, 3.60777428, 3.44044066, 3.76396897, 3.78579801, 3.89111465, 3.91218522, 3.76076489, 3.38741878, 3.38437772]",-22.801330228424067,-15.308153060888486,NULL,-999,2.920372923027227,-0.130494584328957,0
uniswap_2026-04-06,uniswap,UNI,2026-04-06T00:00:00Z,3.1690967528853404,121136295.43542825,1950812080.93054,11,Decentralized Exchange (DEX),websea,"[4.09769384, 3.76510336, 3.98250244, 4.06952828, 4.07289055, 3.8974698, 4.16642452, 4.1655718, 3.942669, 4.35067062, 4.25815846, 4.13228612, 3.83249758, 3.7932545, 3.60777428, 3.44044066, 3.76396897, 3.78579801, 3.89111465, 3.91218522, 3.76076489, 3.38741878, 3.38437772, 3.35865984, 3.47348881, 3.53535804, 3.56543617, 3.17398624, 3.17156736, 3.12963714]",-27.158430706171444,-22.661456077703768,NULL,-999,3.215171772707212,0.014538849209927873,1
uniswap_2026-04-13,uniswap,UNI,2026-04-13T00:00:00Z,3.019542735793908,145312879.2368988,1872996789.0555112,11,Decentralized Exchange (DEX),websea,"[4.1655718, 3.942669, 4.35067062, 4.25815846, 4.13228612, 3.83249758, 3.7932545, 3.60777428, 3.44044066, 3.76396897, 3.78579801, 3.89111465, 3.91218522, 3.76076489, 3.38741878, 3.38437772, 3.35865984, 3.47348881, 3.53535804, 3.56543617, 3.17398624, 3.17156736, 3.12963714, 3.16909675, 3.09884878, 3.29834422, 3.11981651, 3.10683444, 3.16360419, 3.15302748]",-30.595924146287356,-27.511926752666948,NULL,-999,3.656743658554843,0.2110256348444759,1
uniswap_2026-04-20,uniswap,UNI,2026-04-20T00:00:00Z,3.230797064151193,183934854.90903124,2002866511.4638083,11,Decentralized Exchange (DEX),websea,"[3.60777428, 3.44044066, 3.76396897, 3.78579801, 3.89111465, 3.91218522, 3.76076489, 3.38741878, 3.38437772, 3.35865984, 3.47348881, 3.53535804, 3.56543617, 3.17398624, 3.17156736, 3.12963714, 3.16909675, 3.09884878, 3.29834422, 3.11981651, 3.10683444, 3.16360419, 3.15302748, 3.01954274, 3.24626998, 3.13535019, 3.22871481, 3.43144683, 3.45644127, 3.35013074]",-17.417073000398588,-10.449024460742729,NULL,-999,3.5673370944190177,0.10416625482363484,1
uniswap_2026-04-27,uniswap,UNI,2026-04-27T00:00:00Z,3.284449819664883,102662967.40873437,2035004157.2211566,11,Decentralized Exchange (DEX),websea,"[3.38741878, 3.38437772, 3.35865984, 3.47348881, 3.53535804, 3.56543617, 3.17398624, 3.17156736, 3.12963714, 3.16909675, 3.09884878, 3.29834422, 3.11981651, 3.10683444, 3.16360419, 3.15302748, 3.01954274, 3.24626998, 3.13535019, 3.22871481, 3.43144683, 3.45644127, 3.35013074, 3.23079706, 3.23298181, 3.2712613, 3.31838997, 3.29457469, 3.25463615, 3.25804208]",-7.880840873764782,-3.0397468923488935,NULL,-999,3.6669106709563004,0.1164459414181096,1
uniswap_2026-05-04,uniswap,UNI,2026-05-04T00:00:00Z,3.232323471985247,103763877.84876378,2001789342.2524111,11,Decentralized Exchange (DEX),websea,"[3.17156736, 3.12963714, 3.16909675, 3.09884878, 3.29834422, 3.11981651, 3.10683444, 3.16360419, 3.15302748, 3.01954274, 3.24626998, 3.13535019, 3.22871481, 3.43144683, 3.45644127, 3.35013074, 3.23079706, 3.23298181, 3.2712613, 3.31838997, 3.29457469, 3.25463615, 3.25804208, 3.28444982, 3.2508217, 3.24182895, 3.19171519, 3.18499242, 3.20401757, 3.25375723]",-6.484062090520815,1.9156494124149104,NULL,-999,4.082264577312691,0.26295050996409786,1
uniswap_2026-05-11,uniswap,UNI,2026-05-11T00:00:00Z,3.9928188573932872,565675513.5053259,2471808543.858474,10,Decentralized Exchange (DEX),websea,"[3.16360419, 3.15302748, 3.01954274, 3.24626998, 3.13535019, 3.22871481, 3.43144683, 3.45644127, 3.35013074, 3.23079706, 3.23298181, 3.2712613, 3.31838997, 3.29457469, 3.25463615, 3.25804208, 3.28444982, 3.2508217, 3.24182895, 3.19171519, 3.18499242, 3.20401757, 3.25375723, 3.23232347, 3.2724441, 3.35902124, 3.47614867, 3.43469187, 3.71013215, 3.80690308]",4.883648737862312,26.211074997986028,NULL,-999,4.003785154402613,0.0027465050133741453,1
uniswap_2026-05-18,uniswap,UNI,2026-05-18T00:00:00Z,3.4696904462835527,158779504.08411843,2147153853.8870728,10,Decentralized Exchange (DEX),websea,"[3.45644127, 3.35013074, 3.23079706, 3.23298181, 3.2712613, 3.31838997, 3.29457469, 3.25463615, 3.25804208, 3.28444982, 3.2508217, 3.24182895, 3.19171519, 3.18499242, 3.20401757, 3.25375723, 3.23232347, 3.2724441, 3.35902124, 3.47614867, 3.43469187, 3.71013215, 3.80690308, 3.99281886, 3.89191399, 3.76308685, 3.62234693, 3.73079341, 3.59936726, 3.48571186]",-13.10173162854823,0.38331842465018084,NULL,-999,3.2366861257715636,-0.06715420989833953,0
uniswap_2026-05-25,uniswap,UNI,2026-05-25T00:00:00Z,3.386698766684126,106413372.59953424,2094989951.364047,12,Decentralized Exchange (DEX),websea,"[3.25463615, 3.25804208, 3.28444982, 3.2508217, 3.24182895, 3.19171519, 3.18499242, 3.20401757, 3.25375723, 3.23232347, 3.2724441, 3.35902124, 3.47614867, 3.43469187, 3.71013215, 3.80690308, 3.99281886, 3.89191399, 3.76308685, 3.62234693, 3.73079341, 3.59936726, 3.48571186, 3.46969045, 3.54131352, 3.44767814, 3.61257703, 3.60238336, 3.39884944, 3.46163355]",-15.180255162010203,4.0576766980536805,NULL,-999,4.304580365289597,0.27102546220966617,1
uniswap_2026-06-01,uniswap,UNI,2026-06-01T00:00:00Z,3.021205970959714,102825896.01444891,1920005285.5606892,12,Decentralized Exchange (DEX),websea,"[3.20401757, 3.25375723, 3.23232347, 3.2724441, 3.35902124, 3.47614867, 3.43469187, 3.71013215, 3.80690308, 3.99281886, 3.89191399, 3.76308685, 3.62234693, 3.73079341, 3.59936726, 3.48571186, 3.46969045, 3.54131352, 3.44767814, 3.61257703, 3.60238336, 3.39884944, 3.46163355, 3.38669877, 3.32662521, 3.25116545, 3.09325257, 3.04969336, 3.01705244, 3.05486147]",-24.334008657429827,-5.705699107233908,NULL,-999,4.681964086027825,0.5497003948196737,1
uniswap_2026-06-08,uniswap,UNI,2026-06-08T00:00:00Z,2.5686651733806007,147090660.08834285,1599393655.975186,12,Decentralized Exchange (DEX),websea,"[3.71013215, 3.80690308, 3.99281886, 3.89191399, 3.76308685, 3.62234693, 3.73079341, 3.59936726, 3.48571186, 3.46969045, 3.54131352, 3.44767814, 3.61257703, 3.60238336, 3.39884944, 3.46163355, 3.38669877, 3.32662521, 3.25116545, 3.09325257, 3.04969336, 3.01705244, 3.05486147, 3.02120597, 2.97992097, 2.79736527, 2.79839614, 2.65198104, 2.46040636, 2.46422569]",-35.667876126553,-30.766207982070547,NULL,-999,7.048641772873636,1.7440874139298477,1
pepe_2025-10-20,pepe,PEPE,2025-10-20T00:00:00Z,6.99974141945119e-06,383451902.5655476,2944603369.7297535,13,BNB Chain Ecosystem,fameex,"[1.076e-05, 1.072e-05, 1.042e-05, 9.67e-06, 9.58e-06, 9.64e-06, 9.12e-06, 9.37e-06, 9.25e-06, 9.43e-06, 9.4e-06, 9.32e-06, 9.78e-06, 1.021e-05, 1.012e-05, 9.77e-06, 9.8e-06, 1.022e-05, 9.47e-06, 9.57e-06, 9.26e-06, 6.69e-06, 6.73e-06, 7.5e-06, 7.85e-06, 7.52e-06, 7.18e-06, 6.87e-06, 6.66e-06, 6.75e-06]",-34.953311709208776,-34.953311709208776,NULL,-999,5.793199432159658e-06,-0.17236950838480125,0
pepe_2025-10-27,pepe,PEPE,2025-10-27T00:00:00Z,7.325360684365505e-06,374815222.5356801,3084384152.061571,13,BNB Chain Ecosystem,fameex,"[9.37e-06, 9.25e-06, 9.43e-06, 9.4e-06, 9.32e-06, 9.78e-06, 1.021e-05, 1.012e-05, 9.77e-06, 9.8e-06, 1.022e-05, 9.47e-06, 9.57e-06, 9.26e-06, 6.69e-06, 6.73e-06, 7.5e-06, 7.85e-06, 7.52e-06, 7.18e-06, 6.87e-06, 6.66e-06, 6.75e-06, 7e-06, 7.15e-06, 6.92e-06, 6.71e-06, 6.94e-06, 7.17e-06, 7.15e-06]",-28.29443985759177,-21.855987578350778,NULL,-999,5.0317098504924535e-06,-0.3131109760599753,0
pepe_2025-11-03,pepe,PEPE,2025-11-03T00:00:00Z,6.7006119898330154e-06,210042682.76331833,2822876596.9457126,13,BNB Chain Ecosystem,fameex,"[1.012e-05, 9.77e-06, 9.8e-06, 1.022e-05, 9.47e-06, 9.57e-06, 9.26e-06, 6.69e-06, 6.73e-06, 7.5e-06, 7.85e-06, 7.52e-06, 7.18e-06, 6.87e-06, 6.66e-06, 6.75e-06, 7e-06, 7.15e-06, 6.92e-06, 6.71e-06, 6.94e-06, 7.17e-06, 7.15e-06, 7.33e-06, 7.13e-06, 6.99e-06, 7.02e-06, 6.44e-06, 6.56e-06, 6.69e-06]",-34.40990051815728,-33.76596328344951,NULL,-999,4.156465545513731e-06,-0.3796886684648466,0
pepe_2025-11-10,pepe,PEPE,2025-11-10T00:00:00Z,6.066593133504831e-06,323496176.7610298,2554197373.9600525,14,BNB Chain Ecosystem,fameex,"[6.69e-06, 6.73e-06, 7.5e-06, 7.85e-06, 7.52e-06, 7.18e-06, 6.87e-06, 6.66e-06, 6.75e-06, 7e-06, 7.15e-06, 6.92e-06, 6.71e-06, 6.94e-06, 7.17e-06, 7.15e-06, 7.33e-06, 7.13e-06, 6.99e-06, 7.02e-06, 6.44e-06, 6.56e-06, 6.69e-06, 6.7e-06, 5.71e-06, 5.6e-06, 5.76e-06, 5.55e-06, 6.2e-06, 6.08e-06]",-22.677184680313843,-9.272113067419818,NULL,-999,3.876053586618052e-06,-0.36108232391402295,0
pepe_2025-11-17,pepe,PEPE,2025-11-17T00:00:00Z,4.873581141256617e-06,349680856.8973697,2053542455.531708,14,BNB Chain Ecosystem,fameex,"[6.66e-06, 6.75e-06, 7e-06, 7.15e-06, 6.92e-06, 6.71e-06, 6.94e-06, 7.17e-06, 7.15e-06, 7.33e-06, 7.13e-06, 6.99e-06, 7.02e-06, 6.44e-06, 6.56e-06, 6.69e-06, 6.7e-06, 5.71e-06, 5.6e-06, 5.76e-06, 5.55e-06, 6.2e-06, 6.08e-06, 6.07e-06, 6.22e-06, 5.84e-06, 5.71e-06, 5.42e-06, 4.9e-06, 4.98e-06]",-33.46974502350054,-26.773042831188633,NULL,-999,4.852926480381347e-06,-0.004238086999397761,0
pepe_2025-11-24,pepe,PEPE,2025-11-24T00:00:00Z,4.1623617946355486e-06,289793336.3481385,1750981240.9592516,14,BNB Chain Ecosystem,fameex,"[7.17e-06, 7.15e-06, 7.33e-06, 7.13e-06, 6.99e-06, 7.02e-06, 6.44e-06, 6.56e-06, 6.69e-06, 6.7e-06, 5.71e-06, 5.6e-06, 5.76e-06, 5.55e-06, 6.2e-06, 6.08e-06, 6.07e-06, 6.22e-06, 5.84e-06, 5.71e-06, 5.42e-06, 4.9e-06, 4.98e-06, 4.87e-06, 4.71e-06, 4.86e-06, 4.76e-06, 4.45e-06, 4.11e-06, 4.12e-06]",-43.17874608523694,-41.95805645103876,NULL,-999,4.183420734328453e-06,0.005059372714799837,1
pepe_2025-12-01,pepe,PEPE,2025-12-01T00:00:00Z,4.543744071567215e-06,212506597.54697263,1915369418.950255,14,BNB Chain Ecosystem,fameex,"[6.56e-06, 6.69e-06, 6.7e-06, 5.71e-06, 5.6e-06, 5.76e-06, 5.55e-06, 6.2e-06, 6.08e-06, 6.07e-06, 6.22e-06, 5.84e-06, 5.71e-06, 5.42e-06, 4.9e-06, 4.98e-06, 4.87e-06, 4.71e-06, 4.86e-06, 4.76e-06, 4.45e-06, 4.11e-06, 4.12e-06, 4.16e-06, 4.56e-06, 4.58e-06, 4.7e-06, 4.71e-06, 4.63e-06, 4.57e-06]",-32.18911827066636,-30.70452264709348,NULL,-999,3.680713709963396e-06,-0.18993815408845094,0
pepe_2025-12-08,pepe,PEPE,2025-12-08T00:00:00Z,4.423289908037424e-06,315066471.7354223,1859400480.3925693,14,BNB Chain Ecosystem,fameex,"[6.2e-06, 6.08e-06, 6.07e-06, 6.22e-06, 5.84e-06, 5.71e-06, 5.42e-06, 4.9e-06, 4.98e-06, 4.87e-06, 4.71e-06, 4.86e-06, 4.76e-06, 4.45e-06, 4.11e-06, 4.12e-06, 4.16e-06, 4.56e-06, 4.58e-06, 4.7e-06, 4.71e-06, 4.63e-06, 4.57e-06, 4.54e-06, 4.05e-06, 4.57e-06, 4.81e-06, 4.77e-06, 4.39e-06, 4.51e-06]",-28.85990928237392,-28.708264907945846,NULL,-999,3.2872329456132896e-06,-0.2568352936487026,0
pepe_2025-12-15,pepe,PEPE,2025-12-15T00:00:00Z,4.171093977317558e-06,251201119.53179175,1754888672.012215,14,BNB Chain Ecosystem,fameex,"[4.9e-06, 4.98e-06, 4.87e-06, 4.71e-06, 4.86e-06, 4.76e-06, 4.45e-06, 4.11e-06, 4.12e-06, 4.16e-06, 4.56e-06, 4.58e-06, 4.7e-06, 4.71e-06, 4.63e-06, 4.57e-06, 4.54e-06, 4.05e-06, 4.57e-06, 4.81e-06, 4.77e-06, 4.39e-06, 4.51e-06, 4.42e-06, 4.75e-06, 4.95e-06, 4.64e-06, 4.6e-06, 4.33e-06, 4.38e-06]",-16.273492394150235,-14.925560895806967,NULL,-999,3.3939799304947213e-06,-0.18630940732785906,0
pepe_2025-12-22,pepe,PEPE,2025-12-22T00:00:00Z,4.023430547801611e-06,239181271.0052156,1691322279.028322,14,BNB Chain Ecosystem,fameex,"[4.11e-06, 4.12e-06, 4.16e-06, 4.56e-06, 4.58e-06, 4.7e-06, 4.71e-06, 4.63e-06, 4.57e-06, 4.54e-06, 4.05e-06, 4.57e-06, 4.81e-06, 4.77e-06, 4.39e-06, 4.51e-06, 4.42e-06, 4.75e-06, 4.95e-06, 4.64e-06, 4.6e-06, 4.33e-06, 4.38e-06, 4.17e-06, 4.06e-06, 4.09e-06, 3.9e-06, 3.72e-06, 4.11e-06, 4.08e-06]",-18.774767635139177,-2.2166582378544297,NULL,-999,3.306848432191666e-06,-0.17810227046207694,0
pepe_2025-12-29,pepe,PEPE,2025-12-29T00:00:00Z,4.172500723560546e-06,172208729.97011536,1755326534.053084,14,BNB Chain Ecosystem,fameex,"[4.63e-06, 4.57e-06, 4.54e-06, 4.05e-06, 4.57e-06, 4.81e-06, 4.77e-06, 4.39e-06, 4.51e-06, 4.42e-06, 4.75e-06, 4.95e-06, 4.64e-06, 4.6e-06, 4.33e-06, 4.38e-06, 4.17e-06, 4.06e-06, 4.09e-06, 3.9e-06, 3.72e-06, 4.11e-06, 4.08e-06, 4.02e-06, 4.01e-06, 3.94e-06, 3.97e-06, 3.9e-06, 4.03e-06, 4.2e-06]",-15.765330906746788,-9.934157486366724,NULL,-999,3.2833225433104546e-06,-0.21310438012131083,0
pepe_2026-01-05,pepe,PEPE,2026-01-05T00:00:00Z,7.194290014724209e-06,1591655557.8826556,3026565866.2943277,12,BNB Chain Ecosystem,fameex,"[4.39e-06, 4.51e-06, 4.42e-06, 4.75e-06, 4.95e-06, 4.64e-06, 4.6e-06, 4.33e-06, 4.38e-06, 4.17e-06, 4.06e-06, 4.09e-06, 3.9e-06, 3.72e-06, 4.11e-06, 4.08e-06, 4.02e-06, 4.01e-06, 3.94e-06, 3.97e-06, 3.9e-06, 4.03e-06, 4.2e-06, 4.17e-06, 4.07e-06, 4.14e-06, 4.03e-06, 4.94e-06, 6.02e-06, 6.09e-06]",18.086980722974367,63.96392820100416,NULL,-999,3.4056560630726765e-06,-0.5266167952497769,0
pepe_2026-01-12,pepe,PEPE,2026-01-12T00:00:00Z,5.804761770492265e-06,329889348.6722873,2442005229.228391,13,BNB Chain Ecosystem,fameex,"[4.33e-06, 4.38e-06, 4.17e-06, 4.06e-06, 4.09e-06, 3.9e-06, 3.72e-06, 4.11e-06, 4.08e-06, 4.02e-06, 4.01e-06, 3.94e-06, 3.97e-06, 3.9e-06, 4.03e-06, 4.2e-06, 4.17e-06, 4.07e-06, 4.14e-06, 4.03e-06, 4.94e-06, 6.02e-06, 6.09e-06, 7.19e-06, 6.98e-06, 6.68e-06, 6.54e-06, 6.09e-06, 6.11e-06, 5.95e-06]",-19.314320681930575,34.0773216053176,NULL,-999,3.637011453661764e-06,-0.37344345944565227,0
pepe_2026-01-19,pepe,PEPE,2026-01-19T00:00:00Z,5.303720652702123e-06,306783427.244991,2231222241.3852563,13,BNB Chain Ecosystem,fameex,"[4.11e-06, 4.08e-06, 4.02e-06, 4.01e-06, 3.94e-06, 3.97e-06, 3.9e-06, 4.03e-06, 4.2e-06, 4.17e-06, 4.07e-06, 4.14e-06, 4.03e-06, 4.94e-06, 6.02e-06, 6.09e-06, 7.19e-06, 6.98e-06, 6.68e-06, 6.54e-06, 6.09e-06, 6.11e-06, 5.95e-06, 5.8e-06, 5.73e-06, 6.67e-06, 6.24e-06, 5.92e-06, 5.93e-06, 5.79e-06]",-26.27874825942168,29.068177893677127,NULL,-999,3.7762932069784e-06,-0.287991684657361,0
pepe_2026-01-26,pepe,PEPE,2026-01-26T00:00:00Z,4.717826564004961e-06,357773087.61264074,1984742457.2112472,13,BNB Chain Ecosystem,fameex,"[4.03e-06, 4.2e-06, 4.17e-06, 4.07e-06, 4.14e-06, 4.03e-06, 4.94e-06, 6.02e-06, 6.09e-06, 7.19e-06, 6.98e-06, 6.68e-06, 6.54e-06, 6.09e-06, 6.11e-06, 5.95e-06, 5.8e-06, 5.73e-06, 6.67e-06, 6.24e-06, 5.92e-06, 5.93e-06, 5.79e-06, 5.3e-06, 5.28e-06, 4.99e-06, 5.17e-06, 4.96e-06, 5.04e-06, 5.03e-06]",-34.422624687784186,17.03421963991021,NULL,-999,3.852075623488346e-06,-0.18350630926578182,0
pepe_2026-02-02,pepe,PEPE,2026-02-02T00:00:00Z,4.178603759315912e-06,379998296.07065856,1757896815.5066109,13,BNB Chain Ecosystem,fameex,"[6.02e-06, 6.09e-06, 7.19e-06, 6.98e-06, 6.68e-06, 6.54e-06, 6.09e-06, 6.11e-06, 5.95e-06, 5.8e-06, 5.73e-06, 6.67e-06, 6.24e-06, 5.92e-06, 5.93e-06, 5.79e-06, 5.3e-06, 5.28e-06, 4.99e-06, 5.17e-06, 4.96e-06, 5.04e-06, 5.03e-06, 4.72e-06, 5.02e-06, 5.04e-06, 5e-06, 4.75e-06, 4.64e-06, 4.16e-06]",-41.91777436322746,-30.572152477348304,NULL,-999,3.99169556802573e-06,-0.04472981935017961,0
pepe_2026-02-09,pepe,PEPE,2026-02-09T00:00:00Z,3.8068949100166483e-06,243873855.2332156,1601522619.6949039,13,BNB Chain Ecosystem,fameex,"[6.11e-06, 5.95e-06, 5.8e-06, 5.73e-06, 6.67e-06, 6.24e-06, 5.92e-06, 5.93e-06, 5.79e-06, 5.3e-06, 5.28e-06, 4.99e-06, 5.17e-06, 4.96e-06, 5.04e-06, 5.03e-06, 4.72e-06, 5.02e-06, 5.04e-06, 5e-06, 4.75e-06, 4.64e-06, 4.16e-06, 4.18e-06, 4.26e-06, 4.12e-06, 4.21e-06, 3.45e-06, 3.91e-06, 3.88e-06]",-42.89902069319348,-37.647733877998505,NULL,-999,4.245566262076226e-06,0.11523074905623254,1
pepe_2026-02-16,pepe,PEPE,2026-02-16T00:00:00Z,4.428844681661679e-06,807608183.3677251,1863170669.1282518,13,BNB Chain Ecosystem,fameex,"[5.93e-06, 5.79e-06, 5.3e-06, 5.28e-06, 4.99e-06, 5.17e-06, 4.96e-06, 5.04e-06, 5.03e-06, 4.72e-06, 5.02e-06, 5.04e-06, 5e-06, 4.75e-06, 4.64e-06, 4.16e-06, 4.18e-06, 4.26e-06, 4.12e-06, 4.21e-06, 3.45e-06, 3.91e-06, 3.88e-06, 3.81e-06, 3.82e-06, 3.66e-06, 3.6e-06, 3.75e-06, 3.81e-06, 4.85e-06]",-25.35210437490608,-25.35210437490608,NULL,-999,3.7613181205874216e-06,-0.15072250418675892,0
pepe_2026-02-23,pepe,PEPE,2026-02-23T00:00:00Z,3.9551556964668855e-06,177409868.71763393,1663894449.946654,13,BNB Chain Ecosystem,fameex,"[5.04e-06, 5.03e-06, 4.72e-06, 5.02e-06, 5.04e-06, 5e-06, 4.75e-06, 4.64e-06, 4.16e-06, 4.18e-06, 4.26e-06, 4.12e-06, 4.21e-06, 3.45e-06, 3.91e-06, 3.88e-06, 3.81e-06, 3.82e-06, 3.66e-06, 3.6e-06, 3.75e-06, 3.81e-06, 4.85e-06, 4.43e-06, 4.49e-06, 4.42e-06, 4.25e-06, 4.26e-06, 4.28e-06, 4.18e-06]",-21.5932852383112,-21.5932852383112,NULL,-999,3.6425150485004692e-06,-0.0790463566948062,0
pepe_2026-03-02,pepe,PEPE,2026-03-02T00:00:00Z,3.478116834343331e-06,333197073.1451588,1463208971.0398958,14,BNB Chain Ecosystem,fameex,"[4.64e-06, 4.16e-06, 4.18e-06, 4.26e-06, 4.12e-06, 4.21e-06, 3.45e-06, 3.91e-06, 3.88e-06, 3.81e-06, 3.82e-06, 3.66e-06, 3.6e-06, 3.75e-06, 3.81e-06, 4.85e-06, 4.43e-06, 4.49e-06, 4.42e-06, 4.25e-06, 4.26e-06, 4.28e-06, 4.18e-06, 3.96e-06, 4.01e-06, 3.98e-06, 4.16e-06, 3.84e-06, 3.71e-06, 3.68e-06]",-28.329496677847523,-25.06085086317572,NULL,-999,3.4109189630360634e-06,-0.01932018805226665,0
pepe_2026-03-09,pepe,PEPE,2026-03-09T00:00:00Z,3.226056187317935e-06,214079118.74348706,1357169577.4427822,14,BNB Chain Ecosystem,fameex,"[3.91e-06, 3.88e-06, 3.81e-06, 3.82e-06, 3.66e-06, 3.6e-06, 3.75e-06, 3.81e-06, 4.85e-06, 4.43e-06, 4.49e-06, 4.42e-06, 4.25e-06, 4.26e-06, 4.28e-06, 4.18e-06, 3.96e-06, 4.01e-06, 3.98e-06, 4.16e-06, 3.84e-06, 3.71e-06, 3.68e-06, 3.48e-06, 3.54e-06, 3.48e-06, 3.67e-06, 3.5e-06, 3.42e-06, 3.29e-06]",-33.52348937574614,-17.47155514795413,NULL,-999,2.6826428437057534e-06,-0.16844509582579903,0
pepe_2026-03-16,pepe,PEPE,2026-03-16T00:00:00Z,3.5045903839323353e-06,207888125.24811515,1474346128.6164942,14,BNB Chain Ecosystem,fameex,"[3.81e-06, 4.85e-06, 4.43e-06, 4.49e-06, 4.42e-06, 4.25e-06, 4.26e-06, 4.28e-06, 4.18e-06, 3.96e-06, 4.01e-06, 3.98e-06, 4.16e-06, 3.84e-06, 3.71e-06, 3.68e-06, 3.48e-06, 3.54e-06, 3.48e-06, 3.67e-06, 3.5e-06, 3.42e-06, 3.29e-06, 3.23e-06, 3.29e-06, 3.32e-06, 3.33e-06, 3.37e-06, 3.38e-06, 3.39e-06]",-27.783979458577303,-8.001303279909521,NULL,-999,2.8542418386552567e-06,-0.1855704872839813,0
pepe_2026-03-23,pepe,PEPE,2026-03-23T00:00:00Z,3.3226263803420553e-06,204389360.16769215,1397795691.9460993,14,BNB Chain Ecosystem,fameex,"[4.28e-06, 4.18e-06, 3.96e-06, 4.01e-06, 3.98e-06, 4.16e-06, 3.84e-06, 3.71e-06, 3.68e-06, 3.48e-06, 3.54e-06, 3.48e-06, 3.67e-06, 3.5e-06, 3.42e-06, 3.29e-06, 3.23e-06, 3.29e-06, 3.32e-06, 3.33e-06, 3.37e-06, 3.38e-06, 3.39e-06, 3.5e-06, 4e-06, 3.69e-06, 3.54e-06, 3.44e-06, 3.42e-06, 3.31e-06]",-22.393117322388022,-22.393117322388022,NULL,-999,2.8319188522902262e-06,-0.1476866405910231,0
pepe_2026-03-30,pepe,PEPE,2026-03-30T00:00:00Z,3.276576735007798e-06,159965852.11187053,1378423066.6504304,14,BNB Chain Ecosystem,fameex,"[3.71e-06, 3.68e-06, 3.48e-06, 3.54e-06, 3.48e-06, 3.67e-06, 3.5e-06, 3.42e-06, 3.29e-06, 3.23e-06, 3.29e-06, 3.32e-06, 3.33e-06, 3.37e-06, 3.38e-06, 3.39e-06, 3.5e-06, 4e-06, 3.69e-06, 3.54e-06, 3.44e-06, 3.42e-06, 3.31e-06, 3.32e-06, 3.48e-06, 3.57e-06, 3.57e-06, 3.44e-06, 3.28e-06, 3.28e-06]",-18.018268179096953,-11.645794689791412,NULL,-999,2.3731192283243404e-06,-0.2757321374563527,0
pepe_2026-04-06,pepe,PEPE,2026-04-06T00:00:00Z,3.5171034104809784e-06,186075271.834708,1479610233.7552428,13,BNB Chain Ecosystem,fameex,"[3.42e-06, 3.29e-06, 3.23e-06, 3.29e-06, 3.32e-06, 3.33e-06, 3.37e-06, 3.38e-06, 3.39e-06, 3.5e-06, 4e-06, 3.69e-06, 3.54e-06, 3.44e-06, 3.42e-06, 3.31e-06, 3.32e-06, 3.48e-06, 3.57e-06, 3.57e-06, 3.44e-06, 3.28e-06, 3.28e-06, 3.28e-06, 3.32e-06, 3.4e-06, 3.4e-06, 3.34e-06, 3.41e-06, 3.41e-06]",-12.000159952381262,2.985898731624248,NULL,-999,2.730831330929959e-06,-0.223556713518268,0
pepe_2026-04-13,pepe,PEPE,2026-04-13T00:00:00Z,3.4625361407793403e-06,226449342.38936818,1456654329.0644608,13,BNB Chain Ecosystem,fameex,"[3.38e-06, 3.39e-06, 3.5e-06, 4e-06, 3.69e-06, 3.54e-06, 3.44e-06, 3.42e-06, 3.31e-06, 3.32e-06, 3.48e-06, 3.57e-06, 3.57e-06, 3.44e-06, 3.28e-06, 3.28e-06, 3.28e-06, 3.32e-06, 3.4e-06, 3.4e-06, 3.34e-06, 3.41e-06, 3.41e-06, 3.52e-06, 3.33e-06, 3.73e-06, 3.54e-06, 3.52e-06, 3.63e-06, 3.64e-06]",-13.365462715805766,2.3823989225171704,NULL,-999,2.7080688170658558e-06,-0.21789442565750972,0
pepe_2026-04-20,pepe,PEPE,2026-04-20T00:00:00Z,3.6518019009214397e-06,355413330.647394,1536276541.6986406,13,BNB Chain Ecosystem,fameex,"[3.42e-06, 3.31e-06, 3.32e-06, 3.48e-06, 3.57e-06, 3.57e-06, 3.44e-06, 3.28e-06, 3.28e-06, 3.28e-06, 3.32e-06, 3.4e-06, 3.4e-06, 3.34e-06, 3.41e-06, 3.41e-06, 3.52e-06, 3.33e-06, 3.73e-06, 3.54e-06, 3.52e-06, 3.63e-06, 3.64e-06, 3.46e-06, 3.76e-06, 3.58e-06, 3.72e-06, 3.99e-06, 3.96e-06, 3.78e-06]",-8.402946322819338,6.918460846513708,NULL,-999,2.7536072538354787e-06,-0.2459593021350157,0
pepe_2026-04-27,pepe,PEPE,2026-04-27T00:00:00Z,3.902350827994676e-06,216145673.63068223,1641679969.82908,13,BNB Chain Ecosystem,fameex,"[3.28e-06, 3.28e-06, 3.28e-06, 3.32e-06, 3.4e-06, 3.4e-06, 3.34e-06, 3.41e-06, 3.41e-06, 3.52e-06, 3.33e-06, 3.73e-06, 3.54e-06, 3.52e-06, 3.63e-06, 3.64e-06, 3.46e-06, 3.76e-06, 3.58e-06, 3.72e-06, 3.99e-06, 3.96e-06, 3.78e-06, 3.65e-06, 3.76e-06, 3.81e-06, 3.8e-06, 3.83e-06, 3.86e-06, 3.85e-06]",-2.1185026031048437,19.048537553129407,NULL,-999,2.741055236121658e-06,-0.29758872101967826,0
pepe_2026-05-04,pepe,PEPE,2026-05-04T00:00:00Z,3.941275367992178e-06,178231279.07790467,1658055134.5606294,12,BNB Chain Ecosystem,fameex,"[3.41e-06, 3.41e-06, 3.52e-06, 3.33e-06, 3.73e-06, 3.54e-06, 3.52e-06, 3.63e-06, 3.64e-06, 3.46e-06, 3.76e-06, 3.58e-06, 3.72e-06, 3.99e-06, 3.96e-06, 3.78e-06, 3.65e-06, 3.76e-06, 3.81e-06, 3.8e-06, 3.83e-06, 3.86e-06, 3.85e-06, 3.9e-06, 3.91e-06, 3.88e-06, 3.85e-06, 3.87e-06, 3.94e-06, 3.99e-06]",-1.263127389709462,15.482408997161535,NULL,-999,2.7720062262915155e-06,-0.29667278546343456,0
pepe_2026-05-11,pepe,PEPE,2026-05-11T00:00:00Z,4.408021078400034e-06,422833512.30570835,1854410387.4721103,13,BNB Chain Ecosystem,fameex,"[3.63e-06, 3.64e-06, 3.46e-06, 3.76e-06, 3.58e-06, 3.72e-06, 3.99e-06, 3.96e-06, 3.78e-06, 3.65e-06, 3.76e-06, 3.81e-06, 3.8e-06, 3.83e-06, 3.86e-06, 3.85e-06, 3.9e-06, 3.91e-06, 3.88e-06, 3.85e-06, 3.87e-06, 3.94e-06, 3.99e-06, 3.94e-06, 3.99e-06, 4.11e-06, 4.16e-06, 4.16e-06, 4.32e-06, 4.25e-06]",2.096710637563204,21.54582716080482,NULL,-999,2.853034193568736e-06,-0.3527630329289866,0
pepe_2026-05-18,pepe,PEPE,2026-05-18T00:00:00Z,3.673814964673224e-06,170635424.51644674,1545537217.4883785,13,BNB Chain Ecosystem,fameex,"[3.96e-06, 3.78e-06, 3.65e-06, 3.76e-06, 3.81e-06, 3.8e-06, 3.83e-06, 3.86e-06, 3.85e-06, 3.9e-06, 3.91e-06, 3.88e-06, 3.85e-06, 3.87e-06, 3.94e-06, 3.99e-06, 3.94e-06, 3.99e-06, 4.11e-06, 4.16e-06, 4.16e-06, 4.32e-06, 4.25e-06, 4.41e-06, 4.34e-06, 4.14e-06, 4.05e-06, 4.09e-06, 3.9e-06, 3.76e-06]",-16.656138903793593,-7.240135120518176,NULL,-999,2.624251309192135e-06,-0.2856876749573709,0
pepe_2026-05-25,pepe,PEPE,2026-05-25T00:00:00Z,3.57449940946505e-06,119612518.61933812,1503756156.5678518,13,BNB Chain Ecosystem,fameex,"[3.86e-06, 3.85e-06, 3.9e-06, 3.91e-06, 3.88e-06, 3.85e-06, 3.87e-06, 3.94e-06, 3.99e-06, 3.94e-06, 3.99e-06, 4.11e-06, 4.16e-06, 4.16e-06, 4.32e-06, 4.25e-06, 4.41e-06, 4.34e-06, 4.14e-06, 4.05e-06, 4.09e-06, 3.9e-06, 3.76e-06, 3.67e-06, 3.69e-06, 3.64e-06, 3.71e-06, 3.8e-06, 3.6e-06, 3.64e-06]",-18.909203338871617,-7.496703686312689,NULL,-999,4.06845378692657e-06,0.1381884065090513,1
pepe_2026-06-01,pepe,PEPE,2026-06-01T00:00:00Z,3.4207166733245775e-06,119588290.26198906,1439061297.3009164,13,BNB Chain Ecosystem,fameex,"[3.94e-06, 3.99e-06, 3.94e-06, 3.99e-06, 4.11e-06, 4.16e-06, 4.16e-06, 4.32e-06, 4.25e-06, 4.41e-06, 4.34e-06, 4.14e-06, 4.05e-06, 4.09e-06, 3.9e-06, 3.76e-06, 3.67e-06, 3.69e-06, 3.64e-06, 3.71e-06, 3.8e-06, 3.6e-06, 3.64e-06, 3.57e-06, 3.59e-06, 3.51e-06, 3.47e-06, 3.38e-06, 3.38e-06, 3.41e-06]",-22.39790571586412,-13.106357409384572,NULL,-999,3.6570044715956477e-06,0.06907552446938658,1
pepe_2026-06-08,pepe,PEPE,2026-06-08T00:00:00Z,2.8148106685632374e-06,214951549.28329524,1184162700.1578684,13,BNB Chain Ecosystem,fameex,"[4.32e-06, 4.25e-06, 4.41e-06, 4.34e-06, 4.14e-06, 4.05e-06, 4.09e-06, 3.9e-06, 3.76e-06, 3.67e-06, 3.69e-06, 3.64e-06, 3.71e-06, 3.8e-06, 3.6e-06, 3.64e-06, 3.57e-06, 3.59e-06, 3.51e-06, 3.47e-06, 3.38e-06, 3.38e-06, 3.41e-06, 3.42e-06, 3.41e-06, 3.11e-06, 3.12e-06, 2.95e-06, 2.69e-06, 2.68e-06]",-36.143439005856095,-34.804551698709844,NULL,-999,3.6093556251917255e-06,0.2822729661721963,1
